wordlen,sent_id,speaker,old_split,in_sst,in_spog,old_name,letters,doc,split
8,Gos002.s110,Zm-prof-01084,train,true,false,JIfajzakhu,JI,Gos002,train
36,Gos002.s112,Zm-prof-01084,train,true,false,JIfajzakhu,JI,Gos002,train
6,Gos002.s113,Zm-prof-01084,train,true,false,JIfajzakhu,JI,Gos002,train
35,Gos002.s114,Zm-prof-01084,train,true,false,JIfajzakhu,JI,Gos002,train
18,Gos002.s115,Zm-prof-01084,train,true,false,JIfajzakhu,JI,Gos002,train
25,Gos002.s116,Zm-prof-01084,train,true,false,JIfajzakhu,JI,Gos002,train
23,Gos003.s201,Um-pred-01619,train,true,false,JIfajzaknr,JI,Gos003,train
15,Gos003.s202,Um-pred-01619,train,true,false,JIfajzaknr,JI,Gos003,train
32,Gos003.s203,Um-pred-01619,train,true,false,JIfajzaknr,JI,Gos003,train
20,Gos003.s204,Um-pred-01619,train,true,false,JIfajzaknr,JI,Gos003,train
22,Gos003.s205,Um-pred-01619,train,true,false,JIfajzaknr,JI,Gos003,train
38,Gos003.s207,Um-pred-01619,train,true,false,JIfajzaknr,JI,Gos003,train
15,Gos003.s208,Um-pred-01619,train,true,false,JIfajzaknr,JI,Gos003,train
27,Gos003.s210,Um-pred-01619,train,true,false,JIfajzaknr,JI,Gos003,train
21,Gos003.s211,Um-pred-01619,train,true,false,JIfajzaknr,JI,Gos003,train
3,Gos005.s1,Am-mode-05666,train,true,false,JIfasvakdr,JI,Gos005,train
16,Gos005.s2,Am-mode-05666,train,true,false,JIfasvakdr,JI,Gos005,train
13,Gos005.s3,Am-mode-05666,train,true,false,JIfasvakdr,JI,Gos005,train
29,Gos005.s4,Am-mode-05666,train,true,false,JIfasvakdr,JI,Gos005,train
46,Gos005.s5,Am-mode-05666,train,true,false,JIfasvakdr,JI,Gos005,train
3,Gos005.s6,Bf-pred-05667,train,true,false,JIfasvakdr,JI,Gos005,train
23,Gos005.s8,Am-mode-05666,train,true,false,JIfasvakdr,JI,Gos005,train
26,Gos006.s123,Am-pred-05665,train,true,false,JIfasvakhu,JI,Gos006,train
58,Gos006.s124,Am-pred-05665,train,true,false,JIfasvakhu,JI,Gos006,train
33,Gos006.s125,Am-pred-05665,train,true,false,JIfasvakhu,JI,Gos006,train
48,Gos006.s126,Am-pred-05665,train,true,false,JIfasvakhu,JI,Gos006,train
52,Gos007.s173,Tm-pred-06583,train,true,false,JIfasvaknr,JI,Gos007,train
28,Gos007.s174,Tm-pred-06583,train,true,false,JIfasvaknr,JI,Gos007,train
65,Gos007.s175,Tm-pred-06583,train,true,false,JIfasvaknr,JI,Gos007,train
65,Gos007.s176,Tm-pred-06583,train,true,false,JIfasvaknr,JI,Gos007,train
11,Gos007.s177,Tm-pred-06583,train,true,false,JIfasvaknr,JI,Gos007,train
17,Gos007.s178,Tm-pred-06583,train,true,false,JIfasvaknr,JI,Gos007,train
16,Gos008.s63,Pm-pred-09040,train,true,false,JIfasvaknr,JI,Gos008,train
49,Gos008.s64,Pm-pred-09040,train,true,false,JIfasvaknr,JI,Gos008,train
27,Gos008.s65,Pm-pred-09040,train,true,false,JIfasvaknr,JI,Gos008,train
30,Gos012.s229,Af-prof-02215,train,true,false,JIosjzdrna,JI,Gos012,train
4,Gos012.s230,Cf-ucen-02217,train,true,false,JIosjzdrna,JI,Gos012,train
29,Gos012.s231,Af-prof-02215,train,true,false,JIosjzdrna,JI,Gos012,train
9,Gos012.s232,Gm-ucen-02221,train,true,false,JIosjzdrna,JI,Gos012,train
18,Gos012.s233,Af-prof-02215,train,true,false,JIosjzdrna,JI,Gos012,train
17,Gos012.s234,Af-prof-02215,train,true,false,JIosjzdrna,JI,Gos012,train
8,Gos013.s146,Ff-ucen-05658,train,true,false,JIosjzdrna,JI,Gos013,train
3,Gos013.s147,Cm-ucen-05655,train,true,false,JIosjzdrna,JI,Gos013,train
4,Gos013.s148,Am-prof-05653,train,true,false,JIosjzdrna,JI,Gos013,train
4,Gos013.s149,Ff-ucen-05658,train,true,false,JIosjzdrna,JI,Gos013,train
8,Gos013.s151,Dm-ucen-05656,train,true,false,JIosjzdrna,JI,Gos013,train
12,Gos013.s152,Gf-ucen-05659,train,true,false,JIosjzdrna,JI,Gos013,train
23,Gos013.s153,Am-prof-05653,train,true,false,JIosjzdrna,JI,Gos013,train
10,Gos013.s155,Am-prof-05653,train,true,false,JIosjzdrna,JI,Gos013,train
4,Gos013.s156,Am-prof-05653,train,true,false,JIosjzdrna,JI,Gos013,train
2,Gos013.s158,Ff-ucen-05658,train,true,false,JIosjzdrna,JI,Gos013,train
8,Gos013.s159,Am-prof-05653,train,true,false,JIosjzdrna,JI,Gos013,train
27,Gos013.s160,Am-prof-05653,train,true,false,JIosjzdrna,JI,Gos013,train
9,Gos013.s161,Am-prof-05653,train,true,false,JIosjzdrna,JI,Gos013,train
6,Gos013.s162,Am-prof-05653,train,true,false,JIosjzdrna,JI,Gos013,train
3,Gos013.s163,Hf-ucen-05660,train,true,false,JIosjzdrna,JI,Gos013,train
9,Gos013.s165,Am-prof-05653,train,true,false,JIosjzdrna,JI,Gos013,train
2,Gos013.s167,Pn-vsiucenci-10000,train,true,false,JIosjzdrna,JI,Gos013,train
15,Gos013.s168,Am-prof-05653,train,true,false,JIosjzdrna,JI,Gos013,train
8,Gos013.s169,Am-prof-05653,train,true,false,JIosjzdrna,JI,Gos013,train
2,Gos013.s170,Gf-ucen-05659,train,true,false,JIosjzdrna,JI,Gos013,train
2,Gos013.s171,Pn-vsiucenci-10000,train,true,false,JIosjzdrna,JI,Gos013,train
6,Gos013.s172,Am-prof-05653,train,true,false,JIosjzdrna,JI,Gos013,train
2,Gos013.s173,Pn-vsiucenci-10000,train,true,false,JIosjzdrna,JI,Gos013,train
21,Gos013.s174,Am-prof-05653,train,true,false,JIosjzdrna,JI,Gos013,train
2,Gos014.s618,Bm-ucen-07181,train,true,false,JIosjzdrna,JI,Gos014,train
27,Gos014.s619,Cf-ucen-07182,train,true,false,JIosjzdrna,JI,Gos014,train
13,Gos014.s620,Af-prof-07180,train,true,false,JIosjzdrna,JI,Gos014,train
2,Gos014.s621,Cf-ucen-07182,train,true,false,JIosjzdrna,JI,Gos014,train
2,Gos014.s622,Cf-ucen-07182,train,true,false,JIosjzdrna,JI,Gos014,train
8,Gos014.s623,Af-prof-07180,train,true,false,JIosjzdrna,JI,Gos014,train
12,Gos014.s624,Cf-ucen-07182,train,true,false,JIosjzdrna,JI,Gos014,train
11,Gos014.s625,Af-prof-07180,train,true,false,JIosjzdrna,JI,Gos014,train
2,Gos014.s626,Cf-ucen-07182,train,true,false,JIosjzdrna,JI,Gos014,train
3,Gos014.s628,Cf-ucen-07182,train,true,false,JIosjzdrna,JI,Gos014,train
3,Gos014.s629,Af-prof-07180,train,true,false,JIosjzdrna,JI,Gos014,train
3,Gos014.s630,Cf-ucen-07182,train,true,false,JIosjzdrna,JI,Gos014,train
2,Gos014.s632,Cf-ucen-07182,train,true,false,JIosjzdrna,JI,Gos014,train
7,Gos014.s633,Af-prof-07180,train,true,false,JIosjzdrna,JI,Gos014,train
6,Gos014.s634,Af-prof-07180,train,true,false,JIosjzdrna,JI,Gos014,train
3,Gos014.s635,Hm-ucen-07187,train,true,false,JIosjzdrna,JI,Gos014,train
2,Gos014.s636,Af-prof-07180,train,true,false,JIosjzdrna,JI,Gos014,train
3,Gos014.s637,Hm-ucen-07187,train,true,false,JIosjzdrna,JI,Gos014,train
3,Gos014.s638,Af-prof-07180,train,true,false,JIosjzdrna,JI,Gos014,train
6,Gos014.s639,Af-prof-07180,train,true,false,JIosjzdrna,JI,Gos014,train
6,Gos014.s640,Dm-ucen-07183,train,true,false,JIosjzdrna,JI,Gos014,train
5,Gos014.s641,Hm-ucen-07187,train,true,false,JIosjzdrna,JI,Gos014,train
29,Gos014.s642,Af-prof-07180,train,true,false,JIosjzdrna,JI,Gos014,train
2,Gos014.s644,Af-prof-07180,train,true,false,JIosjzdrna,JI,Gos014,train
4,Gos014.s645,Af-prof-07180,train,true,false,JIosjzdrna,JI,Gos014,train
8,Gos014.s646,Hm-ucen-07187,train,true,false,JIosjzdrna,JI,Gos014,train
21,Gos014.s647,Hm-ucen-07187,train,true,false,JIosjzdrna,JI,Gos014,train
12,Gos015.s63,Af-prof-02245,train,true,false,JIosjztrdr,JI,Gos015,train
2,Gos015.s64,Om-ucen-02259,train,true,false,JIosjztrdr,JI,Gos015,train
9,Gos015.s65,Af-prof-02245,train,true,false,JIosjztrdr,JI,Gos015,train
16,Gos015.s66,Af-prof-02245,train,true,false,JIosjztrdr,JI,Gos015,train
11,Gos015.s67,Af-prof-02245,train,true,false,JIosjztrdr,JI,Gos015,train
4,Gos015.s68,Af-prof-02245,train,true,false,JIosjztrdr,JI,Gos015,train
5,Gos015.s69,Ff-ucen-02250,train,true,false,JIosjztrdr,JI,Gos015,train
31,Gos015.s71,Af-prof-02245,train,true,false,JIosjztrdr,JI,Gos015,train
2,Gos015.s72,Af-prof-02245,train,true,false,JIosjztrdr,JI,Gos015,train
4,Gos015.s73,Ff-ucen-02250,train,true,false,JIosjztrdr,JI,Gos015,train
4,Gos015.s74,Af-prof-02245,train,true,false,JIosjztrdr,JI,Gos015,train
7,Gos015.s75,Af-prof-02245,train,true,false,JIosjztrdr,JI,Gos015,train
11,Gos015.s76,Sm-ucen-02261,train,true,false,JIosjztrdr,JI,Gos015,train
3,Gos015.s77,Af-prof-02245,train,true,false,JIosjztrdr,JI,Gos015,train
11,Gos015.s78,Sm-ucen-02261,train,true,false,JIosjztrdr,JI,Gos015,train
19,Gos017.s275,If-ucen-07112,train,true,false,JIossltrdr,JI,Gos017,train
34,Gos017.s276,If-ucen-07112,train,true,false,JIossltrdr,JI,Gos017,train
16,Gos017.s277,If-ucen-07112,train,true,false,JIossltrdr,JI,Gos017,train
7,Gos017.s278,If-ucen-07112,train,true,false,JIossltrdr,JI,Gos017,train
2,Gos017.s279,Om-ucen-07118,train,true,false,JIossltrdr,JI,Gos017,train
38,Gos017.s280,Rm-ucen-07121,train,true,false,JIossltrdr,JI,Gos017,train
4,Gos017.s281,Af-prof-07104,train,true,false,JIossltrdr,JI,Gos017,train
10,Gos017.s282,Rm-ucen-07121,train,true,false,JIossltrdr,JI,Gos017,train
5,Gos017.s283,Af-prof-07104,train,true,false,JIossltrdr,JI,Gos017,train
13,Gos017.s284,Rm-ucen-07121,train,true,false,JIossltrdr,JI,Gos017,train
4,Gos017.s285,Af-prof-07104,train,true,false,JIossltrdr,JI,Gos017,train
19,Gos017.s286,Af-prof-07104,train,true,false,JIossltrdr,JI,Gos017,train
27,Gos017.s287,Tm-ucen-07123,train,true,false,JIossltrdr,JI,Gos017,train
26,Gos020.s392,Mf-prof-01061,train,true,false,JIossvtrdr,JI,Gos020,train
6,Gos020.s394,Mf-prof-01061,train,true,false,JIossvtrdr,JI,Gos020,train
2,Gos020.s395,Mf-prof-01061,train,true,false,JIossvtrdr,JI,Gos020,train
13,Gos020.s396,Jm-ucen-01064,train,true,false,JIossvtrdr,JI,Gos020,train
4,Gos020.s398,Mf-prof-01061,train,true,false,JIossvtrdr,JI,Gos020,train
9,Gos020.s399,Jm-ucen-01064,train,true,false,JIossvtrdr,JI,Gos020,train
6,Gos020.s400,Jm-ucen-01064,train,true,false,JIossvtrdr,JI,Gos020,train
2,Gos020.s401,Mf-prof-01061,train,true,false,JIossvtrdr,JI,Gos020,train
10,Gos020.s402,Jm-ucen-01064,train,true,false,JIossvtrdr,JI,Gos020,train
4,Gos020.s403,Jm-ucen-01064,train,true,false,JIossvtrdr,JI,Gos020,train
5,Gos020.s404,Tf-ucen-01069,train,true,false,JIossvtrdr,JI,Gos020,train
25,Gos020.s405,Mf-prof-01061,train,true,false,JIossvtrdr,JI,Gos020,train
2,Gos020.s406,Pn-vsiucenci-10000,train,true,false,JIossvtrdr,JI,Gos020,train
19,Gos020.s407,Mf-prof-01061,train,true,false,JIossvtrdr,JI,Gos020,train
2,Gos020.s408,Jm-ucen-01064,train,true,false,JIossvtrdr,JI,Gos020,train
14,Gos020.s409,Mf-prof-01061,train,true,false,JIossvtrdr,JI,Gos020,train
2,Gos020.s410,Pn-vsiucenci-10000,train,true,false,JIossvtrdr,JI,Gos020,train
46,Gos020.s411,Mf-prof-01061,train,true,false,JIossvtrdr,JI,Gos020,train
4,Gos022.s119,Fm-ucen-01627,train,true,false,JIossvtrna,JI,Gos022,train
6,Gos022.s120,Pf-ucen-01626,train,true,false,JIossvtrna,JI,Gos022,train
13,Gos022.s121,Um-prof-01624,train,true,false,JIossvtrna,JI,Gos022,train
11,Gos022.s123,Um-prof-01624,train,true,false,JIossvtrna,JI,Gos022,train
9,Gos022.s125,Um-prof-01624,train,true,false,JIossvtrna,JI,Gos022,train
10,Gos022.s127,Um-prof-01624,train,true,false,JIossvtrna,JI,Gos022,train
23,Gos022.s128,Um-prof-01624,train,true,false,JIossvtrna,JI,Gos022,train
21,Gos022.s129,Um-prof-01624,train,true,false,JIossvtrna,JI,Gos022,train
2,Gos022.s131,Um-prof-01624,train,true,false,JIossvtrna,JI,Gos022,train
16,Gos022.s133,Um-prof-01624,train,true,false,JIossvtrna,JI,Gos022,train
11,Gos022.s134,Um-prof-01624,train,true,false,JIossvtrna,JI,Gos022,train
20,Gos023.s70,Lm-posl-05528,train,true,false,JIrajzakjp,JI,Gos023,train
12,Gos023.s71,Am-mode-05517,train,true,false,JIrajzakjp,JI,Gos023,train
22,Gos023.s72,Lm-posl-05528,train,true,false,JIrajzakjp,JI,Gos023,train
16,Gos024.s25,Em-mode-05517,train,true,false,JIrajzakjp,JI,Gos024,train
10,Gos024.s26,Em-mode-05517,train,true,false,JIrajzakjp,JI,Gos024,train
36,Gos024.s27,Em-mode-05517,train,true,false,JIrajzakjp,JI,Gos024,train
5,Gos024.s28,Af-novi-05533,train,true,false,JIrajzakjp,JI,Gos024,train
36,Gos025.s97,Mf-posl-05556,train,true,false,JIrajzakjp,JI,Gos025,train
4,Gos025.s98,Fm-mode-05517,train,true,false,JIrajzakjp,JI,Gos025,train
8,Gos025.s99,Mf-posl-05556,train,true,false,JIrajzakjp,JI,Gos025,train
2,Gos025.s100,Fm-mode-05517,train,true,false,JIrajzakjp,JI,Gos025,train
12,Gos025.s101,Fm-mode-05517,train,true,false,JIrajzakjp,JI,Gos025,train
2,Gos028.s37,Jm-anke-05585,train,true,false,JIrajzakjp,JI,Gos028,train
12,Gos028.s38,Jm-anke-05585,train,true,false,JIrajzakjp,JI,Gos028,train
32,Gos028.s39,Kf-anke-05586,train,true,false,JIrajzakjp,JI,Gos028,train
3,Gos028.s40,Lm-anke-05587,train,true,false,JIrajzakjp,JI,Gos028,train
19,Gos028.s41,Lm-anke-05587,train,true,false,JIrajzakjp,JI,Gos028,train
7,Gos029.s112,Rm-novi-05592,train,true,false,JIrajzakjp,JI,Gos029,train
5,Gos029.s113,Rm-novi-05592,train,true,false,JIrajzakjp,JI,Gos029,train
4,Gos029.s114,Mm-posl-06513,train,true,false,JIrajzakjp,JI,Gos029,train
5,Gos029.s115,Rm-novi-05592,train,true,false,JIrajzakjp,JI,Gos029,train
3,Gos029.s116,Um-posl-06514,train,true,false,JIrajzakjp,JI,Gos029,train
6,Gos029.s117,Rm-novi-05592,train,true,false,JIrajzakjp,JI,Gos029,train
12,Gos029.s118,Um-posl-06514,train,true,false,JIrajzakjp,JI,Gos029,train
36,Gos029.s119,Um-posl-06514,train,true,false,JIrajzakjp,JI,Gos029,train
2,Gos030.s23,Am-mode-05592,train,true,false,JIrajzakns,JI,Gos030,train
13,Gos030.s24,Cf-mode-05533,train,true,false,JIrajzakns,JI,Gos030,train
55,Gos030.s25,Cf-mode-05533,train,true,false,JIrajzakns,JI,Gos030,train
8,Gos030.s26,Cf-mode-05533,train,true,false,JIrajzakns,JI,Gos030,train
4,Gos030.s27,Am-mode-05592,train,true,false,JIrajzakns,JI,Gos030,train
6,Gos030.s28,Bm-nast-05525,train,true,false,JIrajzakns,JI,Gos030,train
9,Gos032.s70,Bf-gost-05600,train,true,false,JIrajzakns,JI,Gos032,train
17,Gos032.s71,Bf-gost-05600,train,true,false,JIrajzakns,JI,Gos032,train
57,Gos032.s72,Bf-gost-05600,train,true,false,JIrajzakns,JI,Gos032,train
30,Gos032.s73,Bf-gost-05600,train,true,false,JIrajzakns,JI,Gos032,train
2,Gos034.s10,Af-mode-05513,train,true,false,JIrajzkkna,JI,Gos034,dev
13,Gos034.s11,Bm-gost-05514,train,true,false,JIrajzkkna,JI,Gos034,dev
33,Gos034.s12,Bm-gost-05514,train,true,false,JIrajzkkna,JI,Gos034,dev
5,Gos036.s7,Bm-gost-00521,train,true,false,JIrajzkrsp,JI,Gos036,train
35,Gos036.s8,Am-novi-00522,train,true,false,JIrajzkrsp,JI,Gos036,train
8,Gos036.s9,Am-novi-00522,train,true,false,JIrajzkrsp,JI,Gos036,train
6,Gos036.s10,Am-novi-00522,train,true,false,JIrajzkrsp,JI,Gos036,train
24,Gos036.s11,Bm-gost-00521,train,true,false,JIrajzkrsp,JI,Gos036,train
28,Gos039.s174,Af-novi-02046,train,true,false,JIraslogng,JI,Gos039,train
17,Gos039.s175,Af-novi-02046,train,true,false,JIraslogng,JI,Gos039,train
15,Gos039.s176,Af-novi-02046,train,true,false,JIraslogng,JI,Gos039,train
11,Gos039.s177,Bm-gost-02047,train,true,false,JIraslogng,JI,Gos039,train
15,Gos039.s178,Bm-gost-02047,train,true,false,JIraslogng,JI,Gos039,train
7,Gos039.s179,Bm-gost-02047,train,true,false,JIraslogng,JI,Gos039,train
2,Gos039.s180,Af-novi-02046,train,true,false,JIraslogng,JI,Gos039,train
34,Gos039.s181,Bm-gost-02047,train,true,false,JIraslogng,JI,Gos039,train
35,Gos039.s182,Bm-gost-02047,train,true,false,JIraslogng,JI,Gos039,train
8,Gos039.s183,Af-novi-02046,train,true,false,JIraslogng,JI,Gos039,train
12,Gos039.s184,Bm-gost-02047,train,true,false,JIraslogng,JI,Gos039,train
10,Gos041.s149,Bf-novi-07195,train,true,false,JIraslslin,JI,Gos041,train
17,Gos041.s151,Cm-gost-07196,train,true,false,JIraslslin,JI,Gos041,train
36,Gos041.s152,Cm-gost-07196,train,true,false,JIraslslin,JI,Gos041,train
18,Gos041.s153,Cm-gost-07196,train,true,false,JIraslslin,JI,Gos041,train
36,Gos041.s154,Cm-gost-07196,train,true,false,JIraslslin,JI,Gos041,train
6,Gos041.s155,Bf-novi-07195,train,true,false,JIraslslin,JI,Gos041,train
4,Gos041.s156,Cm-gost-07196,train,true,false,JIraslslin,JI,Gos041,train
16,Gos041.s157,Cm-gost-07196,train,true,false,JIraslslin,JI,Gos041,train
10,Gos042.s90,Cf-gost-02095,train,true,false,JIraslvaak,JI,Gos042,dev
59,Gos042.s91,Cf-gost-02095,train,true,false,JIraslvaak,JI,Gos042,dev
20,Gos042.s92,Cf-gost-02095,train,true,false,JIraslvaak,JI,Gos042,dev
2,Gos042.s93,Am-novi-02093,train,true,false,JIraslvaak,JI,Gos042,dev
36,Gos042.s94,Am-novi-02093,train,true,false,JIraslvaak,JI,Gos042,dev
34,Gos043.s77,Bm-gost-02088,train,true,false,JIraslvavm,JI,Gos043,train
2,Gos043.s78,Af-novi-02087,train,true,false,JIraslvavm,JI,Gos043,train
26,Gos043.s79,Bm-gost-02088,train,true,false,JIraslvavm,JI,Gos043,train
2,Gos043.s80,Af-novi-02087,train,true,false,JIraslvavm,JI,Gos043,train
47,Gos043.s81,Af-novi-02087,train,true,false,JIraslvavm,JI,Gos043,train
6,Gos043.s82,Af-novi-02087,train,true,false,JIraslvavm,JI,Gos043,train
16,Gos043.s83,Af-novi-02087,train,true,false,JIraslvavm,JI,Gos043,train
32,Gos043.s84,Bm-gost-02088,train,true,false,JIraslvavm,JI,Gos043,train
59,Gos044.s6,Bf-gost-07002,train,true,false,JIrasvkoso,JI,Gos044,train
4,Gos046.s7,Bm-gost-07012,train,true,false,JIrasvstin,JI,Gos046,train
2,Gos046.s8,Af-mode-07011,train,true,false,JIrasvstin,JI,Gos046,train
22,Gos046.s9,Af-mode-07011,train,true,false,JIrasvstin,JI,Gos046,train
16,Gos046.s10,Af-mode-07011,train,true,false,JIrasvstin,JI,Gos046,train
17,Gos046.s11,Bm-gost-07012,train,true,false,JIrasvstin,JI,Gos046,train
11,Gos046.s12,Bm-gost-07012,train,true,false,JIrasvstin,JI,Gos046,train
43,Gos046.s13,Bm-gost-07012,train,true,false,JIrasvstin,JI,Gos046,train
46,Gos046.s14,Bm-gost-07012,train,true,false,JIrasvstin,JI,Gos046,train
26,Gos047.s140,Af-novi-04534,train,true,false,JIrasvstin,JI,Gos047,train
11,Gos047.s141,Bf-inte-04535,train,true,false,JIrasvstin,JI,Gos047,train
38,Gos047.s142,Bf-inte-04535,train,true,false,JIrasvstin,JI,Gos047,train
2,Gos047.s143,Af-novi-04534,train,true,false,JIrasvstin,JI,Gos047,train
37,Gos047.s144,Bf-inte-04535,train,true,false,JIrasvstin,JI,Gos047,train
13,Gos047.s145,Bf-inte-04535,train,true,false,JIrasvstin,JI,Gos047,train
28,Gos047.s146,Bf-inte-04535,train,true,false,JIrasvstin,JI,Gos047,train
2,Gos048.s108,Bf-novi-04534,train,true,false,JIrasvstin,JI,Gos048,train
16,Gos048.s109,Bf-novi-04534,train,true,false,JIrasvstin,JI,Gos048,train
7,Gos048.s110,Bf-novi-04534,train,true,false,JIrasvstin,JI,Gos048,train
7,Gos048.s111,Cf-gost-07017,train,true,false,JIrasvstin,JI,Gos048,train
24,Gos048.s112,Cf-gost-07017,train,true,false,JIrasvstin,JI,Gos048,train
2,Gos048.s113,Bf-novi-04534,train,true,false,JIrasvstin,JI,Gos048,train
5,Gos048.s114,Bf-novi-04534,train,true,false,JIrasvstin,JI,Gos048,train
7,Gos048.s115,Cf-gost-07017,train,true,false,JIrasvstin,JI,Gos048,train
2,Gos048.s116,Bf-novi-04534,train,true,false,JIrasvstin,JI,Gos048,train
8,Gos048.s117,Bf-novi-04534,train,true,false,JIrasvstin,JI,Gos048,train
18,Gos048.s119,Bf-novi-04534,train,true,false,JIrasvstin,JI,Gos048,train
64,Gos049.s32,Cm-gost-07010,train,true,false,JIrasvstin,JI,Gos049,train
64,Gos049.s33,Cm-gost-07010,train,true,false,JIrasvstin,JI,Gos049,train
12,Gos050.s143,Cm-gost-07015,train,true,false,JIrasvstin,JI,Gos050,train
34,Gos050.s144,Cm-gost-07015,train,true,false,JIrasvstin,JI,Gos050,train
13,Gos050.s145,Cm-gost-07015,train,true,false,JIrasvstin,JI,Gos050,train
15,Gos050.s146,Cm-gost-07015,train,true,false,JIrasvstin,JI,Gos050,train
23,Gos050.s147,Cm-gost-07015,train,true,false,JIrasvstin,JI,Gos050,train
6,Gos050.s148,Cm-gost-07015,train,true,false,JIrasvstin,JI,Gos050,train
22,Gos050.s149,Cm-gost-07015,train,true,false,JIrasvstin,JI,Gos050,train
20,Gos050.s150,Cm-gost-07015,train,true,false,JIrasvstin,JI,Gos050,train
8,Gos050.s151,Cm-gost-07015,train,true,false,JIrasvstin,JI,Gos050,train
27,Gos050.s152,Cm-gost-07015,train,true,false,JIrasvstin,JI,Gos050,train
17,Gos051.s257,Af-prof-07124,train,true,false,JIssjzgidr,JI,Gos051,dev
27,Gos051.s258,Af-prof-07124,train,true,false,JIssjzgidr,JI,Gos051,dev
13,Gos051.s259,Jf-ucen-07133,train,true,false,JIssjzgidr,JI,Gos051,dev
47,Gos051.s261,Af-prof-07124,train,true,false,JIssjzgidr,JI,Gos051,dev
2,Gos051.s262,Pn-vsiucenci-10000,train,true,false,JIssjzgidr,JI,Gos051,dev
8,Gos051.s263,Af-prof-07124,train,true,false,JIssjzgidr,JI,Gos051,dev
24,Gos051.s264,Af-prof-07124,train,true,false,JIssjzgidr,JI,Gos051,dev
3,Gos051.s265,Pn-vsiucenci-10000,train,true,false,JIssjzgidr,JI,Gos051,dev
2,Gos051.s266,Hf-ucen-07131,train,true,false,JIssjzgidr,JI,Gos051,dev
2,Gos051.s267,Kf-ucen-07134,train,true,false,JIssjzgidr,JI,Gos051,dev
2,Gos051.s268,Gf-ucen-07130,train,true,false,JIssjzgidr,JI,Gos051,dev
2,Gos051.s269,Af-prof-07124,train,true,false,JIssjzgidr,JI,Gos051,dev
2,Gos051.s271,Af-prof-07124,train,true,false,JIssjzgidr,JI,Gos051,dev
10,Gos051.s272,Af-prof-07124,train,true,false,JIssjzgidr,JI,Gos051,dev
21,Gos051.s273,Af-prof-07124,train,true,false,JIssjzgidr,JI,Gos051,dev
10,Gos055.s403,Af-prof-07085,train,true,false,JIssjzpsdr,JI,Gos055,train
4,Gos055.s405,Af-prof-07085,train,true,false,JIssjzpsdr,JI,Gos055,train
12,Gos055.s407,Af-prof-07085,train,true,false,JIssjzpsdr,JI,Gos055,train
18,Gos055.s409,Kf-ucen-07095,train,true,false,JIssjzpsdr,JI,Gos055,train
29,Gos055.s410,Kf-ucen-07095,train,true,false,JIssjzpsdr,JI,Gos055,train
15,Gos055.s411,Kf-ucen-07095,train,true,false,JIssjzpsdr,JI,Gos055,train
3,Gos055.s412,Af-prof-07085,train,true,false,JIssjzpsdr,JI,Gos055,train
6,Gos055.s413,Af-prof-07085,train,true,false,JIssjzpsdr,JI,Gos055,train
2,Gos055.s414,Bm-ucen-07086,train,true,false,JIssjzpsdr,JI,Gos055,train
2,Gos055.s415,Af-prof-07085,train,true,false,JIssjzpsdr,JI,Gos055,train
2,Gos055.s416,Af-prof-07085,train,true,false,JIssjzpsdr,JI,Gos055,train
6,Gos055.s417,Af-prof-07085,train,true,false,JIssjzpsdr,JI,Gos055,train
12,Gos055.s418,Cm-ucen-07087,train,true,false,JIssjzpsdr,JI,Gos055,train
7,Gos056.s450,Cm-ucen-02333,train,true,false,JIssjzpsdr,JI,Gos056,train
9,Gos056.s452,Bm-prof-02332,train,true,false,JIssjzpsdr,JI,Gos056,train
2,Gos056.s453,Af-ucen-02331,train,true,false,JIssjzpsdr,JI,Gos056,train
2,Gos056.s454,Af-ucen-02331,train,true,false,JIssjzpsdr,JI,Gos056,train
8,Gos056.s455,Bm-prof-02332,train,true,false,JIssjzpsdr,JI,Gos056,train
4,Gos056.s456,Af-ucen-02331,train,true,false,JIssjzpsdr,JI,Gos056,train
4,Gos056.s457,Bm-prof-02332,train,true,false,JIssjzpsdr,JI,Gos056,train
4,Gos056.s458,Af-ucen-02331,train,true,false,JIssjzpsdr,JI,Gos056,train
4,Gos056.s460,Bm-prof-02332,train,true,false,JIssjzpsdr,JI,Gos056,train
3,Gos056.s461,Ef-ucen-02335,train,true,false,JIssjzpsdr,JI,Gos056,train
2,Gos056.s462,Bm-prof-02332,train,true,false,JIssjzpsdr,JI,Gos056,train
4,Gos056.s463,If-ucen-02339,train,true,false,JIssjzpsdr,JI,Gos056,train
2,Gos056.s466,Af-ucen-02331,train,true,false,JIssjzpsdr,JI,Gos056,train
6,Gos056.s468,Bm-prof-02332,train,true,false,JIssjzpsdr,JI,Gos056,train
9,Gos056.s470,Ef-ucen-02335,train,true,false,JIssjzpsdr,JI,Gos056,train
18,Gos056.s471,Bm-prof-02332,train,true,false,JIssjzpsdr,JI,Gos056,train
2,Gos056.s472,Ef-ucen-02335,train,true,false,JIssjzpsdr,JI,Gos056,train
4,Gos056.s473,Bm-prof-02332,train,true,false,JIssjzpsdr,JI,Gos056,train
17,Gos056.s474,Ef-ucen-02335,train,true,false,JIssjzpsdr,JI,Gos056,train
32,Gos056.s475,Bm-prof-02332,train,true,false,JIssjzpsdr,JI,Gos056,train
3,Gos057.s246,Cm-ucen-07141,train,true,false,JIssjzpsdr,JI,Gos057,train
2,Gos057.s247,Am-prof-07143,train,true,false,JIssjzpsdr,JI,Gos057,train
4,Gos057.s250,Am-prof-07143,train,true,false,JIssjzpsdr,JI,Gos057,train
18,Gos057.s251,Em-ucen-07144,train,true,false,JIssjzpsdr,JI,Gos057,train
2,Gos057.s252,Am-prof-07143,train,true,false,JIssjzpsdr,JI,Gos057,train
5,Gos057.s253,Am-prof-07143,train,true,false,JIssjzpsdr,JI,Gos057,train
6,Gos057.s255,Em-ucen-07144,train,true,false,JIssjzpsdr,JI,Gos057,train
13,Gos057.s256,Am-prof-07143,train,true,false,JIssjzpsdr,JI,Gos057,train
3,Gos057.s257,Em-ucen-07144,train,true,false,JIssjzpsdr,JI,Gos057,train
10,Gos057.s258,Am-prof-07143,train,true,false,JIssjzpsdr,JI,Gos057,train
4,Gos057.s259,Am-prof-07143,train,true,false,JIssjzpsdr,JI,Gos057,train
26,Gos057.s261,Am-prof-07143,train,true,false,JIssjzpsdr,JI,Gos057,train
2,Gos057.s262,Am-prof-07143,train,true,false,JIssjzpsdr,JI,Gos057,train
12,Gos057.s263,Em-ucen-07144,train,true,false,JIssjzpsdr,JI,Gos057,train
4,Gos058.s299,Am-prof-02300,train,true,false,JIssjzpsna,JI,Gos058,train
4,Gos058.s301,Am-prof-02300,train,true,false,JIssjzpsna,JI,Gos058,train
12,Gos058.s302,Am-prof-02300,train,true,false,JIssjzpsna,JI,Gos058,train
4,Gos058.s303,Am-prof-02300,train,true,false,JIssjzpsna,JI,Gos058,train
4,Gos058.s304,Am-prof-02300,train,true,false,JIssjzpsna,JI,Gos058,train
8,Gos058.s306,Am-prof-02300,train,true,false,JIssjzpsna,JI,Gos058,train
18,Gos058.s307,Am-prof-02300,train,true,false,JIssjzpsna,JI,Gos058,train
10,Gos058.s308,Lm-ucen-02311,train,true,false,JIssjzpsna,JI,Gos058,train
10,Gos058.s309,Am-prof-02300,train,true,false,JIssjzpsna,JI,Gos058,train
10,Gos058.s310,Am-prof-02300,train,true,false,JIssjzpsna,JI,Gos058,train
10,Gos058.s312,Lm-ucen-02311,train,true,false,JIssjzpsna,JI,Gos058,train
17,Gos058.s314,Am-prof-02300,train,true,false,JIssjzpsna,JI,Gos058,train
3,Gos058.s315,Lm-ucen-02311,train,true,false,JIssjzpsna,JI,Gos058,train
6,Gos058.s316,Am-prof-02300,train,true,false,JIssjzpsna,JI,Gos058,train
3,Gos058.s317,Lm-ucen-02311,train,true,false,JIssjzpsna,JI,Gos058,train
2,Gos058.s318,Lm-ucen-02311,train,true,false,JIssjzpsna,JI,Gos058,train
4,Gos058.s319,Am-prof-02300,train,true,false,JIssjzpsna,JI,Gos058,train
3,Gos058.s321,Lm-ucen-02311,train,true,false,JIssjzpsna,JI,Gos058,train
15,Gos058.s322,Am-prof-02300,train,true,false,JIssjzpsna,JI,Gos058,train
2,Gos059.s101,Mf-ucen-02197,train,true,false,JIsssvgidr,JI,Gos059,train
6,Gos059.s103,Af-prof-02185,train,true,false,JIsssvgidr,JI,Gos059,train
9,Gos059.s104,Af-prof-02185,train,true,false,JIsssvgidr,JI,Gos059,train
8,Gos059.s106,Af-prof-02185,train,true,false,JIsssvgidr,JI,Gos059,train
2,Gos059.s107,Rm-ucen-02201,train,true,false,JIsssvgidr,JI,Gos059,train
19,Gos059.s108,Af-prof-02185,train,true,false,JIsssvgidr,JI,Gos059,train
7,Gos059.s109,Af-prof-02185,train,true,false,JIsssvgidr,JI,Gos059,train
13,Gos059.s110,Rm-ucen-02201,train,true,false,JIsssvgidr,JI,Gos059,train
9,Gos059.s111,Af-prof-02185,train,true,false,JIsssvgidr,JI,Gos059,train
5,Gos059.s112,Af-prof-02185,train,true,false,JIsssvgidr,JI,Gos059,train
8,Gos059.s113,Rm-ucen-02201,train,true,false,JIsssvgidr,JI,Gos059,train
8,Gos059.s114,Af-prof-02185,train,true,false,JIsssvgidr,JI,Gos059,train
2,Gos059.s115,Rm-ucen-02201,train,true,false,JIsssvgidr,JI,Gos059,train
5,Gos059.s116,Af-prof-02185,train,true,false,JIsssvgidr,JI,Gos059,train
8,Gos059.s117,Af-prof-02185,train,true,false,JIsssvgidr,JI,Gos059,train
2,Gos059.s118,Pn-vsiucenci-10000,train,true,false,JIsssvgidr,JI,Gos059,train
10,Gos059.s119,Af-prof-02185,train,true,false,JIsssvgidr,JI,Gos059,train
19,Gos062.s433,Af-prof-02174,train,true,false,JIsssvpsnr,JI,Gos062,train
6,Gos062.s434,Af-prof-02174,train,true,false,JIsssvpsnr,JI,Gos062,train
3,Gos062.s436,Af-prof-02174,train,true,false,JIsssvpsnr,JI,Gos062,train
2,Gos062.s438,Em-ucen-02178,train,true,false,JIsssvpsnr,JI,Gos062,train
4,Gos062.s439,Af-prof-02174,train,true,false,JIsssvpsnr,JI,Gos062,train
8,Gos062.s441,Af-prof-02174,train,true,false,JIsssvpsnr,JI,Gos062,train
2,Gos062.s443,Af-prof-02174,train,true,false,JIsssvpsnr,JI,Gos062,train
6,Gos062.s445,Af-prof-02174,train,true,false,JIsssvpsnr,JI,Gos062,train
13,Gos062.s447,Af-prof-02174,train,true,false,JIsssvpsnr,JI,Gos062,train
19,Gos062.s448,Af-prof-02174,train,true,false,JIsssvpsnr,JI,Gos062,train
14,Gos062.s449,Af-prof-02174,train,true,false,JIsssvpsnr,JI,Gos062,train
8,Gos062.s450,Km-ucen-02184,train,true,false,JIsssvpsnr,JI,Gos062,train
6,Gos062.s451,Af-prof-02174,train,true,false,JIsssvpsnr,JI,Gos062,train
2,Gos062.s452,Km-ucen-02184,train,true,false,JIsssvpsnr,JI,Gos062,train
9,Gos062.s454,Af-prof-02174,train,true,false,JIsssvpsnr,JI,Gos062,train
24,Gos062.s456,Af-prof-02174,train,true,false,JIsssvpsnr,JI,Gos062,train
26,Gos064.s45,Em-inte-00505,train,true,false,JItvslpopr,JI,Gos064,train
12,Gos064.s46,Af-novi-00501,train,true,false,JItvslpopr,JI,Gos064,train
37,Gos065.s10,Bm-inte-02501,train,true,false,JItvslpopr,JI,Gos065,train
17,Gos067.s3,Bm-nast-02030,train,true,false,JItvslpopr,JI,Gos067,train
7,Gos067.s4,Af-novi-02029,train,true,false,JItvslpopr,JI,Gos067,train
5,Gos067.s5,Af-novi-02029,train,true,false,JItvslpopr,JI,Gos067,train
11,Gos067.s6,Bm-nast-02030,train,true,false,JItvslpopr,JI,Gos067,train
25,Gos068.s11,Km-inte-02510,train,true,false,JItvslpopr,JI,Gos068,train
23,Gos068.s12,Jf-novi-02509,train,true,false,JItvslpopr,JI,Gos068,train
4,Gos069.s13,Hm-anke-04506,train,true,false,JItvslpopr,JI,Gos069,train
8,Gos069.s15,Bf-novi-01501,train,true,false,JItvslpopr,JI,Gos069,train
20,Gos069.s16,Bf-novi-01501,train,true,false,JItvslpopr,JI,Gos069,train
15,Gos069.s17,Hm-anke-04506,train,true,false,JItvslpopr,JI,Gos069,train
30,Gos070.s21,Am-novi-05505,train,true,false,JItvslpopr,JI,Gos070,train
70,Gos071.s29,Ff-inte-05516,train,true,false,JItvslpopr,JI,Gos071,train
12,Gos072.s215,Km-gost-02172,train,true,false,JItvslpopv,JI,Gos072,dev
14,Gos072.s216,Km-gost-02172,train,true,false,JItvslpopv,JI,Gos072,dev
30,Gos072.s217,Km-gost-02172,train,true,false,JItvslpopv,JI,Gos072,dev
35,Gos072.s218,Km-gost-02172,train,true,false,JItvslpopv,JI,Gos072,dev
51,Gos072.s219,Km-gost-02172,train,true,false,JItvslpopv,JI,Gos072,dev
11,Gos072.s220,Af-novi-03507,train,true,false,JItvslpopv,JI,Gos072,dev
11,Gos072.s221,Af-novi-03507,train,true,false,JItvslpopv,JI,Gos072,dev
39,Gos072.s222,Gm-gost-05581,train,true,false,JItvslpopv,JI,Gos072,dev
11,Gos072.s223,Gm-gost-05581,train,true,false,JItvslpopv,JI,Gos072,dev
15,Gos072.s224,Gm-gost-05581,train,true,false,JItvslpopv,JI,Gos072,dev
5,Gos072.s225,Km-gost-02172,train,true,false,JItvslpopv,JI,Gos072,dev
36,Gos072.s226,Gm-gost-05581,train,true,false,JItvslpopv,JI,Gos072,dev
23,Gos072.s227,Gm-gost-05581,train,true,false,JItvslpopv,JI,Gos072,dev
23,Gos072.s228,Gm-gost-05581,train,true,false,JItvslpopv,JI,Gos072,dev
20,Gos073.s371,Am-novi-02535,train,true,false,JItvslpotr,JI,Gos073,dev
15,Gos073.s372,Im-gost-03517,train,true,false,JItvslpotr,JI,Gos073,dev
14,Gos073.s373,Hm-gost-03510,train,true,false,JItvslpotr,JI,Gos073,dev
21,Gos073.s374,Hm-gost-03510,train,true,false,JItvslpotr,JI,Gos073,dev
2,Gos073.s375,Am-novi-02535,train,true,false,JItvslpotr,JI,Gos073,dev
18,Gos073.s376,Hm-gost-03510,train,true,false,JItvslpotr,JI,Gos073,dev
42,Gos073.s377,Am-novi-02535,train,true,false,JItvslpotr,JI,Gos073,dev
34,Gos073.s378,Hm-gost-03510,train,true,false,JItvslpotr,JI,Gos073,dev
2,Gos073.s379,Lm-gost-02115,train,true,false,JItvslpotr,JI,Gos073,dev
9,Gos073.s380,Hm-gost-03510,train,true,false,JItvslpotr,JI,Gos073,dev
6,Gos073.s381,Hm-gost-03510,train,true,false,JItvslpotr,JI,Gos073,dev
49,Gos073.s382,Am-novi-02535,train,true,false,JItvslpotr,JI,Gos073,dev
17,Gos073.s383,Hm-gost-03510,train,true,false,JItvslpotr,JI,Gos073,dev
9,Gos073.s384,Hm-gost-03510,train,true,false,JItvslpotr,JI,Gos073,dev
15,Gos073.s385,Hm-gost-03510,train,true,false,JItvslpotr,JI,Gos073,dev
34,Gos073.s386,Hm-gost-03510,train,true,false,JItvslpotr,JI,Gos073,dev
2,Gos073.s387,Am-novi-02535,train,true,false,JItvslpotr,JI,Gos073,dev
26,Gos073.s388,Hm-gost-03510,train,true,false,JItvslpotr,JI,Gos073,dev
2,Gos073.s389,Am-novi-02535,train,true,false,JItvslpotr,JI,Gos073,dev
49,Gos073.s390,Hm-gost-03510,train,true,false,JItvslpotr,JI,Gos073,dev
16,Gos074.s275,Qm-gost-02550,train,true,false,JItvslpotr,JI,Gos074,train
26,Gos074.s276,Qm-gost-02550,train,true,false,JItvslpotr,JI,Gos074,train
18,Gos074.s278,Pm-gost-02549,train,true,false,JItvslpotr,JI,Gos074,train
10,Gos074.s279,Bm-nast-02536,train,true,false,JItvslpotr,JI,Gos074,train
6,Gos074.s280,Bm-nast-02536,train,true,false,JItvslpotr,JI,Gos074,train
4,Gos074.s281,Pm-gost-02549,train,true,false,JItvslpotr,JI,Gos074,train
8,Gos074.s282,Pm-gost-02549,train,true,false,JItvslpotr,JI,Gos074,train
2,Gos074.s283,Am-novi-02535,train,true,false,JItvslpotr,JI,Gos074,train
12,Gos074.s284,Qm-gost-02550,train,true,false,JItvslpotr,JI,Gos074,train
4,Gos074.s285,Pm-gost-02549,train,true,false,JItvslpotr,JI,Gos074,train
8,Gos074.s286,Qm-gost-02550,train,true,false,JItvslpotr,JI,Gos074,train
5,Gos074.s287,Am-novi-02535,train,true,false,JItvslpotr,JI,Gos074,train
5,Gos074.s289,Am-novi-02535,train,true,false,JItvslpotr,JI,Gos074,train
5,Gos074.s290,Pm-gost-02549,train,true,false,JItvslpotr,JI,Gos074,train
8,Gos074.s291,Am-novi-02535,train,true,false,JItvslpotr,JI,Gos074,train
7,Gos074.s292,Pm-gost-02549,train,true,false,JItvslpotr,JI,Gos074,train
3,Gos074.s293,Am-novi-02535,train,true,false,JItvslpotr,JI,Gos074,train
10,Gos074.s294,Pm-gost-02549,train,true,false,JItvslpotr,JI,Gos074,train
12,Gos075.s20,Nf-novi-03502,train,true,false,JItvslpour,JI,Gos075,train
17,Gos075.s21,Nf-novi-03502,train,true,false,JItvslpour,JI,Gos075,train
11,Gos076.s1,Mm-novi-03001,train,true,false,JItvslpour,JI,Gos076,dev
16,Gos078.s1,Af-novi-02006,train,true,false,JItvslpour,JI,Gos078,train
11,Gos079.s3,Bf-anke-02011,train,true,false,JItvslpour,JI,Gos079,train
34,Gos080.s12,Dm-nast-03508,train,true,false,JItvslpour,JI,Gos080,train
11,Gos081.s7,Sm-inte-03525,train,true,false,JItvslpour,JI,Gos081,train
27,Gos082.s2,Mf-inte-04504,train,true,false,JItvslpour,JI,Gos082,train
25,Gos086.s3,Bm-anke-01520,train,true,false,JItvslpour,JI,Gos086,train
27,Gos087.s2,Dm-inte-02007,train,true,false,JItvslpour,JI,Gos087,train
20,Gos090.s11,Pm-inte-03513,train,true,false,JItvslpour,JI,Gos090,train
24,Gos091.s6,Vm-gost-03514,train,true,false,JItvslpour,JI,Gos091,train
23,Gos093.s5,Nf-inte-03523,train,true,false,JItvslpour,JI,Gos093,train
31,Gos094.s8,Sf-novi-02006,train,true,false,JItvslpour,JI,Gos094,train
11,Gos096.s5,Bf-inte-05502,train,true,false,JItvslpour,JI,Gos096,train
44,Gos097.s13,Rm-inte-03531,train,true,false,JItvslpour,JI,Gos097,train
32,Gos101.s4,Sm-inte-03504,train,true,false,JItvslpour,JI,Gos101,train
17,Gos104.s4,Gm-inte-01602,train,true,false,JItvslpour,JI,Gos104,train
9,Gos105.s6,Dm-anke-00027,train,true,false,JItvslpour,JI,Gos105,train
20,Gos107.s15,Xm-novi-00010,train,true,false,JItvslpour,JI,Gos107,train
5,Gos108.s4,Am-anke-00008,train,true,false,JItvslpour,JI,Gos108,train
8,Gos108.s5,Am-anke-00008,train,true,false,JItvslpour,JI,Gos108,train
4,Gos111.s20,Pf-anke-00019,train,true,false,JItvslpour,JI,Gos111,train
11,Gos111.s21,Pf-anke-00019,train,true,false,JItvslpour,JI,Gos111,train
2,Gos114.s41,Ef-mode-01604,train,true,false,JItvslslod,JI,Gos114,train
36,Gos114.s42,Ef-mode-01604,train,true,false,JItvslslod,JI,Gos114,train
28,Gos114.s43,Ef-mode-01604,train,true,false,JItvslslod,JI,Gos114,train
8,Gos114.s44,Ef-mode-01604,train,true,false,JItvslslod,JI,Gos114,train
23,Gos115.s79,Af-mode-07152,train,true,false,JItvslslod,JI,Gos115,train
9,Gos115.s80,Af-mode-07152,train,true,false,JItvslslod,JI,Gos115,train
36,Gos115.s81,Cm-gost-02503,train,true,false,JItvslslod,JI,Gos115,train
4,Gos118.s81,Tm-novi-09001,train,true,false,JItvslslod,JI,Gos118,train
25,Gos118.s82,Tm-novi-09001,train,true,false,JItvslslod,JI,Gos118,train
25,Gos118.s83,Tm-novi-09001,train,true,false,JItvslslod,JI,Gos118,train
33,Gos118.s84,Tm-novi-09001,train,true,false,JItvslslod,JI,Gos118,train
14,Gos120.s3,Mm-gost-01605,train,true,false,JItvslslod,JI,Gos120,train
7,Gos120.s4,Of-novi-01604,train,true,false,JItvslslod,JI,Gos120,train
2,Gos120.s5,Mm-gost-01605,train,true,false,JItvslslod,JI,Gos120,train
14,Gos120.s6,Mm-gost-01605,train,true,false,JItvslslod,JI,Gos120,train
9,Gos120.s8,Mm-gost-01605,train,true,false,JItvslslod,JI,Gos120,train
6,Gos120.s9,Mm-gost-01605,train,true,false,JItvslslod,JI,Gos120,train
8,Gos122.s40,Am-mode-07003,train,true,false,JItvslslod,JI,Gos122,train
20,Gos122.s41,Cm-gost-00015,train,true,false,JItvslslod,JI,Gos122,train
36,Gos122.s42,Cm-gost-00015,train,true,false,JItvslslod,JI,Gos122,train
43,Gos123.s78,Lf-gost-05513,train,true,false,JItvslslpo,JI,Gos123,train
2,Gos123.s79,Vm-novi-01606,train,true,false,JItvslslpo,JI,Gos123,train
29,Gos123.s80,Lf-gost-05513,train,true,false,JItvslslpo,JI,Gos123,train
13,Gos123.s81,Lf-gost-05513,train,true,false,JItvslslpo,JI,Gos123,train
2,Gos123.s82,Vm-novi-01606,train,true,false,JItvslslpo,JI,Gos123,train
14,Gos123.s83,Lf-gost-05513,train,true,false,JItvslslpo,JI,Gos123,train
8,Gos123.s84,Lf-gost-05513,train,true,false,JItvslslpo,JI,Gos123,train
26,Gos123.s85,Lf-gost-05513,train,true,false,JItvslslpo,JI,Gos123,train
17,Gos123.s86,Lf-gost-05513,train,true,false,JItvslslpo,JI,Gos123,train
5,Gos123.s87,Lf-gost-05513,train,true,false,JItvslslpo,JI,Gos123,train
55,Gos123.s88,Lf-gost-05513,train,true,false,JItvslslpo,JI,Gos123,train
46,Gos123.s89,Lf-gost-05513,train,true,false,JItvslslpo,JI,Gos123,train
13,Gos123.s90,Lf-gost-05513,train,true,false,JItvslslpo,JI,Gos123,train
56,Gos123.s91,Lf-gost-05513,train,true,false,JItvslslpo,JI,Gos123,train
27,Gos124.s35,Gf-novi-02137,train,true,false,JItvslslpo,JI,Gos124,train
8,Gos124.s36,Gf-novi-02137,train,true,false,JItvslslpo,JI,Gos124,train
15,Gos124.s37,Gf-novi-02137,train,true,false,JItvslslpo,JI,Gos124,train
39,Gos124.s38,Gf-novi-02137,train,true,false,JItvslslpo,JI,Gos124,train
26,Gos124.s39,Gf-novi-02137,train,true,false,JItvslslpo,JI,Gos124,train
36,Gos124.s40,Gf-novi-02137,train,true,false,JItvslslpo,JI,Gos124,train
14,Gos124.s41,Gf-novi-02137,train,true,false,JItvslslpo,JI,Gos124,train
4,Gos124.s42,Am-novi-02133,train,true,false,JItvslslpo,JI,Gos124,train
17,Gos124.s43,Am-novi-02133,train,true,false,JItvslslpo,JI,Gos124,train
31,Gos124.s45,Gf-novi-02137,train,true,false,JItvslslpo,JI,Gos124,train
30,Gos124.s46,Gf-novi-02137,train,true,false,JItvslslpo,JI,Gos124,train
8,Gos124.s47,Gf-novi-02137,train,true,false,JItvslslpo,JI,Gos124,train
28,Gos124.s48,Gf-novi-02137,train,true,false,JItvslslpo,JI,Gos124,train
23,Gos125.s69,Sm-novi-06570,train,true,false,JItvslslsc,JI,Gos125,train
12,Gos125.s70,Sm-novi-06570,train,true,false,JItvslslsc,JI,Gos125,train
13,Gos125.s71,Sm-novi-06570,train,true,false,JItvslslsc,JI,Gos125,train
4,Gos125.s72,Sm-novi-06570,train,true,false,JItvslslsc,JI,Gos125,train
3,Gos125.s73,Sm-novi-06570,train,true,false,JItvslslsc,JI,Gos125,train
34,Gos125.s74,Sm-novi-06570,train,true,false,JItvslslsc,JI,Gos125,train
33,Gos128.s12,Fm-gost-06571,train,true,false,JItvslslsc,JI,Gos128,train
2,Gos128.s13,Sm-novi-06570,train,true,false,JItvslslsc,JI,Gos128,train
2,Gos128.s14,Sm-novi-06570,train,true,false,JItvslslsc,JI,Gos128,train
3,Gos128.s15,Sm-novi-06570,train,true,false,JItvslslsc,JI,Gos128,train
41,Gos128.s16,Sm-novi-06570,train,true,false,JItvslslsc,JI,Gos128,train
30,Gos130.s157,Bm-novi-06519,train,true,false,JRrajzbejp,JR,Gos130,train
8,Gos130.s158,Af-novi-06518,train,true,false,JRrajzbejp,JR,Gos130,train
19,Gos130.s159,Bm-novi-06519,train,true,false,JRrajzbejp,JR,Gos130,train
12,Gos130.s160,Bm-novi-06519,train,true,false,JRrajzbejp,JR,Gos130,train
4,Gos130.s161,Af-novi-06518,train,true,false,JRrajzbejp,JR,Gos130,train
2,Gos130.s163,Bm-novi-06519,train,true,false,JRrajzbejp,JR,Gos130,train
7,Gos130.s164,Bm-novi-06519,train,true,false,JRrajzbejp,JR,Gos130,train
5,Gos130.s165,Bm-novi-06519,train,true,false,JRrajzbejp,JR,Gos130,train
47,Gos130.s166,Bm-novi-06519,train,true,false,JRrajzbejp,JR,Gos130,train
13,Gos130.s167,Bm-novi-06519,train,true,false,JRrajzbejp,JR,Gos130,train
25,Gos130.s168,Bm-novi-06519,train,true,false,JRrajzbejp,JR,Gos130,train
12,Gos130.s169,Bm-novi-06519,train,true,false,JRrajzbejp,JR,Gos130,train
27,Gos130.s170,Bm-novi-06519,train,true,false,JRrajzbejp,JR,Gos130,train
8,Gos130.s171,Bm-novi-06519,train,true,false,JRrajzbejp,JR,Gos130,train
34,Gos132.s130,Af-novi-06518,train,true,false,JRrajzbejp,JR,Gos132,dev
34,Gos132.s132,Bm-novi-06519,train,true,false,JRrajzbejp,JR,Gos132,dev
15,Gos132.s133,Bm-novi-06519,train,true,false,JRrajzbejp,JR,Gos132,dev
36,Gos133.s91,Bm-novi-06519,train,true,false,JRrajzbejp,JR,Gos133,train
23,Gos133.s92,Bm-novi-06519,train,true,false,JRrajzbejp,JR,Gos133,train
26,Gos133.s94,Af-novi-06518,train,true,false,JRrajzbejp,JR,Gos133,train
6,Gos134.s78,Af-novi-06518,train,true,false,JRrajzbejp,JR,Gos134,train
12,Gos134.s79,Hm-nast-06559,train,true,false,JRrajzbejp,JR,Gos134,train
47,Gos134.s80,Bm-novi-06519,train,true,false,JRrajzbejp,JR,Gos134,train
3,Gos134.s81,Hm-nast-06559,train,true,false,JRrajzbejp,JR,Gos134,train
15,Gos134.s82,Bm-novi-06519,train,true,false,JRrajzbejp,JR,Gos134,train
6,Gos134.s83,Af-novi-06518,train,true,false,JRrajzbejp,JR,Gos134,train
32,Gos134.s84,Bm-novi-06519,train,true,false,JRrajzbejp,JR,Gos134,train
2,Gos135.s625,Lm-nast-05625,train,true,false,JRrajzcajp,JR,Gos135,train
14,Gos135.s626,Am-mode-05620,train,true,false,JRrajzcajp,JR,Gos135,train
4,Gos135.s627,Bm-mode-05621,train,true,false,JRrajzcajp,JR,Gos135,train
2,Gos135.s628,Am-mode-05620,train,true,false,JRrajzcajp,JR,Gos135,train
6,Gos135.s629,Bm-mode-05621,train,true,false,JRrajzcajp,JR,Gos135,train
35,Gos135.s630,Am-mode-05620,train,true,false,JRrajzcajp,JR,Gos135,train
18,Gos135.s631,Am-mode-05620,train,true,false,JRrajzcajp,JR,Gos135,train
19,Gos135.s632,Am-mode-05620,train,true,false,JRrajzcajp,JR,Gos135,train
6,Gos135.s634,Am-mode-05620,train,true,false,JRrajzcajp,JR,Gos135,train
28,Gos135.s636,Am-mode-05620,train,true,false,JRrajzcajp,JR,Gos135,train
19,Gos135.s637,Am-mode-05620,train,true,false,JRrajzcajp,JR,Gos135,train
19,Gos135.s638,Am-mode-05620,train,true,false,JRrajzcajp,JR,Gos135,train
14,Gos135.s639,Am-mode-05620,train,true,false,JRrajzcajp,JR,Gos135,train
10,Gos135.s640,Am-mode-05620,train,true,false,JRrajzcajp,JR,Gos135,train
7,Gos135.s641,Am-mode-05620,train,true,false,JRrajzcajp,JR,Gos135,train
20,Gos135.s642,Bm-mode-05621,train,true,false,JRrajzcajp,JR,Gos135,train
21,Gos135.s643,Am-mode-05620,train,true,false,JRrajzcajp,JR,Gos135,train
20,Gos135.s644,Am-mode-05620,train,true,false,JRrajzcajp,JR,Gos135,train
15,Gos135.s646,Am-mode-05620,train,true,false,JRrajzcajp,JR,Gos135,train
5,Gos135.s647,Nm-posl-05638,train,true,false,JRrajzcajp,JR,Gos135,train
2,Gos135.s648,Am-mode-05620,train,true,false,JRrajzcajp,JR,Gos135,train
6,Gos135.s649,Nm-posl-05638,train,true,false,JRrajzcajp,JR,Gos135,train
4,Gos135.s650,Am-mode-05620,train,true,false,JRrajzcajp,JR,Gos135,train
2,Gos135.s651,Nm-posl-05638,train,true,false,JRrajzcajp,JR,Gos135,train
6,Gos135.s652,Am-mode-05620,train,true,false,JRrajzcajp,JR,Gos135,train
4,Gos135.s653,Nm-posl-05638,train,true,false,JRrajzcajp,JR,Gos135,train
5,Gos135.s654,Am-mode-05620,train,true,false,JRrajzcajp,JR,Gos135,train
3,Gos135.s655,Nm-posl-05638,train,true,false,JRrajzcajp,JR,Gos135,train
8,Gos135.s656,Am-mode-05620,train,true,false,JRrajzcajp,JR,Gos135,train
14,Gos135.s657,Nm-posl-05638,train,true,false,JRrajzcajp,JR,Gos135,train
32,Gos135.s658,Nm-posl-05638,train,true,false,JRrajzcajp,JR,Gos135,train
4,Gos137.s562,Jm-posl-05627,train,true,false,JRrajzcajp,JR,Gos137,train
11,Gos137.s563,Am-mode-05620,train,true,false,JRrajzcajp,JR,Gos137,train
13,Gos137.s564,Jm-posl-05627,train,true,false,JRrajzcajp,JR,Gos137,train
9,Gos137.s565,Am-mode-05620,train,true,false,JRrajzcajp,JR,Gos137,train
15,Gos137.s566,Bm-mode-05621,train,true,false,JRrajzcajp,JR,Gos137,train
4,Gos137.s567,Jm-posl-05627,train,true,false,JRrajzcajp,JR,Gos137,train
5,Gos137.s568,Bm-mode-05621,train,true,false,JRrajzcajp,JR,Gos137,train
7,Gos137.s569,Jm-posl-05627,train,true,false,JRrajzcajp,JR,Gos137,train
2,Gos137.s570,Bm-mode-05621,train,true,false,JRrajzcajp,JR,Gos137,train
2,Gos137.s571,Am-mode-05620,train,true,false,JRrajzcajp,JR,Gos137,train
15,Gos137.s572,Am-mode-05620,train,true,false,JRrajzcajp,JR,Gos137,train
4,Gos137.s573,Jm-posl-05627,train,true,false,JRrajzcajp,JR,Gos137,train
7,Gos137.s574,Jm-posl-05627,train,true,false,JRrajzcajp,JR,Gos137,train
5,Gos137.s575,Am-mode-05620,train,true,false,JRrajzcajp,JR,Gos137,train
7,Gos137.s576,Jm-posl-05627,train,true,false,JRrajzcajp,JR,Gos137,train
2,Gos137.s577,Am-mode-05620,train,true,false,JRrajzcajp,JR,Gos137,train
2,Gos137.s578,Bm-mode-05621,train,true,false,JRrajzcajp,JR,Gos137,train
14,Gos137.s579,Am-mode-05620,train,true,false,JRrajzcajp,JR,Gos137,train
8,Gos137.s580,Jm-posl-05627,train,true,false,JRrajzcajp,JR,Gos137,train
18,Gos137.s581,Am-mode-05620,train,true,false,JRrajzcajp,JR,Gos137,train
2,Gos137.s582,Jm-posl-05627,train,true,false,JRrajzcajp,JR,Gos137,train
6,Gos137.s583,Am-mode-05620,train,true,false,JRrajzcajp,JR,Gos137,train
2,Gos137.s584,Jm-posl-05627,train,true,false,JRrajzcajp,JR,Gos137,train
17,Gos137.s585,Am-mode-05620,train,true,false,JRrajzcajp,JR,Gos137,train
13,Gos137.s586,Bm-mode-05621,train,true,false,JRrajzcajp,JR,Gos137,train
8,Gos137.s587,Jm-posl-05627,train,true,false,JRrajzcajp,JR,Gos137,train
2,Gos137.s588,Am-mode-05620,train,true,false,JRrajzcajp,JR,Gos137,train
16,Gos137.s589,Am-mode-05620,train,true,false,JRrajzcajp,JR,Gos137,train
30,Gos137.s590,Am-mode-05620,train,true,false,JRrajzcajp,JR,Gos137,train
3,Gos137.s591,Am-mode-05620,train,true,false,JRrajzcajp,JR,Gos137,train
11,Gos137.s593,Bm-mode-05621,train,true,false,JRrajzcajp,JR,Gos137,train
40,Gos137.s594,Am-mode-05620,train,true,false,JRrajzcajp,JR,Gos137,train
9,Gos137.s595,Am-mode-05620,train,true,false,JRrajzcajp,JR,Gos137,train
3,Gos137.s596,Am-mode-05620,train,true,false,JRrajzcajp,JR,Gos137,train
24,Gos138.s21,Sf-mode-04529,train,true,true,JRrajzkkna,JR,Gos138,train
4,Gos138.s22,Mm-posl-04531,train,true,true,JRrajzkkna,JR,Gos138,train
16,Gos138.s23,Sf-mode-04529,train,true,true,JRrajzkkna,JR,Gos138,train
29,Gos139.s171,If-inte-10503,train,true,false,JRramarmpo,JR,Gos139,train
2,Gos139.s172,Am-novi-10501,train,true,false,JRramarmpo,JR,Gos139,train
5,Gos139.s173,If-inte-10503,train,true,false,JRramarmpo,JR,Gos139,train
19,Gos139.s174,If-inte-10503,train,true,false,JRramarmpo,JR,Gos139,train
7,Gos139.s175,Am-novi-10501,train,true,false,JRramarmpo,JR,Gos139,train
10,Gos139.s176,If-inte-10503,train,true,false,JRramarmpo,JR,Gos139,train
6,Gos139.s177,Am-novi-10501,train,true,false,JRramarmpo,JR,Gos139,train
46,Gos139.s178,Am-novi-10501,train,true,false,JRramarmpo,JR,Gos139,train
4,Gos139.s179,If-inte-10503,train,true,false,JRramarmpo,JR,Gos139,train
45,Gos139.s180,Am-novi-10501,train,true,false,JRramarmpo,JR,Gos139,train
2,Gos140.s12,Bf-inte-10502,train,true,false,JRramarmpo,JR,Gos140,train
10,Gos140.s13,Am-novi-10501,train,true,false,JRramarmpo,JR,Gos140,train
3,Gos140.s14,Bf-inte-10502,train,true,false,JRramarmpo,JR,Gos140,train
27,Gos140.s15,Bf-inte-10502,train,true,false,JRramarmpo,JR,Gos140,train
23,Gos140.s16,Bf-inte-10502,train,true,false,JRramarmpo,JR,Gos140,train
29,Gos140.s17,Bf-inte-10502,train,true,false,JRramarmpo,JR,Gos140,train
7,Gos140.s18,Am-novi-10501,train,true,false,JRramarmpo,JR,Gos140,train
2,Gos142.s159,Am-novi-02044,train,true,false,JRraslvans,JR,Gos142,train
26,Gos142.s160,Bf-gost-02045,train,true,false,JRraslvans,JR,Gos142,train
23,Gos142.s161,Bf-gost-02045,train,true,false,JRraslvans,JR,Gos142,train
5,Gos142.s162,Am-novi-02044,train,true,false,JRraslvans,JR,Gos142,train
3,Gos142.s163,Bf-gost-02045,train,true,false,JRraslvans,JR,Gos142,train
2,Gos142.s164,Am-novi-02044,train,true,false,JRraslvans,JR,Gos142,train
21,Gos142.s165,Bf-gost-02045,train,true,false,JRraslvans,JR,Gos142,train
6,Gos142.s166,Am-novi-02044,train,true,false,JRraslvans,JR,Gos142,train
7,Gos142.s167,Bf-gost-02045,train,true,false,JRraslvans,JR,Gos142,train
4,Gos142.s168,Am-novi-02044,train,true,false,JRraslvans,JR,Gos142,train
14,Gos142.s169,Bf-gost-02045,train,true,false,JRraslvans,JR,Gos142,train
14,Gos142.s170,Bf-gost-02045,train,true,false,JRraslvans,JR,Gos142,train
6,Gos142.s171,Bf-gost-02045,train,true,false,JRraslvans,JR,Gos142,train
23,Gos142.s172,Bf-gost-02045,train,true,false,JRraslvans,JR,Gos142,train
11,Gos142.s173,Bf-gost-02045,train,true,false,JRraslvans,JR,Gos142,train
54,Gos142.s174,Bf-gost-02045,train,true,false,JRraslvans,JR,Gos142,train
8,Gos143.s116,Am-novi-02044,train,true,false,JRraslvans,JR,Gos143,train
36,Gos143.s117,Am-novi-02044,train,true,false,JRraslvans,JR,Gos143,train
19,Gos143.s118,Cm-inte-02100,train,true,false,JRraslvans,JR,Gos143,train
20,Gos143.s119,Bm-inte-02099,train,true,false,JRraslvans,JR,Gos143,train
20,Gos143.s120,Am-novi-02044,train,true,false,JRraslvans,JR,Gos143,train
22,Gos143.s121,Cm-inte-02100,train,true,false,JRraslvans,JR,Gos143,train
8,Gos143.s122,Cm-inte-02100,train,true,false,JRraslvans,JR,Gos143,train
34,Gos143.s123,Cm-inte-02100,train,true,false,JRraslvans,JR,Gos143,train
10,Gos145.s206,Dm-mode-01017,train,true,false,JRrasvcijp,JR,Gos145,train
2,Gos145.s207,Ef-mode-01018,train,true,false,JRrasvcijp,JR,Gos145,train
5,Gos145.s208,Mm-posl-01032,train,true,false,JRrasvcijp,JR,Gos145,train
6,Gos145.s209,Dm-mode-01017,train,true,false,JRrasvcijp,JR,Gos145,train
3,Gos145.s210,Mm-posl-01032,train,true,false,JRrasvcijp,JR,Gos145,train
12,Gos145.s211,Dm-mode-01017,train,true,false,JRrasvcijp,JR,Gos145,train
8,Gos145.s212,Mm-posl-01032,train,true,false,JRrasvcijp,JR,Gos145,train
7,Gos145.s213,Dm-mode-01017,train,true,false,JRrasvcijp,JR,Gos145,train
2,Gos145.s214,Mm-posl-01032,train,true,false,JRrasvcijp,JR,Gos145,train
16,Gos145.s215,Dm-mode-01017,train,true,false,JRrasvcijp,JR,Gos145,train
5,Gos145.s216,Mm-posl-01032,train,true,false,JRrasvcijp,JR,Gos145,train
4,Gos145.s217,Dm-mode-01017,train,true,false,JRrasvcijp,JR,Gos145,train
12,Gos145.s218,Dm-mode-01017,train,true,false,JRrasvcijp,JR,Gos145,train
2,Gos145.s219,Mm-posl-01032,train,true,false,JRrasvcijp,JR,Gos145,train
4,Gos145.s220,Dm-mode-01017,train,true,false,JRrasvcijp,JR,Gos145,train
15,Gos145.s221,Dm-mode-01017,train,true,false,JRrasvcijp,JR,Gos145,train
2,Gos145.s222,Dm-mode-01017,train,true,false,JRrasvcijp,JR,Gos145,train
3,Gos145.s223,Mm-posl-01032,train,true,false,JRrasvcijp,JR,Gos145,train
11,Gos145.s224,Dm-mode-01017,train,true,false,JRrasvcijp,JR,Gos145,train
28,Gos145.s225,Dm-mode-01017,train,true,false,JRrasvcijp,JR,Gos145,train
2,Gos145.s226,Mm-posl-01032,train,true,false,JRrasvcijp,JR,Gos145,train
12,Gos145.s227,Dm-mode-01017,train,true,false,JRrasvcijp,JR,Gos145,train
4,Gos145.s228,Dm-mode-01017,train,true,false,JRrasvcijp,JR,Gos145,train
2,Gos145.s229,Mm-posl-01032,train,true,false,JRrasvcijp,JR,Gos145,train
23,Gos145.s230,Dm-mode-01017,train,true,false,JRrasvcijp,JR,Gos145,train
4,Gos145.s231,Mm-posl-01032,train,true,false,JRrasvcijp,JR,Gos145,train
17,Gos145.s232,Dm-mode-01017,train,true,false,JRrasvcijp,JR,Gos145,train
2,Gos145.s233,Mm-posl-01032,train,true,false,JRrasvcijp,JR,Gos145,train
18,Gos145.s234,Dm-mode-01017,train,true,false,JRrasvcijp,JR,Gos145,train
4,Gos145.s235,Mm-posl-01032,train,true,false,JRrasvcijp,JR,Gos145,train
2,Gos145.s236,Dm-mode-01017,train,true,false,JRrasvcijp,JR,Gos145,train
4,Gos145.s237,Dm-mode-01017,train,true,false,JRrasvcijp,JR,Gos145,train
17,Gos145.s238,Dm-mode-01017,train,true,false,JRrasvcijp,JR,Gos145,train
28,Gos147.s34,Am-mode-02120,train,true,false,JRrasvfajp,JR,Gos147,train
45,Gos147.s35,Am-mode-02120,train,true,false,JRrasvfajp,JR,Gos147,train
2,Gos147.s37,Am-mode-02120,train,true,false,JRrasvfajp,JR,Gos147,train
23,Gos147.s38,Am-mode-02120,train,true,false,JRrasvfajp,JR,Gos147,train
6,Gos148.s65,Pf-novi-01004,train,true,false,JRrasvkoso,JR,Gos148,dev
7,Gos148.s66,Pf-novi-01004,train,true,false,JRrasvkoso,JR,Gos148,dev
19,Gos148.s67,Pf-novi-01004,train,true,false,JRrasvkoso,JR,Gos148,dev
31,Gos148.s68,Pf-novi-01004,train,true,false,JRrasvkoso,JR,Gos148,dev
14,Gos148.s69,Pf-novi-01004,train,true,false,JRrasvkoso,JR,Gos148,dev
13,Gos149.s23,Mf-inte-01007,train,true,false,JRrasvkoso,JR,Gos149,dev
18,Gos149.s24,Mf-inte-01007,train,true,false,JRrasvkoso,JR,Gos149,dev
7,Gos149.s25,Mf-inte-01007,train,true,false,JRrasvkoso,JR,Gos149,dev
30,Gos149.s26,Mf-inte-01007,train,true,false,JRrasvkoso,JR,Gos149,dev
62,Gos149.s27,Mf-inte-01007,train,true,false,JRrasvkoso,JR,Gos149,dev
18,Gos152.s132,Tf-mode-01013,train,true,false,JRrasvkost,JR,Gos152,train
12,Gos152.s133,Tf-mode-01013,train,true,false,JRrasvkost,JR,Gos152,train
6,Gos152.s134,Tf-mode-01013,train,true,false,JRrasvkost,JR,Gos152,train
14,Gos152.s135,Tf-mode-01013,train,true,false,JRrasvkost,JR,Gos152,train
4,Gos152.s136,Tf-mode-01013,train,true,false,JRrasvkost,JR,Gos152,train
17,Gos152.s137,Zf-mode-01014,train,true,false,JRrasvkost,JR,Gos152,train
4,Gos152.s138,Tf-mode-01013,train,true,false,JRrasvkost,JR,Gos152,train
8,Gos152.s139,Tf-mode-01013,train,true,false,JRrasvkost,JR,Gos152,train
9,Gos152.s140,Zf-mode-01014,train,true,false,JRrasvkost,JR,Gos152,train
2,Gos152.s141,Tf-mode-01013,train,true,false,JRrasvkost,JR,Gos152,train
14,Gos154.s201,Hf-mode-07518,train,true,false,JRrasvmbjp,JR,Gos154,train
7,Gos154.s202,Hf-mode-07518,train,true,false,JRrasvmbjp,JR,Gos154,train
5,Gos154.s203,Mm-inte-07510,train,true,false,JRrasvmbjp,JR,Gos154,train
2,Gos154.s204,Mm-inte-07510,train,true,false,JRrasvmbjp,JR,Gos154,train
18,Gos154.s206,Hf-mode-07518,train,true,false,JRrasvmbjp,JR,Gos154,train
11,Gos154.s207,Hf-mode-07518,train,true,false,JRrasvmbjp,JR,Gos154,train
13,Gos154.s209,Hf-mode-07518,train,true,false,JRrasvmbjp,JR,Gos154,train
25,Gos154.s210,Hf-mode-07518,train,true,false,JRrasvmbjp,JR,Gos154,train
20,Gos154.s211,Hf-mode-07518,train,true,false,JRrasvmbjp,JR,Gos154,train
6,Gos154.s212,Hf-mode-07518,train,true,false,JRrasvmbjp,JR,Gos154,train
3,Gos155.s80,Bm-posl-10506,train,true,false,JRrasvmvge,JR,Gos155,dev
9,Gos155.s81,Pm-mode-10504,train,true,false,JRrasvmvge,JR,Gos155,dev
3,Gos155.s82,Bm-posl-10506,train,true,false,JRrasvmvge,JR,Gos155,dev
2,Gos155.s83,Pm-mode-10504,train,true,false,JRrasvmvge,JR,Gos155,dev
3,Gos155.s84,Bm-posl-10506,train,true,false,JRrasvmvge,JR,Gos155,dev
3,Gos155.s85,Pm-mode-10504,train,true,false,JRrasvmvge,JR,Gos155,dev
6,Gos155.s86,Pm-mode-10504,train,true,false,JRrasvmvge,JR,Gos155,dev
23,Gos155.s87,Pm-mode-10504,train,true,false,JRrasvmvge,JR,Gos155,dev
2,Gos155.s88,Dm-mode-10505,train,true,false,JRrasvmvge,JR,Gos155,dev
21,Gos155.s89,Bm-posl-10506,train,true,false,JRrasvmvge,JR,Gos155,dev
2,Gos155.s90,Pm-mode-10504,train,true,false,JRrasvmvge,JR,Gos155,dev
4,Gos155.s91,Pm-mode-10504,train,true,false,JRrasvmvge,JR,Gos155,dev
2,Gos155.s92,Bm-posl-10506,train,true,false,JRrasvmvge,JR,Gos155,dev
6,Gos155.s93,Pm-mode-10504,train,true,false,JRrasvmvge,JR,Gos155,dev
5,Gos155.s94,Bm-posl-10506,train,true,false,JRrasvmvge,JR,Gos155,dev
5,Gos155.s95,Pm-mode-10504,train,true,false,JRrasvmvge,JR,Gos155,dev
17,Gos155.s96,Pm-mode-10504,train,true,false,JRrasvmvge,JR,Gos155,dev
23,Gos155.s97,Pm-mode-10504,train,true,false,JRrasvmvge,JR,Gos155,dev
3,Gos155.s98,Pm-mode-10504,train,true,false,JRrasvmvge,JR,Gos155,dev
2,Gos155.s100,Pm-mode-10504,train,true,false,JRrasvmvge,JR,Gos155,dev
5,Gos155.s101,Ff-posl-10507,train,true,false,JRrasvmvge,JR,Gos155,dev
3,Gos155.s102,Pm-mode-10504,train,true,false,JRrasvmvge,JR,Gos155,dev
4,Gos155.s103,Ff-posl-10507,train,true,false,JRrasvmvge,JR,Gos155,dev
6,Gos155.s104,Pm-mode-10504,train,true,false,JRrasvmvge,JR,Gos155,dev
3,Gos155.s105,Ff-posl-10507,train,true,false,JRrasvmvge,JR,Gos155,dev
11,Gos155.s106,Pm-mode-10504,train,true,false,JRrasvmvge,JR,Gos155,dev
32,Gos155.s107,Pm-mode-10504,train,true,false,JRrasvmvge,JR,Gos155,dev
14,Gos155.s108,Ff-posl-10507,train,true,false,JRrasvmvge,JR,Gos155,dev
8,Gos155.s109,Pm-mode-10504,train,true,false,JRrasvmvge,JR,Gos155,dev
9,Gos155.s110,Ff-posl-10507,train,true,false,JRrasvmvge,JR,Gos155,dev
2,Gos155.s111,Pm-mode-10504,train,true,false,JRrasvmvge,JR,Gos155,dev
5,Gos155.s112,Ff-posl-10507,train,true,false,JRrasvmvge,JR,Gos155,dev
13,Gos155.s113,Pm-mode-10504,train,true,false,JRrasvmvge,JR,Gos155,dev
37,Gos155.s114,Pm-mode-10504,train,true,false,JRrasvmvge,JR,Gos155,dev
28,Gos156.s18,Jm-gost-08504,train,true,false,JRrasvmvzd,JR,Gos156,train
4,Gos156.s19,Rm-mode-08503,train,true,false,JRrasvmvzd,JR,Gos156,train
13,Gos156.s20,Jm-gost-08504,train,true,false,JRrasvmvzd,JR,Gos156,train
4,Gos156.s21,Rm-mode-08503,train,true,false,JRrasvmvzd,JR,Gos156,train
2,Gos156.s22,Jm-gost-08504,train,true,false,JRrasvmvzd,JR,Gos156,train
7,Gos156.s23,Rm-mode-08503,train,true,false,JRrasvmvzd,JR,Gos156,train
8,Gos156.s24,Jm-gost-08504,train,true,false,JRrasvmvzd,JR,Gos156,train
17,Gos156.s25,Rm-mode-08503,train,true,false,JRrasvmvzd,JR,Gos156,train
13,Gos156.s26,Jm-gost-08504,train,true,false,JRrasvmvzd,JR,Gos156,train
32,Gos156.s27,Rm-mode-08503,train,true,false,JRrasvmvzd,JR,Gos156,train
19,Gos156.s28,Rm-mode-08503,train,true,false,JRrasvmvzd,JR,Gos156,train
20,Gos159.s569,Gm-novi-02048,train,true,true,JRtvslpoas,JR,Gos159,train
6,Gos159.s570,Om-gost-06560,train,true,true,JRtvslpoas,JR,Gos159,train
49,Gos159.s571,Gm-novi-02048,train,true,true,JRtvslpoas,JR,Gos159,train
45,Gos159.s572,Om-gost-06560,train,true,true,JRtvslpoas,JR,Gos159,train
34,Gos159.s573,Om-gost-06560,train,true,true,JRtvslpoas,JR,Gos159,train
25,Gos159.s574,Sm-novi-02049,train,true,true,JRtvslpoas,JR,Gos159,train
8,Gos159.s575,Gm-novi-02048,train,true,true,JRtvslpoas,JR,Gos159,train
19,Gos159.s576,Om-gost-06560,train,true,true,JRtvslpoas,JR,Gos159,train
13,Gos159.s577,Gm-novi-02048,train,true,true,JRtvslpoas,JR,Gos159,train
4,Gos159.s578,Sm-novi-02049,train,true,true,JRtvslpoas,JR,Gos159,train
3,Gos159.s579,Om-gost-06560,train,true,true,JRtvslpoas,JR,Gos159,train
9,Gos159.s580,Sm-novi-02049,train,true,true,JRtvslpoas,JR,Gos159,train
8,Gos159.s581,Sm-novi-02049,train,true,true,JRtvslpoas,JR,Gos159,train
9,Gos159.s582,Om-gost-06560,train,true,true,JRtvslpoas,JR,Gos159,train
2,Gos159.s583,Gm-novi-02048,train,true,true,JRtvslpoas,JR,Gos159,train
6,Gos159.s584,Gm-novi-02048,train,true,true,JRtvslpoas,JR,Gos159,train
6,Gos159.s585,Om-gost-06560,train,true,true,JRtvslpoas,JR,Gos159,train
4,Gos159.s586,Sm-novi-02049,train,true,true,JRtvslpoas,JR,Gos159,train
20,Gos159.s587,Om-gost-06560,train,true,true,JRtvslpoas,JR,Gos159,train
6,Gos159.s588,Sm-novi-02049,train,true,true,JRtvslpoas,JR,Gos159,train
16,Gos159.s589,Gm-novi-02048,train,true,true,JRtvslpoas,JR,Gos159,train
4,Gos159.s590,Sm-novi-02049,train,true,true,JRtvslpoas,JR,Gos159,train
78,Gos159.s591,Gm-novi-02048,train,true,true,JRtvslpoas,JR,Gos159,train
9,Gos161.s141,Um-nast-00021,train,true,false,JRtvslpode,JR,Gos161,train
13,Gos161.s143,Um-nast-00021,train,true,false,JRtvslpode,JR,Gos161,train
14,Gos161.s144,Um-nast-00021,train,true,false,JRtvslpode,JR,Gos161,train
10,Gos161.s145,Bm-nast-00022,train,true,false,JRtvslpode,JR,Gos161,train
7,Gos161.s146,Um-nast-00021,train,true,false,JRtvslpode,JR,Gos161,train
22,Gos161.s147,Um-nast-00021,train,true,false,JRtvslpode,JR,Gos161,train
13,Gos161.s149,Um-nast-00021,train,true,false,JRtvslpode,JR,Gos161,train
58,Gos161.s150,Um-nast-00021,train,true,false,JRtvslpode,JR,Gos161,train
18,Gos161.s151,Um-nast-00021,train,true,false,JRtvslpode,JR,Gos161,train
23,Gos161.s152,Um-nast-00021,train,true,false,JRtvslpode,JR,Gos161,train
23,Gos161.s153,Um-nast-00021,train,true,false,JRtvslpode,JR,Gos161,train
15,Gos161.s154,Um-nast-00021,train,true,false,JRtvslpode,JR,Gos161,train
22,Gos161.s155,Um-nast-00021,train,true,false,JRtvslpode,JR,Gos161,train
38,Gos161.s156,Um-nast-00021,train,true,false,JRtvslpode,JR,Gos161,train
23,Gos161.s157,Um-nast-00021,train,true,false,JRtvslpode,JR,Gos161,train
29,Gos161.s158,Um-nast-00021,train,true,false,JRtvslpode,JR,Gos161,train
14,Gos161.s159,Um-nast-00021,train,true,false,JRtvslpode,JR,Gos161,train
18,Gos161.s160,Um-nast-00021,train,true,false,JRtvslpode,JR,Gos161,train
22,Gos161.s161,Um-nast-00021,train,true,false,JRtvslpode,JR,Gos161,train
16,Gos161.s162,Um-nast-00021,train,true,false,JRtvslpode,JR,Gos161,train
12,Gos161.s163,Um-nast-00021,train,true,false,JRtvslpode,JR,Gos161,train
17,Gos162.s489,Dm-nast-00512,train,true,false,JRtvslpokm,JR,Gos162,test
2,Gos162.s490,Dm-nast-00512,train,true,false,JRtvslpokm,JR,Gos162,test
4,Gos162.s492,Dm-nast-00512,train,true,false,JRtvslpokm,JR,Gos162,test
9,Gos162.s493,Dm-nast-00512,train,true,false,JRtvslpokm,JR,Gos162,test
4,Gos162.s494,Dm-nast-00512,train,true,false,JRtvslpokm,JR,Gos162,test
17,Gos162.s495,Dm-nast-00512,train,true,false,JRtvslpokm,JR,Gos162,test
16,Gos162.s496,Am-nast-00509,train,true,false,JRtvslpokm,JR,Gos162,test
6,Gos162.s497,Em-nast-00513,train,true,false,JRtvslpokm,JR,Gos162,test
8,Gos162.s498,Am-nast-00509,train,true,false,JRtvslpokm,JR,Gos162,test
23,Gos162.s499,Em-nast-00513,train,true,false,JRtvslpokm,JR,Gos162,test
5,Gos162.s500,Am-nast-00509,train,true,false,JRtvslpokm,JR,Gos162,test
36,Gos162.s501,Em-nast-00513,train,true,false,JRtvslpokm,JR,Gos162,test
15,Gos162.s502,Em-nast-00513,train,true,false,JRtvslpokm,JR,Gos162,test
19,Gos162.s503,Am-nast-00509,train,true,false,JRtvslpokm,JR,Gos162,test
4,Gos162.s504,Am-nast-00509,train,true,false,JRtvslpokm,JR,Gos162,test
6,Gos162.s505,Em-nast-00513,train,true,false,JRtvslpokm,JR,Gos162,test
2,Gos162.s506,Am-nast-00509,train,true,false,JRtvslpokm,JR,Gos162,test
7,Gos162.s507,Am-nast-00509,train,true,false,JRtvslpokm,JR,Gos162,test
14,Gos163.s217,Fm-nast-00514,train,true,false,JRtvslpokm,JR,Gos163,test
2,Gos163.s219,Fm-nast-00514,train,true,false,JRtvslpokm,JR,Gos163,test
2,Gos163.s220,Gf-nast-00515,train,true,false,JRtvslpokm,JR,Gos163,test
8,Gos163.s221,Fm-nast-00514,train,true,false,JRtvslpokm,JR,Gos163,test
2,Gos163.s222,Gf-nast-00515,train,true,false,JRtvslpokm,JR,Gos163,test
4,Gos163.s223,Hf-nast-00516,train,true,false,JRtvslpokm,JR,Gos163,test
19,Gos163.s224,Fm-nast-00514,train,true,false,JRtvslpokm,JR,Gos163,test
33,Gos163.s226,Fm-nast-00514,train,true,false,JRtvslpokm,JR,Gos163,test
4,Gos163.s228,Gf-nast-00515,train,true,false,JRtvslpokm,JR,Gos163,test
13,Gos163.s229,Fm-nast-00514,train,true,false,JRtvslpokm,JR,Gos163,test
5,Gos163.s230,Gf-nast-00515,train,true,false,JRtvslpokm,JR,Gos163,test
4,Gos163.s231,Fm-nast-00514,train,true,false,JRtvslpokm,JR,Gos163,test
8,Gos163.s232,Gf-nast-00515,train,true,false,JRtvslpokm,JR,Gos163,test
6,Gos163.s233,Fm-nast-00514,train,true,false,JRtvslpokm,JR,Gos163,test
6,Gos163.s234,Em-nast-00513,train,true,false,JRtvslpokm,JR,Gos163,test
19,Gos164.s484,Zm-mode-00026,train,true,false,JRtvslpovp,JR,Gos164,train
5,Gos164.s485,Mm-gost-09018,train,true,false,JRtvslpovp,JR,Gos164,train
14,Gos164.s486,Zm-mode-00026,train,true,false,JRtvslpovp,JR,Gos164,train
8,Gos164.s487,Mm-gost-09018,train,true,false,JRtvslpovp,JR,Gos164,train
29,Gos164.s488,Zm-mode-00026,train,true,false,JRtvslpovp,JR,Gos164,train
2,Gos164.s489,Zm-mode-00026,train,true,false,JRtvslpovp,JR,Gos164,train
7,Gos164.s490,Mm-gost-09018,train,true,false,JRtvslpovp,JR,Gos164,train
8,Gos164.s491,Zm-mode-00026,train,true,false,JRtvslpovp,JR,Gos164,train
27,Gos164.s492,Mm-gost-09018,train,true,false,JRtvslpovp,JR,Gos164,train
23,Gos164.s493,Zm-mode-00026,train,true,false,JRtvslpovp,JR,Gos164,train
5,Gos164.s494,Zm-mode-00026,train,true,false,JRtvslpovp,JR,Gos164,train
9,Gos164.s495,Mm-gost-09018,train,true,false,JRtvslpovp,JR,Gos164,train
6,Gos164.s496,Zm-mode-00026,train,true,false,JRtvslpovp,JR,Gos164,train
10,Gos164.s497,Zm-mode-00026,train,true,false,JRtvslpovp,JR,Gos164,train
7,Gos164.s499,Zm-mode-00026,train,true,false,JRtvslpovp,JR,Gos164,train
2,Gos164.s500,Yn-posl-00000,train,true,false,JRtvslpovp,JR,Gos164,train
4,Gos164.s501,Zm-mode-00026,train,true,false,JRtvslpovp,JR,Gos164,train
2,Gos164.s503,Zm-mode-00026,train,true,false,JRtvslpovp,JR,Gos164,train
7,Gos164.s505,Zm-mode-00026,train,true,false,JRtvslpovp,JR,Gos164,train
5,Gos164.s506,Zm-mode-00026,train,true,false,JRtvslpovp,JR,Gos164,train
6,Gos164.s507,Zm-mode-00026,train,true,false,JRtvslpovp,JR,Gos164,train
29,Gos164.s508,Zm-mode-00026,train,true,false,JRtvslpovp,JR,Gos164,train
7,Gos164.s509,Zm-mode-00026,train,true,false,JRtvslpovp,JR,Gos164,train
3,Gos164.s511,Zm-mode-00026,train,true,false,JRtvslpovp,JR,Gos164,train
2,Gos164.s512,Zm-mode-00026,train,true,false,JRtvslpovp,JR,Gos164,train
2,Gos164.s513,Tf-nast-09007,train,true,false,JRtvslpovp,JR,Gos164,train
3,Gos164.s514,Tf-nast-09007,train,true,false,JRtvslpovp,JR,Gos164,train
2,Gos164.s515,Zm-mode-00026,train,true,false,JRtvslpovp,JR,Gos164,train
4,Gos164.s516,Tf-nast-09007,train,true,false,JRtvslpovp,JR,Gos164,train
2,Gos164.s517,Zm-mode-00026,train,true,false,JRtvslpovp,JR,Gos164,train
2,Gos164.s518,Tf-nast-09007,train,true,false,JRtvslpovp,JR,Gos164,train
5,Gos164.s519,Zm-mode-00026,train,true,false,JRtvslpovp,JR,Gos164,train
3,Gos164.s520,Zm-mode-00026,train,true,false,JRtvslpovp,JR,Gos164,train
5,Gos164.s521,Zm-mode-00026,train,true,false,JRtvslpovp,JR,Gos164,train
3,Gos164.s523,Zm-mode-00026,train,true,false,JRtvslpovp,JR,Gos164,train
17,Gos164.s524,Zm-mode-00026,train,true,false,JRtvslpovp,JR,Gos164,train
11,Gos164.s525,Zm-mode-00026,train,true,false,JRtvslpovp,JR,Gos164,train
11,Gos164.s526,Zm-mode-00026,train,true,false,JRtvslpovp,JR,Gos164,train
2,Gos164.s527,Zm-mode-00026,train,true,false,JRtvslpovp,JR,Gos164,train
2,Gos164.s528,Af-gost-06561,train,true,false,JRtvslpovp,JR,Gos164,train
9,Gos164.s529,Zm-mode-00026,train,true,false,JRtvslpovp,JR,Gos164,train
8,Gos164.s530,Zm-mode-00026,train,true,false,JRtvslpovp,JR,Gos164,train
12,Gos164.s531,Zm-mode-00026,train,true,false,JRtvslpovp,JR,Gos164,train
4,Gos164.s532,Af-gost-06561,train,true,false,JRtvslpovp,JR,Gos164,train
2,Gos164.s533,Zm-mode-00026,train,true,false,JRtvslpovp,JR,Gos164,train
4,Gos164.s534,Af-gost-06561,train,true,false,JRtvslpovp,JR,Gos164,train
2,Gos164.s535,Zm-mode-00026,train,true,false,JRtvslpovp,JR,Gos164,train
12,Gos164.s536,Zm-mode-00026,train,true,false,JRtvslpovp,JR,Gos164,train
15,Gos164.s537,Zm-mode-00026,train,true,false,JRtvslpovp,JR,Gos164,train
3,Gos164.s538,Zm-mode-00026,train,true,false,JRtvslpovp,JR,Gos164,train
5,Gos164.s539,Zm-mode-00026,train,true,false,JRtvslpovp,JR,Gos164,train
19,Gos164.s540,Zm-mode-00026,train,true,false,JRtvslpovp,JR,Gos164,train
9,Gos164.s541,Zm-mode-00026,train,true,false,JRtvslpovp,JR,Gos164,train
12,Gos164.s542,Zm-mode-00026,train,true,false,JRtvslpovp,JR,Gos164,train
2,Gos164.s544,Zm-mode-00026,train,true,false,JRtvslpovp,JR,Gos164,train
21,Gos164.s545,Zm-mode-00026,train,true,false,JRtvslpovp,JR,Gos164,train
6,Gos164.s546,Zm-mode-00026,train,true,false,JRtvslpovp,JR,Gos164,train
8,Gos164.s547,Zm-mode-00026,train,true,false,JRtvslpovp,JR,Gos164,train
5,Gos164.s548,Zm-mode-00026,train,true,false,JRtvslpovp,JR,Gos164,train
22,Gos164.s549,Zm-mode-00026,train,true,false,JRtvslpovp,JR,Gos164,train
2,Gos164.s550,Zm-mode-00026,train,true,false,JRtvslpovp,JR,Gos164,train
10,Gos164.s551,Zm-mode-00026,train,true,false,JRtvslpovp,JR,Gos164,train
2,Gos164.s552,Zm-mode-00026,train,true,false,JRtvslpovp,JR,Gos164,train
9,Gos164.s553,Zm-mode-00026,train,true,false,JRtvslpovp,JR,Gos164,train
5,Gos164.s554,Zm-mode-00026,train,true,false,JRtvslpovp,JR,Gos164,train
5,Gos164.s555,Zm-mode-00026,train,true,false,JRtvslpovp,JR,Gos164,train
2,Gos165.s174,Cf-novi-02159,train,true,false,JRtvslslnl,JR,Gos165,test
11,Gos165.s175,Af-gost-02157,train,true,false,JRtvslslnl,JR,Gos165,test
8,Gos165.s176,Cf-novi-02159,train,true,false,JRtvslslnl,JR,Gos165,test
7,Gos165.s177,Bm-novi-02158,train,true,false,JRtvslslnl,JR,Gos165,test
14,Gos165.s178,Bm-novi-02158,train,true,false,JRtvslslnl,JR,Gos165,test
2,Gos165.s179,Af-gost-02157,train,true,false,JRtvslslnl,JR,Gos165,test
21,Gos165.s180,Bm-novi-02158,train,true,false,JRtvslslnl,JR,Gos165,test
33,Gos165.s181,Af-gost-02157,train,true,false,JRtvslslnl,JR,Gos165,test
23,Gos165.s182,Af-gost-02157,train,true,false,JRtvslslnl,JR,Gos165,test
4,Gos165.s183,Bm-novi-02158,train,true,false,JRtvslslnl,JR,Gos165,test
17,Gos165.s184,Af-gost-02157,train,true,false,JRtvslslnl,JR,Gos165,test
42,Gos165.s185,Af-gost-02157,train,true,false,JRtvslslnl,JR,Gos165,test
15,Gos165.s186,Af-gost-02157,train,true,false,JRtvslslnl,JR,Gos165,test
25,Gos165.s187,Af-gost-02157,train,true,false,JRtvslslnl,JR,Gos165,test
12,Gos165.s188,Bm-novi-02158,train,true,false,JRtvslslnl,JR,Gos165,test
12,Gos165.s190,Bm-novi-02158,train,true,false,JRtvslslnl,JR,Gos165,test
11,Gos165.s191,Af-gost-02157,train,true,false,JRtvslslnl,JR,Gos165,test
15,Gos165.s192,Af-gost-02157,train,true,false,JRtvslslnl,JR,Gos165,test
9,Gos165.s193,Af-gost-02157,train,true,false,JRtvslslnl,JR,Gos165,test
16,Gos165.s194,Af-gost-02157,train,true,false,JRtvslslnl,JR,Gos165,test
2,Gos167.s134,Tm-nast-06575,train,true,true,JRtvslslpi,JR,Gos167,train
2,Gos167.s135,If-nast-06574,train,true,true,JRtvslslpi,JR,Gos167,train
3,Gos167.s136,Df-mode-06573,train,true,true,JRtvslslpi,JR,Gos167,train
26,Gos167.s138,Tm-nast-06575,train,true,true,JRtvslslpi,JR,Gos167,train
10,Gos167.s139,Tm-nast-06575,train,true,true,JRtvslslpi,JR,Gos167,train
14,Gos167.s140,Tm-nast-06575,train,true,true,JRtvslslpi,JR,Gos167,train
18,Gos167.s141,Df-mode-06573,train,true,true,JRtvslslpi,JR,Gos167,train
14,Gos167.s142,Tm-nast-06575,train,true,true,JRtvslslpi,JR,Gos167,train
15,Gos167.s143,Df-mode-06573,train,true,true,JRtvslslpi,JR,Gos167,train
14,Gos167.s144,Df-mode-06573,train,true,true,JRtvslslpi,JR,Gos167,train
15,Gos167.s145,Tm-nast-06575,train,true,true,JRtvslslpi,JR,Gos167,train
6,Gos167.s146,Tm-nast-06575,train,true,true,JRtvslslpi,JR,Gos167,train
7,Gos167.s147,Df-mode-06573,train,true,true,JRtvslslpi,JR,Gos167,train
13,Gos167.s148,Tm-nast-06575,train,true,true,JRtvslslpi,JR,Gos167,train
63,Gos167.s149,Tm-nast-06575,train,true,true,JRtvslslpi,JR,Gos167,train
32,Gos167.s150,Tm-nast-06575,train,true,true,JRtvslslpi,JR,Gos167,train
9,Gos167.s151,Tm-nast-06575,train,true,true,JRtvslslpi,JR,Gos167,train
21,Gos167.s152,Df-mode-06573,train,true,true,JRtvslslpi,JR,Gos167,train
31,Gos168.s196,Bm-novi-02092,train,true,false,JRtvslslsp,JR,Gos168,train
10,Gos168.s198,Am-novi-02099,train,true,false,JRtvslslsp,JR,Gos168,train
32,Gos168.s201,Bm-novi-02092,train,true,false,JRtvslslsp,JR,Gos168,train
7,Gos168.s202,Am-novi-02099,train,true,false,JRtvslslsp,JR,Gos168,train
2,Gos168.s203,Bm-novi-02092,train,true,false,JRtvslslsp,JR,Gos168,train
27,Gos168.s204,Bm-novi-02092,train,true,false,JRtvslslsp,JR,Gos168,train
40,Gos168.s205,Am-novi-02099,train,true,false,JRtvslslsp,JR,Gos168,train
13,Gos168.s206,Am-novi-02099,train,true,false,JRtvslslsp,JR,Gos168,train
12,Gos168.s207,Am-novi-02099,train,true,false,JRtvslslsp,JR,Gos168,train
25,Gos169.s148,Am-mode-02099,train,true,false,JRtvslslsp,JR,Gos169,train
6,Gos169.s149,Am-mode-02099,train,true,false,JRtvslslsp,JR,Gos169,train
15,Gos169.s150,Am-mode-02099,train,true,false,JRtvslslsp,JR,Gos169,train
15,Gos169.s152,Am-mode-02099,train,true,false,JRtvslslsp,JR,Gos169,train
5,Gos169.s153,Bm-mode-02092,train,true,false,JRtvslslsp,JR,Gos169,train
17,Gos169.s154,Bm-mode-02092,train,true,false,JRtvslslsp,JR,Gos169,train
25,Gos169.s155,Bm-mode-02092,train,true,false,JRtvslslsp,JR,Gos169,train
22,Gos169.s156,Am-mode-02099,train,true,false,JRtvslslsp,JR,Gos169,train
11,Gos169.s157,Am-mode-02099,train,true,false,JRtvslslsp,JR,Gos169,train
19,Gos169.s158,Bm-mode-02092,train,true,false,JRtvslslsp,JR,Gos169,train
7,Gos169.s159,Am-mode-02099,train,true,false,JRtvslslsp,JR,Gos169,train
14,Gos169.s160,Am-mode-02099,train,true,false,JRtvslslsp,JR,Gos169,train
14,Gos170.s128,Am-mode-00518,train,true,false,JRtvslslsp,JR,Gos170,test
5,Gos170.s129,Am-mode-00518,train,true,false,JRtvslslsp,JR,Gos170,test
31,Gos170.s130,Am-mode-00518,train,true,false,JRtvslslsp,JR,Gos170,test
12,Gos170.s131,Am-mode-00518,train,true,false,JRtvslslsp,JR,Gos170,test
5,Gos170.s132,Am-mode-00518,train,true,false,JRtvslslsp,JR,Gos170,test
8,Gos170.s133,Am-mode-00518,train,true,false,JRtvslslsp,JR,Gos170,test
17,Gos170.s135,Am-mode-00518,train,true,false,JRtvslslsp,JR,Gos170,test
24,Gos170.s137,Am-mode-00518,train,true,false,JRtvslslsp,JR,Gos170,test
12,Gos170.s139,Am-mode-00518,train,true,false,JRtvslslsp,JR,Gos170,test
3,Gos170.s141,Am-mode-00518,train,true,false,JRtvslslsp,JR,Gos170,test
10,Gos170.s143,Am-mode-00518,train,true,false,JRtvslslsp,JR,Gos170,test
2,Gos171.s258,Am-mode-00518,train,true,false,JRtvslslsp,JR,Gos171,test
9,Gos171.s260,Am-mode-00518,train,true,false,JRtvslslsp,JR,Gos171,test
16,Gos171.s261,Am-mode-00518,train,true,false,JRtvslslsp,JR,Gos171,test
23,Gos171.s263,Am-mode-00518,train,true,false,JRtvslslsp,JR,Gos171,test
9,Gos171.s265,Am-mode-00518,train,true,false,JRtvslslsp,JR,Gos171,test
8,Gos171.s267,Am-mode-00518,train,true,false,JRtvslslsp,JR,Gos171,test
31,Gos171.s268,Am-mode-00518,train,true,false,JRtvslslsp,JR,Gos171,test
22,Gos171.s269,Am-mode-00518,train,true,false,JRtvslslsp,JR,Gos171,test
8,Gos171.s270,Am-mode-00518,train,true,false,JRtvslslsp,JR,Gos171,test
22,Gos174.s20,Cf-udel-05580,train,true,false,NNoskpsods,NN,Gos174,train
29,Gos174.s21,Af-vodj-05578,train,true,false,NNoskpsods,NN,Gos174,train
32,Gos174.s22,Cf-udel-05580,train,true,false,NNoskpsods,NN,Gos174,train
2,Gos174.s23,Af-vodj-05578,train,true,false,NNoskpsods,NN,Gos174,train
22,Gos174.s24,Bf-udel-05579,train,true,false,NNoskpsods,NN,Gos174,train
8,Gos174.s25,Cf-udel-05580,train,true,false,NNoskpsods,NN,Gos174,train
19,Gos174.s26,Bf-udel-05579,train,true,false,NNoskpsods,NN,Gos174,train
45,Gos174.s27,Cf-udel-05580,train,true,false,NNoskpsods,NN,Gos174,train
4,Gos174.s28,Bf-udel-05579,train,true,false,NNoskpsods,NN,Gos174,train
23,Gos174.s29,Bf-udel-05579,train,true,false,NNoskpsods,NN,Gos174,train
4,Gos174.s30,Cf-udel-05580,train,true,false,NNoskpsods,NN,Gos174,train
24,Gos174.s31,Af-vodj-05578,train,true,false,NNoskpsods,NN,Gos174,train
27,Gos175.s145,Am-stra-02231,train,true,false,NNoskrprdo,NN,Gos175,train
23,Gos175.s146,Bf-akvi-02263,train,true,false,NNoskrprdo,NN,Gos175,train
25,Gos175.s147,Bf-akvi-02263,train,true,false,NNoskrprdo,NN,Gos175,train
74,Gos175.s148,Bf-akvi-02263,train,true,false,NNoskrprdo,NN,Gos175,train
13,Gos175.s149,Am-stra-02231,train,true,false,NNoskrprdo,NN,Gos175,train
17,Gos175.s150,Bf-akvi-02263,train,true,false,NNoskrprdo,NN,Gos175,train
6,Gos176.s764,Ef-udel-02288,train,true,false,NNosljakds,NN,Gos176,dev
2,Gos176.s765,Bf-udel-02285,train,true,false,NNosljakds,NN,Gos176,dev
2,Gos176.s766,Am-udel-02284,train,true,false,NNosljakds,NN,Gos176,dev
2,Gos176.s768,Ff-udel-02289,train,true,false,NNosljakds,NN,Gos176,dev
8,Gos176.s769,Am-udel-02284,train,true,false,NNosljakds,NN,Gos176,dev
4,Gos176.s772,Am-udel-02284,train,true,false,NNosljakds,NN,Gos176,dev
58,Gos176.s774,Ff-udel-02289,train,true,false,NNosljakds,NN,Gos176,dev
13,Gos176.s775,Ff-udel-02289,train,true,false,NNosljakds,NN,Gos176,dev
3,Gos176.s778,Ff-udel-02289,train,true,false,NNosljakds,NN,Gos176,dev
4,Gos176.s780,Ef-udel-02288,train,true,false,NNosljakds,NN,Gos176,dev
9,Gos176.s781,Ff-udel-02289,train,true,false,NNosljakds,NN,Gos176,dev
4,Gos176.s782,Jf-udel-02293,train,true,false,NNosljakds,NN,Gos176,dev
4,Gos176.s783,Am-udel-02284,train,true,false,NNosljakds,NN,Gos176,dev
8,Gos176.s784,Ff-udel-02289,train,true,false,NNosljakds,NN,Gos176,dev
8,Gos176.s785,Jf-udel-02293,train,true,false,NNosljakds,NN,Gos176,dev
9,Gos176.s786,Df-udel-02287,train,true,false,NNosljakds,NN,Gos176,dev
35,Gos176.s787,Ff-udel-02289,train,true,false,NNosljakds,NN,Gos176,dev
3,Gos176.s789,Ff-udel-02289,train,true,false,NNosljakds,NN,Gos176,dev
36,Gos176.s790,Hm-udel-02291,train,true,false,NNosljakds,NN,Gos176,dev
6,Gos176.s791,Ef-udel-02288,train,true,false,NNosljakds,NN,Gos176,dev
7,Gos176.s792,Am-udel-02284,train,true,false,NNosljakds,NN,Gos176,dev
4,Gos176.s793,Hm-udel-02291,train,true,false,NNosljakds,NN,Gos176,dev
20,Gos176.s794,Am-udel-02284,train,true,false,NNosljakds,NN,Gos176,dev
19,Gos176.s795,Ff-udel-02289,train,true,false,NNosljakds,NN,Gos176,dev
32,Gos176.s796,Ff-udel-02289,train,true,false,NNosljakds,NN,Gos176,dev
18,Gos176.s797,Am-udel-02284,train,true,false,NNosljakds,NN,Gos176,dev
4,Gos176.s798,Hm-udel-02291,train,true,false,NNosljakds,NN,Gos176,dev
33,Gos176.s799,Ff-udel-02289,train,true,false,NNosljakds,NN,Gos176,dev
35,Gos176.s800,Ff-udel-02289,train,true,false,NNosljakds,NN,Gos176,dev
16,Gos177.s78,Af-prof-02166,train,true,false,NNosljakko,NN,Gos177,train
4,Gos177.s79,Bf-stud-02167,train,true,false,NNosljakko,NN,Gos177,train
20,Gos177.s80,Af-prof-02166,train,true,false,NNosljakko,NN,Gos177,train
2,Gos177.s82,Af-prof-02166,train,true,false,NNosljakko,NN,Gos177,train
4,Gos177.s84,Af-prof-02166,train,true,false,NNosljakko,NN,Gos177,train
38,Gos177.s85,Bf-stud-02167,train,true,false,NNosljakko,NN,Gos177,train
8,Gos177.s86,Af-prof-02166,train,true,false,NNosljakko,NN,Gos177,train
29,Gos177.s87,Bf-stud-02167,train,true,false,NNosljakko,NN,Gos177,train
16,Gos177.s88,Af-prof-02166,train,true,false,NNosljakko,NN,Gos177,train
14,Gos177.s89,Bf-stud-02167,train,true,false,NNosljakko,NN,Gos177,train
11,Gos177.s90,Af-prof-02166,train,true,false,NNosljakko,NN,Gos177,train
11,Gos179.s154,Bm-sode-05588,train,true,false,NNosljpods,NN,Gos179,test
2,Gos179.s155,Af-sode-05584,train,true,false,NNosljpods,NN,Gos179,test
8,Gos179.s156,Bm-sode-05588,train,true,false,NNosljpods,NN,Gos179,test
8,Gos179.s157,Af-sode-05584,train,true,false,NNosljpods,NN,Gos179,test
7,Gos179.s158,Bm-sode-05588,train,true,false,NNosljpods,NN,Gos179,test
8,Gos179.s159,Bm-sode-05588,train,true,false,NNosljpods,NN,Gos179,test
7,Gos179.s160,Af-sode-05584,train,true,false,NNosljpods,NN,Gos179,test
1,Gos179.s161,Bm-sode-05588,train,true,false,NNosljpods,NN,Gos179,test
5,Gos179.s162,Af-sode-05584,train,true,false,NNosljpods,NN,Gos179,test
4,Gos179.s163,Bm-sode-05588,train,true,false,NNosljpods,NN,Gos179,test
17,Gos179.s165,Bm-sode-05588,train,true,false,NNosljpods,NN,Gos179,test
5,Gos179.s166,Bm-sode-05588,train,true,false,NNosljpods,NN,Gos179,test
2,Gos179.s167,Af-sode-05584,train,true,false,NNosljpods,NN,Gos179,test
6,Gos179.s168,Bm-sode-05588,train,true,false,NNosljpods,NN,Gos179,test
4,Gos179.s169,Bm-sode-05588,train,true,false,NNosljpods,NN,Gos179,test
2,Gos179.s170,Af-sode-05584,train,true,false,NNosljpods,NN,Gos179,test
15,Gos179.s171,Bm-sode-05588,train,true,false,NNosljpods,NN,Gos179,test
2,Gos179.s172,Af-sode-05584,train,true,false,NNosljpods,NN,Gos179,test
17,Gos179.s173,Bm-sode-05588,train,true,false,NNosljpods,NN,Gos179,test
7,Gos179.s174,Af-sode-05584,train,true,false,NNosljpods,NN,Gos179,test
5,Gos179.s175,Bm-sode-05588,train,true,false,NNosljpods,NN,Gos179,test
2,Gos179.s176,Bm-sode-05588,train,true,false,NNosljpods,NN,Gos179,test
7,Gos179.s177,Af-sode-05584,train,true,false,NNosljpods,NN,Gos179,test
3,Gos179.s178,Bm-sode-05588,train,true,false,NNosljpods,NN,Gos179,test
14,Gos179.s179,Bm-sode-05588,train,true,false,NNosljpods,NN,Gos179,test
27,Gos179.s180,Bm-sode-05588,train,true,false,NNosljpods,NN,Gos179,test
12,Gos179.s181,Bm-sode-05588,train,true,false,NNosljpods,NN,Gos179,test
2,Gos181.s384,Bf-udel-02553,train,true,true,NNosljsods,NN,Gos181,train
7,Gos181.s385,Df-udel-02555,train,true,true,NNosljsods,NN,Gos181,train
2,Gos181.s386,Bf-udel-02553,train,true,true,NNosljsods,NN,Gos181,train
8,Gos181.s388,Df-udel-02555,train,true,true,NNosljsods,NN,Gos181,train
4,Gos181.s389,Bf-udel-02553,train,true,true,NNosljsods,NN,Gos181,train
11,Gos181.s391,Af-udel-02552,train,true,true,NNosljsods,NN,Gos181,train
6,Gos181.s394,Df-udel-02555,train,true,true,NNosljsods,NN,Gos181,train
21,Gos181.s395,Cf-udel-02554,train,true,true,NNosljsods,NN,Gos181,train
3,Gos181.s396,Af-udel-02552,train,true,true,NNosljsods,NN,Gos181,train
11,Gos181.s397,Af-udel-02552,train,true,true,NNosljsods,NN,Gos181,train
4,Gos181.s398,Cf-udel-02554,train,true,true,NNosljsods,NN,Gos181,train
2,Gos181.s399,Af-udel-02552,train,true,true,NNosljsods,NN,Gos181,train
9,Gos181.s400,Df-udel-02555,train,true,true,NNosljsods,NN,Gos181,train
6,Gos181.s401,Af-udel-02552,train,true,true,NNosljsods,NN,Gos181,train
11,Gos181.s402,Bf-udel-02553,train,true,true,NNosljsods,NN,Gos181,train
4,Gos181.s403,Bf-udel-02553,train,true,true,NNosljsods,NN,Gos181,train
4,Gos181.s404,Af-udel-02552,train,true,true,NNosljsods,NN,Gos181,train
8,Gos181.s405,Bf-udel-02553,train,true,true,NNosljsods,NN,Gos181,train
4,Gos181.s406,Af-udel-02552,train,true,true,NNosljsods,NN,Gos181,train
2,Gos181.s407,Af-udel-02552,train,true,true,NNosljsods,NN,Gos181,train
8,Gos181.s408,Af-udel-02552,train,true,true,NNosljsods,NN,Gos181,train
3,Gos181.s410,Af-udel-02552,train,true,true,NNosljsods,NN,Gos181,train
12,Gos181.s411,Cf-udel-02554,train,true,true,NNosljsods,NN,Gos181,train
5,Gos184.s154,Mf-soro-00808,train,true,false,NNosljtrgo,NN,Gos184,dev
2,Gos184.s155,Gm-soro-00806,train,true,false,NNosljtrgo,NN,Gos184,dev
11,Gos184.s156,Mf-soro-00808,train,true,false,NNosljtrgo,NN,Gos184,dev
6,Gos184.s157,Mf-soro-00808,train,true,false,NNosljtrgo,NN,Gos184,dev
2,Gos184.s158,Jm-soro-00807,train,true,false,NNosljtrgo,NN,Gos184,dev
9,Gos184.s159,Mf-soro-00808,train,true,false,NNosljtrgo,NN,Gos184,dev
2,Gos184.s160,Jm-soro-00807,train,true,false,NNosljtrgo,NN,Gos184,dev
3,Gos184.s161,Mf-soro-00808,train,true,false,NNosljtrgo,NN,Gos184,dev
2,Gos184.s162,Jm-soro-00807,train,true,false,NNosljtrgo,NN,Gos184,dev
7,Gos184.s163,Mf-soro-00808,train,true,false,NNosljtrgo,NN,Gos184,dev
9,Gos184.s164,Mf-soro-00808,train,true,false,NNosljtrgo,NN,Gos184,dev
8,Gos184.s165,Gm-soro-00806,train,true,false,NNosljtrgo,NN,Gos184,dev
22,Gos184.s166,Mf-soro-00808,train,true,false,NNosljtrgo,NN,Gos184,dev
19,Gos184.s167,Gm-soro-00806,train,true,false,NNosljtrgo,NN,Gos184,dev
4,Gos184.s168,Mf-soro-00808,train,true,false,NNosljtrgo,NN,Gos184,dev
4,Gos184.s169,Gm-soro-00806,train,true,false,NNosljtrgo,NN,Gos184,dev
17,Gos185.s157,Bf-udel-02322,train,true,false,NNosljupra,NN,Gos185,train
12,Gos185.s158,Af-udel-02236,train,true,false,NNosljupra,NN,Gos185,train
2,Gos185.s159,Af-udel-02236,train,true,false,NNosljupra,NN,Gos185,train
7,Gos185.s161,Af-udel-02236,train,true,false,NNosljupra,NN,Gos185,train
28,Gos185.s162,Cf-udel-02323,train,true,false,NNosljupra,NN,Gos185,train
7,Gos185.s163,Bf-udel-02322,train,true,false,NNosljupra,NN,Gos185,train
4,Gos185.s164,Cf-udel-02323,train,true,false,NNosljupra,NN,Gos185,train
2,Gos185.s165,Bf-udel-02322,train,true,false,NNosljupra,NN,Gos185,train
2,Gos185.s166,Af-udel-02236,train,true,false,NNosljupra,NN,Gos185,train
10,Gos185.s167,Bf-udel-02322,train,true,false,NNosljupra,NN,Gos185,train
3,Gos185.s168,Cf-udel-02323,train,true,false,NNosljupra,NN,Gos185,train
11,Gos185.s169,Bf-udel-02322,train,true,false,NNosljupra,NN,Gos185,train
9,Gos185.s170,Af-udel-02236,train,true,false,NNosljupra,NN,Gos185,train
2,Gos185.s171,Bf-udel-02322,train,true,false,NNosljupra,NN,Gos185,train
7,Gos185.s172,Af-udel-02236,train,true,false,NNosljupra,NN,Gos185,train
5,Gos185.s173,Cf-udel-02323,train,true,false,NNosljupra,NN,Gos185,train
15,Gos185.s174,Af-udel-02236,train,true,false,NNosljupra,NN,Gos185,train
12,Gos185.s175,Cf-udel-02323,train,true,false,NNosljupra,NN,Gos185,train
24,Gos186.s133,Am-prof-05663,train,true,false,NNosmbakko,NN,Gos186,train
51,Gos186.s134,Am-prof-05663,train,true,false,NNosmbakko,NN,Gos186,train
2,Gos186.s135,Bf-stud-05664,train,true,false,NNosmbakko,NN,Gos186,train
8,Gos186.s136,Am-prof-05663,train,true,false,NNosmbakko,NN,Gos186,train
7,Gos186.s137,Bf-stud-05664,train,true,false,NNosmbakko,NN,Gos186,train
5,Gos186.s138,Am-prof-05663,train,true,false,NNosmbakko,NN,Gos186,train
2,Gos186.s139,Bf-stud-05664,train,true,false,NNosmbakko,NN,Gos186,train
35,Gos186.s140,Am-prof-05663,train,true,false,NNosmbakko,NN,Gos186,train
78,Gos186.s141,Bf-stud-05664,train,true,false,NNosmbakko,NN,Gos186,train
2,Gos187.s64,Rm-stud-01076,train,true,false,NNosmbakko,NN,Gos187,train
2,Gos187.s65,Rm-stud-01076,train,true,false,NNosmbakko,NN,Gos187,train
10,Gos187.s66,Mm-prof-01075,train,true,false,NNosmbakko,NN,Gos187,train
5,Gos187.s68,Mm-prof-01075,train,true,false,NNosmbakko,NN,Gos187,train
6,Gos187.s70,Mm-prof-01075,train,true,false,NNosmbakko,NN,Gos187,train
19,Gos187.s72,Rm-stud-01076,train,true,false,NNosmbakko,NN,Gos187,train
26,Gos187.s73,Mm-prof-01075,train,true,false,NNosmbakko,NN,Gos187,train
6,Gos187.s74,Mm-prof-01075,train,true,false,NNosmbakko,NN,Gos187,train
2,Gos187.s75,Rm-stud-01076,train,true,false,NNosmbakko,NN,Gos187,train
16,Gos188.s139,Pf-prof-07533,train,true,false,NNosmbakko,NN,Gos188,train
2,Gos188.s140,Sf-stud-07532,train,true,false,NNosmbakko,NN,Gos188,train
19,Gos188.s141,Pf-prof-07533,train,true,false,NNosmbakko,NN,Gos188,train
4,Gos188.s142,Sf-stud-07532,train,true,false,NNosmbakko,NN,Gos188,train
41,Gos188.s143,Pf-prof-07533,train,true,false,NNosmbakko,NN,Gos188,train
10,Gos189.s48,Sf-stud-07534,train,true,false,NNosmbakko,NN,Gos189,test
8,Gos189.s49,Pf-prof-07533,train,true,false,NNosmbakko,NN,Gos189,test
27,Gos189.s50,Sf-stud-07534,train,true,false,NNosmbakko,NN,Gos189,test
16,Gos189.s51,Sf-stud-07534,train,true,false,NNosmbakko,NN,Gos189,test
2,Gos189.s52,Pf-prof-07533,train,true,false,NNosmbakko,NN,Gos189,test
13,Gos189.s53,Sf-stud-07534,train,true,false,NNosmbakko,NN,Gos189,test
31,Gos189.s54,Pf-prof-07533,train,true,false,NNosmbakko,NN,Gos189,test
15,Gos189.s55,Sf-stud-07534,train,true,false,NNosmbakko,NN,Gos189,test
3,Gos190.s79,Bf-prod-02277,train,true,true,NNosmbcvst,NN,Gos190,train
4,Gos190.s80,Cf-stra-02265,train,true,true,NNosmbcvst,NN,Gos190,train
10,Gos190.s81,Bf-prod-02277,train,true,true,NNosmbcvst,NN,Gos190,train
5,Gos190.s82,Af-stra-02276,train,true,true,NNosmbcvst,NN,Gos190,train
3,Gos190.s83,Bf-prod-02277,train,true,true,NNosmbcvst,NN,Gos190,train
5,Gos190.s84,Af-stra-02276,train,true,true,NNosmbcvst,NN,Gos190,train
4,Gos190.s85,Bf-prod-02277,train,true,true,NNosmbcvst,NN,Gos190,train
11,Gos190.s86,Af-stra-02276,train,true,true,NNosmbcvst,NN,Gos190,train
2,Gos191.s415,Bf-udel-02299,train,true,false,NNosmbfist,NN,Gos191,train
9,Gos191.s416,Bf-udel-02299,train,true,false,NNosmbfist,NN,Gos191,train
2,Gos191.s417,Bf-udel-02299,train,true,false,NNosmbfist,NN,Gos191,train
2,Gos191.s418,Am-stra-02298,train,true,false,NNosmbfist,NN,Gos191,train
2,Gos191.s419,Bf-udel-02299,train,true,false,NNosmbfist,NN,Gos191,train
6,Gos191.s420,Bf-udel-02299,train,true,false,NNosmbfist,NN,Gos191,train
2,Gos191.s421,Am-stra-02298,train,true,false,NNosmbfist,NN,Gos191,train
2,Gos191.s422,Bf-udel-02299,train,true,false,NNosmbfist,NN,Gos191,train
2,Gos191.s423,Bf-udel-02299,train,true,false,NNosmbfist,NN,Gos191,train
16,Gos191.s425,Am-stra-02298,train,true,false,NNosmbfist,NN,Gos191,train
4,Gos191.s426,Bf-udel-02299,train,true,false,NNosmbfist,NN,Gos191,train
2,Gos191.s428,Bf-udel-02299,train,true,false,NNosmbfist,NN,Gos191,train
27,Gos191.s429,Bf-udel-02299,train,true,false,NNosmbfist,NN,Gos191,train
20,Gos191.s430,Am-stra-02298,train,true,false,NNosmbfist,NN,Gos191,train
2,Gos191.s431,Bf-udel-02299,train,true,false,NNosmbfist,NN,Gos191,train
2,Gos191.s432,Am-stra-02298,train,true,false,NNosmbfist,NN,Gos191,train
3,Gos191.s433,Bf-udel-02299,train,true,false,NNosmbfist,NN,Gos191,train
2,Gos191.s434,Am-stra-02298,train,true,false,NNosmbfist,NN,Gos191,train
2,Gos191.s435,Bf-udel-02299,train,true,false,NNosmbfist,NN,Gos191,train
7,Gos191.s436,Bf-udel-02299,train,true,false,NNosmbfist,NN,Gos191,train
2,Gos191.s437,Am-stra-02298,train,true,false,NNosmbfist,NN,Gos191,train
2,Gos191.s438,Bf-udel-02299,train,true,false,NNosmbfist,NN,Gos191,train
3,Gos191.s439,Bf-udel-02299,train,true,false,NNosmbfist,NN,Gos191,train
2,Gos191.s441,Bf-udel-02299,train,true,false,NNosmbfist,NN,Gos191,train
7,Gos191.s442,Bf-udel-02299,train,true,false,NNosmbfist,NN,Gos191,train
5,Gos192.s70,Cf-stra-07534,train,true,false,NNosmbfrst,NN,Gos192,dev
7,Gos192.s71,Am-prod-02325,train,true,false,NNosmbfrst,NN,Gos192,dev
10,Gos192.s72,Am-prod-02325,train,true,false,NNosmbfrst,NN,Gos192,dev
24,Gos192.s73,Cf-stra-07534,train,true,false,NNosmbfrst,NN,Gos192,dev
6,Gos192.s74,Cf-stra-07534,train,true,false,NNosmbfrst,NN,Gos192,dev
16,Gos192.s75,Cf-stra-07534,train,true,false,NNosmbfrst,NN,Gos192,dev
14,Gos192.s76,Am-prod-02325,train,true,false,NNosmbfrst,NN,Gos192,dev
4,Gos192.s77,Cf-stra-07534,train,true,false,NNosmbfrst,NN,Gos192,dev
4,Gos192.s78,Am-prod-02325,train,true,false,NNosmbfrst,NN,Gos192,dev
8,Gos192.s79,Cf-stra-07534,train,true,false,NNosmbfrst,NN,Gos192,dev
5,Gos192.s80,Am-prod-02325,train,true,false,NNosmbfrst,NN,Gos192,dev
4,Gos192.s81,Cf-stra-07534,train,true,false,NNosmbfrst,NN,Gos192,dev
13,Gos192.s82,Am-prod-02325,train,true,false,NNosmbfrst,NN,Gos192,dev
15,Gos192.s83,Cf-stra-07534,train,true,false,NNosmbfrst,NN,Gos192,dev
38,Gos192.s84,Am-prod-02325,train,true,false,NNosmbfrst,NN,Gos192,dev
2,Gos192.s85,Bf-stra-02326,train,true,false,NNosmbfrst,NN,Gos192,dev
13,Gos193.s138,Bf-stra-02329,train,true,false,NNosmbfrst,NN,Gos193,test
17,Gos193.s140,Cf-stra-07534,train,true,false,NNosmbfrst,NN,Gos193,test
12,Gos193.s141,Bf-stra-02329,train,true,false,NNosmbfrst,NN,Gos193,test
21,Gos193.s142,Cf-stra-07534,train,true,false,NNosmbfrst,NN,Gos193,test
21,Gos193.s143,Cf-stra-07534,train,true,false,NNosmbfrst,NN,Gos193,test
7,Gos193.s144,Bf-stra-02329,train,true,false,NNosmbfrst,NN,Gos193,test
3,Gos193.s145,Cf-stra-07534,train,true,false,NNosmbfrst,NN,Gos193,test
8,Gos193.s147,Cf-stra-07534,train,true,false,NNosmbfrst,NN,Gos193,test
6,Gos197.s43,Zm-zdra-07535,train,true,false,NNosmbstzb,NN,Gos197,dev
18,Gos197.s44,Sf-paci-07534,train,true,false,NNosmbstzb,NN,Gos197,dev
4,Gos197.s45,Zm-zdra-07535,train,true,false,NNosmbstzb,NN,Gos197,dev
15,Gos197.s46,Sf-paci-07534,train,true,false,NNosmbstzb,NN,Gos197,dev
16,Gos197.s47,Zm-zdra-07535,train,true,false,NNosmbstzb,NN,Gos197,dev
33,Gos197.s48,Zm-zdra-07535,train,true,false,NNosmbstzb,NN,Gos197,dev
25,Gos197.s49,Zm-zdra-07535,train,true,false,NNosmbstzb,NN,Gos197,dev
7,Gos197.s50,Zm-zdra-07535,train,true,false,NNosmbstzb,NN,Gos197,dev
30,Gos199.s319,Af-udel-02327,train,true,false,NNosmssods,NN,Gos199,train
21,Gos199.s320,Bf-udel-02328,train,true,false,NNosmssods,NN,Gos199,train
2,Gos199.s321,Af-udel-02327,train,true,false,NNosmssods,NN,Gos199,train
3,Gos199.s322,Bf-udel-02328,train,true,false,NNosmssods,NN,Gos199,train
31,Gos199.s323,Bf-udel-02328,train,true,false,NNosmssods,NN,Gos199,train
2,Gos199.s324,Af-udel-02327,train,true,false,NNosmssods,NN,Gos199,train
18,Gos199.s325,Af-udel-02327,train,true,false,NNosmssods,NN,Gos199,train
15,Gos199.s326,Af-udel-02327,train,true,false,NNosmssods,NN,Gos199,train
50,Gos200.s72,Af-info-05596,train,true,true,NNtekrstpr,NN,Gos200,train
2,Gos200.s73,Bm-klic-02237,train,true,true,NNtekrstpr,NN,Gos200,train
14,Gos200.s74,Af-info-05596,train,true,true,NNtekrstpr,NN,Gos200,train
27,Gos201.s20,Cf-vodj-05590,train,true,false,NNtekrstsv,NN,Gos201,train
6,Gos201.s21,Af-klic-06567,train,true,false,NNtekrstsv,NN,Gos201,train
11,Gos201.s22,Cf-vodj-05590,train,true,false,NNtekrstsv,NN,Gos201,train
2,Gos202.s69,Bm-stra-02321,train,true,false,NNteljstpr,NN,Gos202,dev
2,Gos202.s70,Af-info-02320,train,true,false,NNteljstpr,NN,Gos202,dev
6,Gos202.s71,Af-info-02320,train,true,false,NNteljstpr,NN,Gos202,dev
44,Gos202.s72,Bm-stra-02321,train,true,false,NNteljstpr,NN,Gos202,dev
14,Gos203.s56,Af-info-07192,train,true,false,NNteljstpr,NN,Gos203,train
27,Gos203.s57,Bm-klic-07193,train,true,false,NNteljstpr,NN,Gos203,train
11,Gos203.s58,Af-info-07192,train,true,false,NNteljstpr,NN,Gos203,train
6,Gos205.s65,Af-info-02324,train,true,false,NNteljstsv,NN,Gos205,train
28,Gos205.s66,Bf-stra-02233,train,true,false,NNteljstsv,NN,Gos205,train
22,Gos205.s67,Af-info-02324,train,true,false,NNteljstsv,NN,Gos205,train
22,Gos205.s68,Bf-stra-02233,train,true,false,NNteljstsv,NN,Gos205,train
22,Gos206.s133,Vm-prod-07539,train,true,false,NNteljstsv,NN,Gos206,test
9,Gos206.s134,Sm-klic-02321,train,true,false,NNteljstsv,NN,Gos206,test
13,Gos206.s135,Sm-klic-02321,train,true,false,NNteljstsv,NN,Gos206,test
4,Gos206.s136,Vm-prod-07539,train,true,false,NNteljstsv,NN,Gos206,test
12,Gos206.s137,Vm-prod-07539,train,true,false,NNteljstsv,NN,Gos206,test
60,Gos206.s138,Vm-prod-07539,train,true,false,NNteljstsv,NN,Gos206,test
25,Gos206.s139,Vm-prod-07539,train,true,false,NNteljstsv,NN,Gos206,test
20,Gos206.s140,Vm-prod-07539,train,true,false,NNteljstsv,NN,Gos206,test
25,Gos208.s50,Bm-pred-01107,train,true,false,NNteljstsv,NN,Gos208,train
4,Gos209.s69,Bf-klic-05595,train,true,false,NNteljstsv,NN,Gos209,train
14,Gos209.s70,Am-info-05594,train,true,false,NNteljstsv,NN,Gos209,train
4,Gos209.s71,Bf-klic-05595,train,true,false,NNteljstsv,NN,Gos209,train
9,Gos209.s72,Am-info-05594,train,true,false,NNteljstsv,NN,Gos209,train
4,Gos209.s73,Bf-klic-05595,train,true,false,NNteljstsv,NN,Gos209,train
8,Gos209.s74,Bf-klic-05595,train,true,false,NNteljstsv,NN,Gos209,train
13,Gos209.s75,Bf-klic-05595,train,true,false,NNteljstsv,NN,Gos209,train
13,Gos209.s76,Bf-klic-05595,train,true,false,NNteljstsv,NN,Gos209,train
10,Gos209.s78,Bf-klic-05595,train,true,false,NNteljstsv,NN,Gos209,train
5,Gos209.s79,Am-info-05594,train,true,false,NNteljstsv,NN,Gos209,train
6,Gos209.s80,Bf-klic-05595,train,true,false,NNteljstsv,NN,Gos209,train
6,Gos209.s81,Am-info-05594,train,true,false,NNteljstsv,NN,Gos209,train
2,Gos209.s82,Bf-klic-05595,train,true,false,NNteljstsv,NN,Gos209,train
60,Gos209.s83,Am-info-05594,train,true,false,NNteljstsv,NN,Gos209,train
8,Gos210.s13,Af-prod-02278,train,true,false,NNtembstpr,NN,Gos210,train
6,Gos210.s14,Bf-stra-02265,train,true,false,NNtembstpr,NN,Gos210,train
6,Gos210.s15,Af-prod-02278,train,true,false,NNtembstpr,NN,Gos210,train
4,Gos210.s16,Bf-stra-02265,train,true,false,NNtembstpr,NN,Gos210,train
30,Gos211.s21,Af-prod-02279,train,true,false,NNtembstpr,NN,Gos211,dev
5,Gos212.s20,Af-info-02265,train,true,false,NNtembstpr,NN,Gos212,dev
2,Gos212.s22,Bm-klic-05614,train,true,false,NNtembstpr,NN,Gos212,dev
3,Gos212.s23,Af-info-02265,train,true,false,NNtembstpr,NN,Gos212,dev
7,Gos212.s24,Bm-klic-05614,train,true,false,NNtembstpr,NN,Gos212,dev
17,Gos212.s25,Af-info-02265,train,true,false,NNtembstpr,NN,Gos212,dev
16,Gos212.s26,Bm-klic-05614,train,true,false,NNtembstpr,NN,Gos212,dev
52,Gos213.s78,Am-stra-02270,train,true,false,NNtembstpr,NN,Gos213,test
2,Gos213.s79,Am-stra-02270,train,true,false,NNtembstpr,NN,Gos213,test
6,Gos214.s96,Bm-stra-02275,train,true,false,NNtembstpr,NN,Gos214,train
23,Gos214.s97,Am-prod-02274,train,true,false,NNtembstpr,NN,Gos214,train
2,Gos214.s98,Bm-stra-02275,train,true,false,NNtembstpr,NN,Gos214,train
4,Gos214.s99,Bm-stra-02275,train,true,false,NNtembstpr,NN,Gos214,train
2,Gos214.s100,Am-prod-02274,train,true,false,NNtembstpr,NN,Gos214,train
13,Gos214.s101,Bm-stra-02275,train,true,false,NNtembstpr,NN,Gos214,train
7,Gos214.s102,Bm-stra-02275,train,true,false,NNtembstpr,NN,Gos214,train
71,Gos214.s103,Am-prod-02274,train,true,false,NNtembstpr,NN,Gos214,train
2,Gos215.s17,Bf-stra-02273,train,true,false,NNtembstpr,NN,Gos215,train
4,Gos215.s18,Am-prod-02272,train,true,false,NNtembstpr,NN,Gos215,train
20,Gos215.s19,Bf-stra-02273,train,true,false,NNtembstpr,NN,Gos215,train
15,Gos217.s88,Ef-soro-10003,train,true,false,NZosavdodr,NZ,Gos217,train
17,Gos217.s89,Jf-star-10005,train,true,false,NZosavdodr,NZ,Gos217,train
6,Gos217.s90,Bf-ssta-10002,train,true,false,NZosavdodr,NZ,Gos217,train
6,Gos217.s91,Pm-soro-10004,train,true,false,NZosavdodr,NZ,Gos217,train
7,Gos217.s93,Ef-soro-10003,train,true,false,NZosavdodr,NZ,Gos217,train
4,Gos217.s94,Bf-ssta-10002,train,true,false,NZosavdodr,NZ,Gos217,train
9,Gos217.s95,Jf-star-10005,train,true,false,NZosavdodr,NZ,Gos217,train
7,Gos217.s97,Jf-star-10005,train,true,false,NZosavdodr,NZ,Gos217,train
10,Gos217.s98,Bf-ssta-10002,train,true,false,NZosavdodr,NZ,Gos217,train
6,Gos217.s99,Jf-star-10005,train,true,false,NZosavdodr,NZ,Gos217,train
8,Gos217.s100,Ef-soro-10003,train,true,false,NZosavdodr,NZ,Gos217,train
13,Gos217.s101,Jf-star-10005,train,true,false,NZosavdodr,NZ,Gos217,train
5,Gos217.s102,Bf-ssta-10002,train,true,false,NZosavdodr,NZ,Gos217,train
25,Gos217.s103,Jf-star-10005,train,true,false,NZosavdodr,NZ,Gos217,train
10,Gos217.s104,Ef-soro-10003,train,true,false,NZosavdodr,NZ,Gos217,train
3,Gos217.s105,Bf-ssta-10002,train,true,false,NZosavdodr,NZ,Gos217,train
6,Gos217.s106,Bf-ssta-10002,train,true,false,NZosavdodr,NZ,Gos217,train
2,Gos217.s107,Ef-soro-10003,train,true,false,NZosavdodr,NZ,Gos217,train
5,Gos218.s562,Ef-soro-10003,train,true,false,NZosavdodr,NZ,Gos218,dev
5,Gos218.s564,Ef-soro-10003,train,true,false,NZosavdodr,NZ,Gos218,dev
2,Gos218.s566,Jf-otro-10001,train,true,false,NZosavdodr,NZ,Gos218,dev
2,Gos218.s567,Ef-soro-10003,train,true,false,NZosavdodr,NZ,Gos218,dev
8,Gos218.s568,Jf-otro-10001,train,true,false,NZosavdodr,NZ,Gos218,dev
24,Gos218.s569,Ef-soro-10003,train,true,false,NZosavdodr,NZ,Gos218,dev
3,Gos218.s570,Jf-otro-10001,train,true,false,NZosavdodr,NZ,Gos218,dev
31,Gos218.s571,Ef-soro-10003,train,true,false,NZosavdodr,NZ,Gos218,dev
23,Gos218.s572,Jf-otro-10001,train,true,false,NZosavdodr,NZ,Gos218,dev
8,Gos218.s574,Ef-soro-10003,train,true,false,NZosavdodr,NZ,Gos218,dev
27,Gos218.s576,Jf-otro-10001,train,true,false,NZosavdodr,NZ,Gos218,dev
29,Gos218.s577,Ef-soro-10003,train,true,false,NZosavdodr,NZ,Gos218,dev
12,Gos218.s578,Ef-soro-10003,train,true,false,NZosavdodr,NZ,Gos218,dev
7,Gos218.s579,Bf-ssta-10002,train,true,false,NZosavdodr,NZ,Gos218,dev
12,Gos218.s580,Ef-soro-10003,train,true,false,NZosavdodr,NZ,Gos218,dev
5,Gos220.s57,Af-star-05611,train,true,true,NZosgododr,NZ,Gos220,train
16,Gos220.s58,Df-otro-05614,train,true,true,NZosgododr,NZ,Gos220,train
2,Gos220.s59,Cf-otro-05613,train,true,true,NZosgododr,NZ,Gos220,train
12,Gos220.s60,Bm-star-05612,train,true,true,NZosgododr,NZ,Gos220,train
22,Gos220.s61,Bm-star-05612,train,true,true,NZosgododr,NZ,Gos220,train
5,Gos220.s62,Cf-otro-05613,train,true,true,NZosgododr,NZ,Gos220,train
6,Gos220.s63,Df-otro-05614,train,true,true,NZosgododr,NZ,Gos220,train
19,Gos223.s339,Bf-prij-05586,train,true,false,NZositdopr,NZ,Gos223,train
13,Gos223.s340,Bf-prij-05586,train,true,false,NZositdopr,NZ,Gos223,train
8,Gos223.s341,Bf-prij-05586,train,true,false,NZositdopr,NZ,Gos223,train
8,Gos223.s342,Bf-prij-05586,train,true,false,NZositdopr,NZ,Gos223,train
13,Gos223.s343,Bf-prij-05586,train,true,false,NZositdopr,NZ,Gos223,train
17,Gos223.s344,Bf-prij-05586,train,true,false,NZositdopr,NZ,Gos223,train
3,Gos223.s345,Bf-prij-05586,train,true,false,NZositdopr,NZ,Gos223,train
2,Gos223.s346,Bf-prij-05586,train,true,false,NZositdopr,NZ,Gos223,train
3,Gos223.s347,Cf-prij-05587,train,true,false,NZositdopr,NZ,Gos223,train
2,Gos223.s348,Bf-prij-05586,train,true,false,NZositdopr,NZ,Gos223,train
9,Gos223.s349,Af-prij-05585,train,true,false,NZositdopr,NZ,Gos223,train
6,Gos223.s350,Cf-prij-05587,train,true,false,NZositdopr,NZ,Gos223,train
14,Gos223.s351,Af-prij-05585,train,true,false,NZositdopr,NZ,Gos223,train
38,Gos223.s352,Cf-prij-05587,train,true,false,NZositdopr,NZ,Gos223,train
8,Gos223.s353,Cf-prij-05587,train,true,false,NZositdopr,NZ,Gos223,train
4,Gos223.s354,Af-prij-05585,train,true,false,NZositdopr,NZ,Gos223,train
18,Gos223.s355,Cf-prij-05587,train,true,false,NZositdopr,NZ,Gos223,train
8,Gos223.s356,Af-prij-05585,train,true,false,NZositdopr,NZ,Gos223,train
2,Gos223.s357,Cf-prij-05587,train,true,false,NZositdopr,NZ,Gos223,train
11,Gos223.s358,Af-prij-05585,train,true,false,NZositdopr,NZ,Gos223,train
12,Gos223.s359,Cf-prij-05587,train,true,false,NZositdopr,NZ,Gos223,train
3,Gos223.s360,Af-prij-05585,train,true,false,NZositdopr,NZ,Gos223,train
2,Gos223.s361,Bf-prij-05586,train,true,false,NZositdopr,NZ,Gos223,train
2,Gos229.s318,Lf-otro-06567,train,true,true,NZoskrdodr,NZ,Gos229,train
7,Gos229.s319,Ef-ssta-06566,train,true,true,NZoskrdodr,NZ,Gos229,train
12,Gos229.s320,Ef-ssta-06566,train,true,true,NZoskrdodr,NZ,Gos229,train
5,Gos229.s321,Lf-otro-06567,train,true,true,NZoskrdodr,NZ,Gos229,train
11,Gos229.s322,Ef-ssta-06566,train,true,true,NZoskrdodr,NZ,Gos229,train
3,Gos229.s323,Ef-ssta-06566,train,true,true,NZoskrdodr,NZ,Gos229,train
2,Gos229.s324,Lf-otro-06567,train,true,true,NZoskrdodr,NZ,Gos229,train
16,Gos229.s325,Ef-ssta-06566,train,true,true,NZoskrdodr,NZ,Gos229,train
5,Gos229.s326,Lf-otro-06567,train,true,true,NZoskrdodr,NZ,Gos229,train
6,Gos229.s327,Ef-ssta-06566,train,true,true,NZoskrdodr,NZ,Gos229,train
2,Gos229.s328,Lf-otro-06567,train,true,true,NZoskrdodr,NZ,Gos229,train
2,Gos229.s330,Lf-otro-06567,train,true,true,NZoskrdodr,NZ,Gos229,train
5,Gos229.s331,Ef-ssta-06566,train,true,true,NZoskrdodr,NZ,Gos229,train
3,Gos229.s332,Lf-otro-06567,train,true,true,NZoskrdodr,NZ,Gos229,train
11,Gos229.s333,Ef-ssta-06566,train,true,true,NZoskrdodr,NZ,Gos229,train
2,Gos229.s334,Lf-otro-06567,train,true,true,NZoskrdodr,NZ,Gos229,train
2,Gos229.s335,Lf-otro-06567,train,true,true,NZoskrdodr,NZ,Gos229,train
7,Gos229.s337,Ef-ssta-06566,train,true,true,NZoskrdodr,NZ,Gos229,train
7,Gos229.s338,Ef-ssta-06566,train,true,true,NZoskrdodr,NZ,Gos229,train
14,Gos229.s339,Lf-otro-06567,train,true,true,NZoskrdodr,NZ,Gos229,train
20,Gos229.s340,Ef-ssta-06566,train,true,true,NZoskrdodr,NZ,Gos229,train
20,Gos230.s98,If-otro-06565,train,true,false,NZoskrdodr,NZ,Gos230,dev
12,Gos230.s99,Cf-star-06564,train,true,false,NZoskrdodr,NZ,Gos230,dev
13,Gos230.s101,Cf-star-06564,train,true,false,NZoskrdodr,NZ,Gos230,dev
40,Gos230.s102,If-otro-06565,train,true,false,NZoskrdodr,NZ,Gos230,dev
4,Gos230.s103,If-otro-06565,train,true,false,NZoskrdodr,NZ,Gos230,dev
32,Gos230.s104,If-otro-06565,train,true,false,NZoskrdodr,NZ,Gos230,dev
3,Gos231.s52,Af-star-05582,train,true,false,NZoskrdodr,NZ,Gos231,train
21,Gos231.s53,Af-star-05582,train,true,false,NZoskrdodr,NZ,Gos231,train
2,Gos231.s54,Bf-otro-05583,train,true,false,NZoskrdodr,NZ,Gos231,train
7,Gos231.s55,Af-star-05582,train,true,false,NZoskrdodr,NZ,Gos231,train
2,Gos231.s56,Bf-otro-05583,train,true,false,NZoskrdodr,NZ,Gos231,train
11,Gos231.s57,Af-star-05582,train,true,false,NZoskrdodr,NZ,Gos231,train
14,Gos231.s58,Af-star-05582,train,true,false,NZoskrdodr,NZ,Gos231,train
4,Gos231.s59,Bf-otro-05583,train,true,false,NZoskrdodr,NZ,Gos231,train
15,Gos231.s60,Af-star-05582,train,true,false,NZoskrdodr,NZ,Gos231,train
12,Gos231.s61,Af-star-05582,train,true,false,NZoskrdodr,NZ,Gos231,train
5,Gos231.s62,Af-star-05582,train,true,false,NZoskrdodr,NZ,Gos231,train
2,Gos231.s63,Bf-otro-05583,train,true,false,NZoskrdodr,NZ,Gos231,train
23,Gos231.s64,Af-star-05582,train,true,false,NZoskrdodr,NZ,Gos231,train
8,Gos232.s81,Pf-udel-03012,train,true,false,NZoskrdopr,NZ,Gos232,train
9,Gos232.s82,Pf-udel-03012,train,true,false,NZoskrdopr,NZ,Gos232,train
9,Gos232.s83,Mf-udel-03013,train,true,false,NZoskrdopr,NZ,Gos232,train
12,Gos232.s84,Pf-udel-03012,train,true,false,NZoskrdopr,NZ,Gos232,train
5,Gos232.s85,Pf-udel-03012,train,true,false,NZoskrdopr,NZ,Gos232,train
7,Gos232.s86,Mf-udel-03013,train,true,false,NZoskrdopr,NZ,Gos232,train
19,Gos232.s87,Pf-udel-03012,train,true,false,NZoskrdopr,NZ,Gos232,train
9,Gos232.s89,Mf-udel-03013,train,true,false,NZoskrdopr,NZ,Gos232,train
11,Gos232.s90,Pf-udel-03012,train,true,false,NZoskrdopr,NZ,Gos232,train
21,Gos232.s91,Pf-udel-03012,train,true,false,NZoskrdopr,NZ,Gos232,train
2,Gos233.s345,Df-star-03015,train,true,true,NZosljdodr,NZ,Gos233,train
11,Gos233.s346,Df-star-03015,train,true,true,NZosljdodr,NZ,Gos233,train
2,Gos233.s347,Bm-star-03014,train,true,true,NZosljdodr,NZ,Gos233,train
4,Gos233.s348,Df-star-03015,train,true,true,NZosljdodr,NZ,Gos233,train
2,Gos233.s349,Tm-otro-03016,train,true,true,NZosljdodr,NZ,Gos233,train
7,Gos233.s350,Bm-star-03014,train,true,true,NZosljdodr,NZ,Gos233,train
2,Gos233.s351,Df-star-03015,train,true,true,NZosljdodr,NZ,Gos233,train
2,Gos233.s352,Tm-otro-03016,train,true,true,NZosljdodr,NZ,Gos233,train
4,Gos233.s353,Bm-star-03014,train,true,true,NZosljdodr,NZ,Gos233,train
9,Gos233.s354,Bm-star-03014,train,true,true,NZosljdodr,NZ,Gos233,train
5,Gos233.s355,Bm-star-03014,train,true,true,NZosljdodr,NZ,Gos233,train
12,Gos233.s356,Tm-otro-03016,train,true,true,NZosljdodr,NZ,Gos233,train
11,Gos233.s357,Tm-otro-03016,train,true,true,NZosljdodr,NZ,Gos233,train
5,Gos233.s358,Bm-star-03014,train,true,true,NZosljdodr,NZ,Gos233,train
8,Gos233.s359,Tm-otro-03016,train,true,true,NZosljdodr,NZ,Gos233,train
7,Gos233.s360,Bm-star-03014,train,true,true,NZosljdodr,NZ,Gos233,train
3,Gos233.s361,Bm-star-03014,train,true,true,NZosljdodr,NZ,Gos233,train
5,Gos233.s362,Tm-otro-03016,train,true,true,NZosljdodr,NZ,Gos233,train
3,Gos233.s363,Df-star-03015,train,true,true,NZosljdodr,NZ,Gos233,train
9,Gos233.s364,Tm-otro-03016,train,true,true,NZosljdodr,NZ,Gos233,train
8,Gos234.s135,Bf-soro-07139,train,true,false,NZosljdodr,NZ,Gos234,train
9,Gos234.s136,Am-soro-07138,train,true,false,NZosljdodr,NZ,Gos234,train
6,Gos234.s137,Am-soro-07138,train,true,false,NZosljdodr,NZ,Gos234,train
33,Gos234.s138,Am-soro-07138,train,true,false,NZosljdodr,NZ,Gos234,train
30,Gos235.s242,Tf-soro-09519,train,true,false,NZosljdodr,NZ,Gos235,train
17,Gos235.s243,Mf-soro-09520,train,true,false,NZosljdodr,NZ,Gos235,train
16,Gos235.s244,Zm-soro-09521,train,true,false,NZosljdodr,NZ,Gos235,train
4,Gos235.s245,Tf-soro-09519,train,true,false,NZosljdodr,NZ,Gos235,train
5,Gos235.s246,Mf-soro-09520,train,true,false,NZosljdodr,NZ,Gos235,train
15,Gos235.s247,Zm-soro-09521,train,true,false,NZosljdodr,NZ,Gos235,train
45,Gos235.s248,Tf-soro-09519,train,true,false,NZosljdodr,NZ,Gos235,train
12,Gos235.s249,Mf-soro-09520,train,true,false,NZosljdodr,NZ,Gos235,train
14,Gos235.s250,Mf-soro-09520,train,true,false,NZosljdodr,NZ,Gos235,train
14,Gos235.s251,Tf-soro-09519,train,true,false,NZosljdodr,NZ,Gos235,train
24,Gos235.s252,Mf-soro-09520,train,true,false,NZosljdodr,NZ,Gos235,train
2,Gos235.s253,Zm-soro-09521,train,true,false,NZosljdodr,NZ,Gos235,train
18,Gos236.s356,Df-otro-02562,train,true,false,NZosljdodr,NZ,Gos236,dev
12,Gos236.s357,Df-otro-02562,train,true,false,NZosljdodr,NZ,Gos236,dev
8,Gos236.s359,Df-otro-02562,train,true,false,NZosljdodr,NZ,Gos236,dev
18,Gos236.s360,Df-otro-02562,train,true,false,NZosljdodr,NZ,Gos236,dev
7,Gos236.s361,Af-otro-02559,train,true,false,NZosljdodr,NZ,Gos236,dev
5,Gos236.s362,Df-otro-02562,train,true,false,NZosljdodr,NZ,Gos236,dev
5,Gos236.s363,Df-otro-02562,train,true,false,NZosljdodr,NZ,Gos236,dev
15,Gos236.s364,Df-otro-02562,train,true,false,NZosljdodr,NZ,Gos236,dev
2,Gos236.s366,Df-otro-02562,train,true,false,NZosljdodr,NZ,Gos236,dev
14,Gos236.s367,Df-otro-02562,train,true,false,NZosljdodr,NZ,Gos236,dev
8,Gos236.s368,Df-otro-02562,train,true,false,NZosljdodr,NZ,Gos236,dev
3,Gos236.s369,Af-otro-02559,train,true,false,NZosljdodr,NZ,Gos236,dev
14,Gos236.s370,Df-otro-02562,train,true,false,NZosljdodr,NZ,Gos236,dev
6,Gos236.s371,Cf-star-02561,train,true,false,NZosljdodr,NZ,Gos236,dev
3,Gos236.s372,Df-otro-02562,train,true,false,NZosljdodr,NZ,Gos236,dev
9,Gos236.s373,Bm-star-02560,train,true,false,NZosljdodr,NZ,Gos236,dev
15,Gos236.s374,Af-otro-02559,train,true,false,NZosljdodr,NZ,Gos236,dev
6,Gos236.s375,Df-otro-02562,train,true,false,NZosljdodr,NZ,Gos236,dev
2,Gos239.s7,Pm-prij-06568,train,true,false,NZosljdopr,NZ,Gos239,train
28,Gos239.s8,Om-prij-06569,train,true,false,NZosljdopr,NZ,Gos239,train
18,Gos239.s9,Pm-prij-06568,train,true,false,NZosljdopr,NZ,Gos239,train
37,Gos239.s10,Om-prij-06569,train,true,false,NZosljdopr,NZ,Gos239,train
18,Gos239.s11,Pm-prij-06568,train,true,false,NZosljdopr,NZ,Gos239,train
13,Gos239.s12,Om-prij-06569,train,true,false,NZosljdopr,NZ,Gos239,train
2,Gos239.s13,Pm-prij-06568,train,true,false,NZosljdopr,NZ,Gos239,train
36,Gos239.s14,Pm-prij-06568,train,true,false,NZosljdopr,NZ,Gos239,train
8,Gos239.s15,Om-prij-06569,train,true,false,NZosljdopr,NZ,Gos239,train
19,Gos239.s16,Pm-prij-06568,train,true,false,NZosljdopr,NZ,Gos239,train
34,Gos239.s17,Om-prij-06569,train,true,false,NZosljdopr,NZ,Gos239,train
32,Gos239.s18,Pm-prij-06568,train,true,false,NZosljdopr,NZ,Gos239,train
16,Gos240.s89,Mm-prij-09501,train,true,false,NZosljdopr,NZ,Gos240,train
27,Gos240.s90,Pm-prij-09502,train,true,false,NZosljdopr,NZ,Gos240,train
4,Gos240.s91,Om-prij-09503,train,true,false,NZosljdopr,NZ,Gos240,train
19,Gos240.s92,Pm-prij-09502,train,true,false,NZosljdopr,NZ,Gos240,train
2,Gos240.s93,Om-prij-09503,train,true,false,NZosljdopr,NZ,Gos240,train
10,Gos240.s94,Pm-prij-09502,train,true,false,NZosljdopr,NZ,Gos240,train
2,Gos240.s95,Om-prij-09503,train,true,false,NZosljdopr,NZ,Gos240,train
2,Gos240.s96,Pm-prij-09502,train,true,false,NZosljdopr,NZ,Gos240,train
2,Gos240.s97,Om-prij-09503,train,true,false,NZosljdopr,NZ,Gos240,train
3,Gos240.s98,Pm-prij-09502,train,true,false,NZosljdopr,NZ,Gos240,train
8,Gos240.s99,Mm-prij-09501,train,true,false,NZosljdopr,NZ,Gos240,train
14,Gos240.s100,Om-prij-09503,train,true,false,NZosljdopr,NZ,Gos240,train
3,Gos240.s101,Mm-prij-09501,train,true,false,NZosljdopr,NZ,Gos240,train
6,Gos240.s102,Pm-prij-09502,train,true,false,NZosljdopr,NZ,Gos240,train
26,Gos240.s103,Om-prij-09503,train,true,false,NZosljdopr,NZ,Gos240,train
10,Gos240.s104,Pm-prij-09502,train,true,false,NZosljdopr,NZ,Gos240,train
2,Gos240.s105,Mm-prij-09501,train,true,false,NZosljdopr,NZ,Gos240,train
7,Gos240.s106,Om-prij-09503,train,true,false,NZosljdopr,NZ,Gos240,train
24,Gos240.s107,Pm-prij-09502,train,true,false,NZosljdopr,NZ,Gos240,train
2,Gos240.s108,Om-prij-09503,train,true,false,NZosljdopr,NZ,Gos240,train
30,Gos240.s109,Pm-prij-09502,train,true,false,NZosljdopr,NZ,Gos240,train
4,Gos241.s147,Bm-prij-09523,train,true,false,NZosljdopr,NZ,Gos241,train
2,Gos241.s148,Df-prij-09522,train,true,false,NZosljdopr,NZ,Gos241,train
9,Gos241.s149,Bm-prij-09523,train,true,false,NZosljdopr,NZ,Gos241,train
8,Gos241.s150,Bm-prij-09523,train,true,false,NZosljdopr,NZ,Gos241,train
2,Gos241.s151,Df-prij-09522,train,true,false,NZosljdopr,NZ,Gos241,train
20,Gos241.s152,Bm-prij-09523,train,true,false,NZosljdopr,NZ,Gos241,train
13,Gos241.s153,Bm-prij-09523,train,true,false,NZosljdopr,NZ,Gos241,train
8,Gos241.s154,Bm-prij-09523,train,true,false,NZosljdopr,NZ,Gos241,train
21,Gos241.s155,Bm-prij-09523,train,true,false,NZosljdopr,NZ,Gos241,train
6,Gos241.s156,Vm-prij-09524,train,true,false,NZosljdopr,NZ,Gos241,train
24,Gos241.s157,Bm-prij-09523,train,true,false,NZosljdopr,NZ,Gos241,train
4,Gos241.s158,Vm-prij-09524,train,true,false,NZosljdopr,NZ,Gos241,train
24,Gos241.s159,Bm-prij-09523,train,true,false,NZosljdopr,NZ,Gos241,train
4,Gos241.s160,Vm-prij-09524,train,true,false,NZosljdopr,NZ,Gos241,train
22,Gos241.s161,Bm-prij-09523,train,true,false,NZosljdopr,NZ,Gos241,train
11,Gos242.s39,Mm-prij-09509,train,true,false,NZosljdopr,NZ,Gos242,train
2,Gos242.s40,Pm-prij-09508,train,true,false,NZosljdopr,NZ,Gos242,train
2,Gos242.s41,Pm-prij-09508,train,true,false,NZosljdopr,NZ,Gos242,train
2,Gos242.s42,Mm-prij-09509,train,true,false,NZosljdopr,NZ,Gos242,train
57,Gos242.s43,Mm-prij-09509,train,true,false,NZosljdopr,NZ,Gos242,train
2,Gos242.s44,Pm-prij-09508,train,true,false,NZosljdopr,NZ,Gos242,train
8,Gos242.s45,Pm-prij-09508,train,true,false,NZosljdopr,NZ,Gos242,train
3,Gos242.s46,Mm-prij-09509,train,true,false,NZosljdopr,NZ,Gos242,train
7,Gos242.s48,Pm-prij-09508,train,true,false,NZosljdopr,NZ,Gos242,train
8,Gos242.s49,Mm-prij-09509,train,true,false,NZosljdopr,NZ,Gos242,train
14,Gos242.s50,Bf-prij-09525,train,true,false,NZosljdopr,NZ,Gos242,train
17,Gos242.s52,Pm-prij-09508,train,true,false,NZosljdopr,NZ,Gos242,train
50,Gos242.s53,Pm-prij-09508,train,true,false,NZosljdopr,NZ,Gos242,train
7,Gos242.s54,Pm-prij-09508,train,true,false,NZosljdopr,NZ,Gos242,train
2,Gos243.s84,Mm-prij-09507,train,true,false,NZosljzupr,NZ,Gos243,dev
8,Gos243.s85,Pm-prij-09506,train,true,false,NZosljzupr,NZ,Gos243,dev
17,Gos243.s86,Mm-prij-09507,train,true,false,NZosljzupr,NZ,Gos243,dev
8,Gos243.s87,Am-prij-09505,train,true,false,NZosljzupr,NZ,Gos243,dev
7,Gos243.s88,Mm-prij-09507,train,true,false,NZosljzupr,NZ,Gos243,dev
27,Gos243.s89,Pm-prij-09506,train,true,false,NZosljzupr,NZ,Gos243,dev
2,Gos243.s90,Mm-prij-09507,train,true,false,NZosljzupr,NZ,Gos243,dev
3,Gos243.s91,Pm-prij-09506,train,true,false,NZosljzupr,NZ,Gos243,dev
14,Gos243.s92,Pm-prij-09506,train,true,false,NZosljzupr,NZ,Gos243,dev
6,Gos243.s93,Mm-prij-09507,train,true,false,NZosljzupr,NZ,Gos243,dev
8,Gos243.s94,Am-prij-09505,train,true,false,NZosljzupr,NZ,Gos243,dev
2,Gos243.s95,Pm-prij-09506,train,true,false,NZosljzupr,NZ,Gos243,dev
7,Gos243.s96,Mm-prij-09507,train,true,false,NZosljzupr,NZ,Gos243,dev
3,Gos243.s97,Am-prij-09505,train,true,false,NZosljzupr,NZ,Gos243,dev
5,Gos243.s98,Am-prij-09505,train,true,false,NZosljzupr,NZ,Gos243,dev
3,Gos243.s99,Mm-prij-09507,train,true,false,NZosljzupr,NZ,Gos243,dev
10,Gos243.s100,Am-prij-09505,train,true,false,NZosljzupr,NZ,Gos243,dev
24,Gos243.s101,Pm-prij-09506,train,true,false,NZosljzupr,NZ,Gos243,dev
10,Gos243.s102,Am-prij-09505,train,true,false,NZosljzupr,NZ,Gos243,dev
2,Gos243.s103,Mm-prij-09507,train,true,false,NZosljzupr,NZ,Gos243,dev
9,Gos244.s397,Sm-prij-09517,train,true,false,NZosljzupr,NZ,Gos244,train
2,Gos244.s398,Mm-prij-09518,train,true,false,NZosljzupr,NZ,Gos244,train
9,Gos244.s399,Sm-prij-09517,train,true,false,NZosljzupr,NZ,Gos244,train
12,Gos244.s400,Sm-prij-09517,train,true,false,NZosljzupr,NZ,Gos244,train
12,Gos244.s401,Sm-prij-09517,train,true,false,NZosljzupr,NZ,Gos244,train
7,Gos244.s402,Mm-prij-09518,train,true,false,NZosljzupr,NZ,Gos244,train
7,Gos244.s403,Sm-prij-09517,train,true,false,NZosljzupr,NZ,Gos244,train
4,Gos244.s404,Mm-prij-09518,train,true,false,NZosljzupr,NZ,Gos244,train
9,Gos244.s405,Sm-prij-09517,train,true,false,NZosljzupr,NZ,Gos244,train
1,Gos244.s406,Sm-prij-09517,train,true,false,NZosljzupr,NZ,Gos244,train
4,Gos244.s407,Mm-prij-09518,train,true,false,NZosljzupr,NZ,Gos244,train
7,Gos244.s408,Sm-prij-09517,train,true,false,NZosljzupr,NZ,Gos244,train
7,Gos244.s409,Sm-prij-09517,train,true,false,NZosljzupr,NZ,Gos244,train
22,Gos244.s410,Sm-prij-09517,train,true,false,NZosljzupr,NZ,Gos244,train
2,Gos244.s411,Mm-prij-09518,train,true,false,NZosljzupr,NZ,Gos244,train
4,Gos244.s412,Mm-prij-09518,train,true,false,NZosljzupr,NZ,Gos244,train
10,Gos244.s413,Sm-prij-09517,train,true,false,NZosljzupr,NZ,Gos244,train
12,Gos244.s414,Mm-prij-09518,train,true,false,NZosljzupr,NZ,Gos244,train
7,Gos244.s415,Sm-prij-09517,train,true,false,NZosljzupr,NZ,Gos244,train
9,Gos244.s416,Sm-prij-09517,train,true,false,NZosljzupr,NZ,Gos244,train
4,Gos244.s417,Mm-prij-09518,train,true,false,NZosljzupr,NZ,Gos244,train
31,Gos244.s418,Sm-prij-09517,train,true,false,NZosljzupr,NZ,Gos244,train
1,Gos244.s419,Mm-prij-09518,train,true,false,NZosljzupr,NZ,Gos244,train
25,Gos244.s420,Mm-prij-09518,train,true,false,NZosljzupr,NZ,Gos244,train
14,Gos245.s564,Am-prij-02557,train,true,false,NZosljzupr,NZ,Gos245,train
2,Gos245.s565,Bm-prij-02558,train,true,false,NZosljzupr,NZ,Gos245,train
5,Gos245.s566,Am-prij-02557,train,true,false,NZosljzupr,NZ,Gos245,train
4,Gos245.s567,Am-prij-02557,train,true,false,NZosljzupr,NZ,Gos245,train
10,Gos245.s568,Am-prij-02557,train,true,false,NZosljzupr,NZ,Gos245,train
7,Gos245.s569,Am-prij-02557,train,true,false,NZosljzupr,NZ,Gos245,train
3,Gos245.s571,Am-prij-02557,train,true,false,NZosljzupr,NZ,Gos245,train
3,Gos245.s573,Am-prij-02557,train,true,false,NZosljzupr,NZ,Gos245,train
7,Gos245.s574,Bm-prij-02558,train,true,false,NZosljzupr,NZ,Gos245,train
4,Gos245.s575,Bm-prij-02558,train,true,false,NZosljzupr,NZ,Gos245,train
6,Gos245.s577,Am-prij-02557,train,true,false,NZosljzupr,NZ,Gos245,train
17,Gos245.s579,Bm-prij-02558,train,true,false,NZosljzupr,NZ,Gos245,train
15,Gos245.s580,Bm-prij-02558,train,true,false,NZosljzupr,NZ,Gos245,train
2,Gos245.s581,Bm-prij-02558,train,true,false,NZosljzupr,NZ,Gos245,train
9,Gos245.s583,Am-prij-02557,train,true,false,NZosljzupr,NZ,Gos245,train
17,Gos245.s584,Am-prij-02557,train,true,false,NZosljzupr,NZ,Gos245,train
4,Gos245.s585,Am-prij-02557,train,true,false,NZosljzupr,NZ,Gos245,train
18,Gos245.s586,Am-prij-02557,train,true,false,NZosljzupr,NZ,Gos245,train
14,Gos245.s587,Bm-prij-02558,train,true,false,NZosljzupr,NZ,Gos245,train
13,Gos245.s588,Am-prij-02557,train,true,false,NZosljzupr,NZ,Gos245,train
14,Gos247.s332,Df-star-07526,train,true,false,NZosmbdodr,NZ,Gos247,dev
8,Gos247.s333,Df-star-07526,train,true,false,NZosmbdodr,NZ,Gos247,dev
2,Gos247.s334,Pf-otro-07527,train,true,false,NZosmbdodr,NZ,Gos247,dev
6,Gos247.s335,Df-star-07526,train,true,false,NZosmbdodr,NZ,Gos247,dev
23,Gos247.s337,Df-star-07526,train,true,false,NZosmbdodr,NZ,Gos247,dev
41,Gos247.s339,Df-star-07526,train,true,false,NZosmbdodr,NZ,Gos247,dev
11,Gos247.s340,Df-star-07526,train,true,false,NZosmbdodr,NZ,Gos247,dev
2,Gos247.s341,Pf-otro-07527,train,true,false,NZosmbdodr,NZ,Gos247,dev
8,Gos247.s342,Pf-otro-07527,train,true,false,NZosmbdodr,NZ,Gos247,dev
15,Gos247.s343,Df-star-07526,train,true,false,NZosmbdodr,NZ,Gos247,dev
23,Gos247.s344,Df-star-07526,train,true,false,NZosmbdodr,NZ,Gos247,dev
53,Gos247.s345,Df-star-07526,train,true,false,NZosmbdodr,NZ,Gos247,dev
1,Gos247.s346,Df-star-07526,train,true,false,NZosmbdodr,NZ,Gos247,dev
6,Gos249.s183,Bf-otro-02269,train,true,false,NZosmbdodr,NZ,Gos249,dev
14,Gos249.s184,Am-star-02268,train,true,false,NZosmbdodr,NZ,Gos249,dev
39,Gos249.s185,Am-star-02268,train,true,false,NZosmbdodr,NZ,Gos249,dev
2,Gos249.s186,Bf-otro-02269,train,true,false,NZosmbdodr,NZ,Gos249,dev
39,Gos249.s187,Am-star-02268,train,true,false,NZosmbdodr,NZ,Gos249,dev
32,Gos249.s188,Am-star-02268,train,true,false,NZosmbdodr,NZ,Gos249,dev
2,Gos249.s189,Bf-otro-02269,train,true,false,NZosmbdodr,NZ,Gos249,dev
60,Gos249.s191,Am-star-02268,train,true,false,NZosmbdodr,NZ,Gos249,dev
29,Gos249.s192,Am-star-02268,train,true,false,NZosmbdodr,NZ,Gos249,dev
34,Gos249.s193,Am-star-02268,train,true,false,NZosmbdodr,NZ,Gos249,dev
73,Gos249.s194,Am-star-02268,train,true,false,NZosmbdodr,NZ,Gos249,dev
2,Gos251.s295,Mm-prij-07531,train,true,false,NZosmbzupr,NZ,Gos251,train
15,Gos251.s296,Om-prij-07528,train,true,false,NZosmbzupr,NZ,Gos251,train
6,Gos251.s297,Mm-prij-07531,train,true,false,NZosmbzupr,NZ,Gos251,train
8,Gos251.s298,Mm-prij-07531,train,true,false,NZosmbzupr,NZ,Gos251,train
12,Gos251.s299,Om-prij-07528,train,true,false,NZosmbzupr,NZ,Gos251,train
13,Gos251.s300,Sm-prij-07530,train,true,false,NZosmbzupr,NZ,Gos251,train
2,Gos251.s301,Mm-prij-07531,train,true,false,NZosmbzupr,NZ,Gos251,train
8,Gos251.s302,Om-prij-07528,train,true,false,NZosmbzupr,NZ,Gos251,train
2,Gos251.s303,Sm-prij-07530,train,true,false,NZosmbzupr,NZ,Gos251,train
6,Gos251.s304,Mm-prij-07531,train,true,false,NZosmbzupr,NZ,Gos251,train
8,Gos251.s305,Om-prij-07528,train,true,false,NZosmbzupr,NZ,Gos251,train
12,Gos251.s306,Om-prij-07528,train,true,false,NZosmbzupr,NZ,Gos251,train
6,Gos256.s68,Bf-sode-07099,train,true,false,NZosnmdmso,NZ,Gos256,train
2,Gos256.s69,Bf-sode-07099,train,true,false,NZosnmdmso,NZ,Gos256,train
2,Gos256.s70,Af-sode-07098,train,true,false,NZosnmdmso,NZ,Gos256,train
17,Gos256.s71,Bf-sode-07099,train,true,false,NZosnmdmso,NZ,Gos256,train
10,Gos256.s72,Bf-sode-07099,train,true,false,NZosnmdmso,NZ,Gos256,train
23,Gos256.s73,Bf-sode-07099,train,true,false,NZosnmdmso,NZ,Gos256,train
3,Gos256.s74,Af-sode-07098,train,true,false,NZosnmdmso,NZ,Gos256,train
2,Gos256.s75,Bf-sode-07099,train,true,false,NZosnmdmso,NZ,Gos256,train
7,Gos256.s76,Af-sode-07098,train,true,false,NZosnmdmso,NZ,Gos256,train
12,Gos256.s77,Bf-sode-07099,train,true,false,NZosnmdmso,NZ,Gos256,train
2,Gos256.s79,Bf-sode-07099,train,true,false,NZosnmdmso,NZ,Gos256,train
11,Gos256.s81,Bf-sode-07099,train,true,false,NZosnmdmso,NZ,Gos256,train
10,Gos256.s82,Af-sode-07098,train,true,false,NZosnmdmso,NZ,Gos256,train
4,Gos256.s83,Bf-sode-07099,train,true,false,NZosnmdmso,NZ,Gos256,train
16,Gos256.s84,Bf-sode-07099,train,true,false,NZosnmdmso,NZ,Gos256,train
2,Gos256.s85,Af-sode-07098,train,true,false,NZosnmdmso,NZ,Gos256,train
2,Gos256.s86,Bf-sode-07099,train,true,false,NZosnmdmso,NZ,Gos256,train
10,Gos256.s87,Af-sode-07098,train,true,false,NZosnmdmso,NZ,Gos256,train
34,Gos256.s88,Bf-sode-07099,train,true,false,NZosnmdmso,NZ,Gos256,train
4,Gos256.s89,Af-sode-07098,train,true,false,NZosnmdmso,NZ,Gos256,train
64,Gos257.s118,Af-prij-07149,train,true,true,NZosnmdopr,NZ,Gos257,train
13,Gos257.s119,Cf-prij-07151,train,true,true,NZosnmdopr,NZ,Gos257,train
16,Gos257.s120,Af-prij-07149,train,true,true,NZosnmdopr,NZ,Gos257,train
27,Gos257.s121,Af-prij-07149,train,true,true,NZosnmdopr,NZ,Gos257,train
2,Gos257.s122,Cf-prij-07151,train,true,true,NZosnmdopr,NZ,Gos257,train
32,Gos257.s123,Af-prij-07149,train,true,true,NZosnmdopr,NZ,Gos257,train
36,Gos257.s124,Af-prij-07149,train,true,true,NZosnmdopr,NZ,Gos257,train
56,Gos257.s125,Af-prij-07149,train,true,true,NZosnmdopr,NZ,Gos257,train
9,Gos259.s19,Im-prij-06580,train,true,false,NZosnndopr,NZ,Gos259,train
19,Gos259.s21,Dm-prij-06581,train,true,false,NZosnndopr,NZ,Gos259,train
22,Gos259.s22,Im-prij-06580,train,true,false,NZosnndopr,NZ,Gos259,train
5,Gos259.s24,Im-prij-06580,train,true,false,NZosnndopr,NZ,Gos259,train
2,Gos259.s25,Dm-prij-06581,train,true,false,NZosnndopr,NZ,Gos259,train
19,Gos259.s26,Dm-prij-06581,train,true,false,NZosnndopr,NZ,Gos259,train
4,Gos259.s27,Im-prij-06580,train,true,false,NZosnndopr,NZ,Gos259,train
5,Gos259.s28,Dm-prij-06581,train,true,false,NZosnndopr,NZ,Gos259,train
6,Gos259.s29,Dm-prij-06581,train,true,false,NZosnndopr,NZ,Gos259,train
7,Gos259.s30,Dm-prij-06581,train,true,false,NZosnndopr,NZ,Gos259,train
8,Gos259.s31,Dm-prij-06581,train,true,false,NZosnndopr,NZ,Gos259,train
15,Gos259.s32,Dm-prij-06581,train,true,false,NZosnndopr,NZ,Gos259,train
2,Gos260.s228,Cf-znan-07540,train,true,false,NZosnndopr,NZ,Gos260,train
22,Gos260.s229,Dm-znan-07550,train,true,false,NZosnndopr,NZ,Gos260,train
9,Gos260.s230,Cf-znan-07540,train,true,false,NZosnndopr,NZ,Gos260,train
7,Gos260.s231,Dm-znan-07550,train,true,false,NZosnndopr,NZ,Gos260,train
2,Gos260.s232,Cf-znan-07540,train,true,false,NZosnndopr,NZ,Gos260,train
14,Gos260.s233,Dm-znan-07550,train,true,false,NZosnndopr,NZ,Gos260,train
13,Gos260.s234,Cf-znan-07540,train,true,false,NZosnndopr,NZ,Gos260,train
8,Gos260.s235,Dm-znan-07550,train,true,false,NZosnndopr,NZ,Gos260,train
7,Gos260.s236,Dm-znan-07550,train,true,false,NZosnndopr,NZ,Gos260,train
14,Gos260.s237,Cf-znan-07540,train,true,false,NZosnndopr,NZ,Gos260,train
19,Gos260.s238,Dm-znan-07550,train,true,false,NZosnndopr,NZ,Gos260,train
6,Gos260.s239,Dm-znan-07550,train,true,false,NZosnndopr,NZ,Gos260,train
6,Gos260.s240,Dm-znan-07550,train,true,false,NZosnndopr,NZ,Gos260,train
10,Gos260.s241,Dm-znan-07550,train,true,false,NZosnndopr,NZ,Gos260,train
6,Gos260.s242,Dm-znan-07550,train,true,false,NZosnndopr,NZ,Gos260,train
14,Gos260.s243,Cf-znan-07540,train,true,false,NZosnndopr,NZ,Gos260,train
18,Gos261.s70,Tf-znan-07540,train,true,false,NZosnnzupr,NZ,Gos261,dev
12,Gos261.s71,Tf-znan-07540,train,true,false,NZosnnzupr,NZ,Gos261,dev
27,Gos261.s72,Tf-znan-07540,train,true,false,NZosnnzupr,NZ,Gos261,dev
7,Gos261.s73,Sf-znan-07534,train,true,false,NZosnnzupr,NZ,Gos261,dev
2,Gos262.s114,Bf-prij-00508,train,true,true,NZospodopr,NZ,Gos262,train
16,Gos262.s115,Af-prij-00507,train,true,true,NZospodopr,NZ,Gos262,train
4,Gos262.s116,Bf-prij-00508,train,true,true,NZospodopr,NZ,Gos262,train
14,Gos262.s117,Af-prij-00507,train,true,true,NZospodopr,NZ,Gos262,train
3,Gos262.s119,Bf-prij-00508,train,true,true,NZospodopr,NZ,Gos262,train
4,Gos262.s120,Af-prij-00507,train,true,true,NZospodopr,NZ,Gos262,train
13,Gos262.s121,Af-prij-00507,train,true,true,NZospodopr,NZ,Gos262,train
2,Gos262.s122,Bf-prij-00508,train,true,true,NZospodopr,NZ,Gos262,train
7,Gos262.s123,Af-prij-00507,train,true,true,NZospodopr,NZ,Gos262,train
2,Gos262.s124,Bf-prij-00508,train,true,true,NZospodopr,NZ,Gos262,train
2,Gos262.s125,Bf-prij-00508,train,true,true,NZospodopr,NZ,Gos262,train
14,Gos262.s126,Af-prij-00507,train,true,true,NZospodopr,NZ,Gos262,train
7,Gos262.s127,Bf-prij-00508,train,true,true,NZospodopr,NZ,Gos262,train
15,Gos262.s128,Af-prij-00507,train,true,true,NZospodopr,NZ,Gos262,train
16,Gos263.s262,Mm-otro-01079,train,true,false,NZossgdodr,NZ,Gos263,train
2,Gos263.s263,Af-star-01083,train,true,false,NZossgdodr,NZ,Gos263,train
17,Gos263.s264,Mm-otro-01079,train,true,false,NZossgdodr,NZ,Gos263,train
2,Gos263.s265,Af-star-01083,train,true,false,NZossgdodr,NZ,Gos263,train
15,Gos263.s266,Af-star-01083,train,true,false,NZossgdodr,NZ,Gos263,train
4,Gos263.s267,Mm-otro-01079,train,true,false,NZossgdodr,NZ,Gos263,train
4,Gos263.s268,Af-star-01083,train,true,false,NZossgdodr,NZ,Gos263,train
11,Gos263.s269,Af-star-01083,train,true,false,NZossgdodr,NZ,Gos263,train
6,Gos263.s270,Mm-otro-01079,train,true,false,NZossgdodr,NZ,Gos263,train
2,Gos263.s271,Af-star-01083,train,true,false,NZossgdodr,NZ,Gos263,train
14,Gos263.s272,Af-star-01083,train,true,false,NZossgdodr,NZ,Gos263,train
13,Gos264.s65,Tm-prij-01081,train,true,true,NZossgdopr,NZ,Gos264,train
12,Gos264.s66,Tm-prij-01081,train,true,true,NZossgdopr,NZ,Gos264,train
2,Gos264.s67,Bf-prij-01082,train,true,true,NZossgdopr,NZ,Gos264,train
48,Gos264.s68,Tm-prij-01081,train,true,true,NZossgdopr,NZ,Gos264,train
8,Gos264.s69,Tm-prij-01081,train,true,true,NZossgdopr,NZ,Gos264,train
9,Gos265.s52,Mm-prij-01079,train,true,false,NZossgdopr,NZ,Gos265,dev
3,Gos265.s53,Im-prij-01080,train,true,false,NZossgdopr,NZ,Gos265,dev
19,Gos265.s54,Mm-prij-01079,train,true,false,NZossgdopr,NZ,Gos265,dev
3,Gos265.s55,Im-prij-01080,train,true,false,NZossgdopr,NZ,Gos265,dev
11,Gos265.s57,Mm-prij-01079,train,true,false,NZossgdopr,NZ,Gos265,dev
11,Gos265.s58,Im-prij-01080,train,true,false,NZossgdopr,NZ,Gos265,dev
2,Gos267.s14,Mf-prij-01077,train,true,false,NZossgdopr,NZ,Gos267,train
4,Gos267.s15,Dm-prij-01078,train,true,false,NZossgdopr,NZ,Gos267,train
6,Gos267.s16,Mf-prij-01077,train,true,false,NZossgdopr,NZ,Gos267,train
3,Gos267.s17,Dm-prij-01078,train,true,false,NZossgdopr,NZ,Gos267,train
23,Gos267.s19,Mf-prij-01077,train,true,false,NZossgdopr,NZ,Gos267,train
22,Gos267.s20,Mf-prij-01077,train,true,false,NZossgdopr,NZ,Gos267,train
2,Gos267.s21,Mf-prij-01077,train,true,false,NZossgdopr,NZ,Gos267,train
12,Gos268.s205,Vf-prij-06002,train,true,true,NZteceprij,NZ,Gos268,train
2,Gos268.s206,Tf-prij-06001,train,true,true,NZteceprij,NZ,Gos268,train
2,Gos268.s207,Tf-prij-06001,train,true,true,NZteceprij,NZ,Gos268,train
3,Gos268.s208,Tf-prij-06001,train,true,true,NZteceprij,NZ,Gos268,train
3,Gos268.s209,Vf-prij-06002,train,true,true,NZteceprij,NZ,Gos268,train
2,Gos268.s211,Tf-prij-06001,train,true,true,NZteceprij,NZ,Gos268,train
8,Gos268.s212,Vf-prij-06002,train,true,true,NZteceprij,NZ,Gos268,train
4,Gos268.s213,Tf-prij-06001,train,true,true,NZteceprij,NZ,Gos268,train
11,Gos268.s215,Tf-prij-06001,train,true,true,NZteceprij,NZ,Gos268,train
2,Gos268.s216,Vf-prij-06002,train,true,true,NZteceprij,NZ,Gos268,train
24,Gos268.s217,Tf-prij-06001,train,true,true,NZteceprij,NZ,Gos268,train
2,Gos268.s218,Vf-prij-06002,train,true,true,NZteceprij,NZ,Gos268,train
2,Gos268.s219,Vf-prij-06002,train,true,true,NZteceprij,NZ,Gos268,train
6,Gos268.s220,Tf-prij-06001,train,true,true,NZteceprij,NZ,Gos268,train
9,Gos268.s221,Vf-prij-06002,train,true,true,NZteceprij,NZ,Gos268,train
8,Gos270.s184,Bm-prij-02169,train,true,false,NZteceprij,NZ,Gos270,train
9,Gos270.s185,Am-prij-02168,train,true,false,NZteceprij,NZ,Gos270,train
34,Gos270.s186,Bm-prij-02169,train,true,false,NZteceprij,NZ,Gos270,train
4,Gos270.s187,Am-prij-02168,train,true,false,NZteceprij,NZ,Gos270,train
4,Gos270.s188,Bm-prij-02169,train,true,false,NZteceprij,NZ,Gos270,train
13,Gos270.s189,Am-prij-02168,train,true,false,NZteceprij,NZ,Gos270,train
7,Gos270.s190,Bm-prij-02169,train,true,false,NZteceprij,NZ,Gos270,train
2,Gos272.s62,Bf-prij-02102,train,true,false,NZteceprij,NZ,Gos272,train
23,Gos272.s63,Bf-prij-02102,train,true,false,NZteceprij,NZ,Gos272,train
6,Gos273.s81,Af-prij-02101,train,true,false,NZteceprij,NZ,Gos273,dev
23,Gos273.s82,Bf-prij-02102,train,true,false,NZteceprij,NZ,Gos273,dev
19,Gos273.s83,Af-prij-02101,train,true,false,NZteceprij,NZ,Gos273,dev
21,Gos273.s84,Bf-prij-02102,train,true,false,NZteceprij,NZ,Gos273,dev
23,Gos273.s85,Bf-prij-02102,train,true,false,NZteceprij,NZ,Gos273,dev
9,Gos273.s86,Bf-prij-02102,train,true,false,NZteceprij,NZ,Gos273,dev
2,Gos273.s87,Bf-prij-02102,train,true,false,NZteceprij,NZ,Gos273,dev
11,Gos273.s88,Af-prij-02101,train,true,false,NZteceprij,NZ,Gos273,dev
18,Gos273.s89,Bf-prij-02102,train,true,false,NZteceprij,NZ,Gos273,dev
19,Gos273.s90,Bf-prij-02102,train,true,false,NZteceprij,NZ,Gos273,dev
2,Gos273.s91,Af-prij-02101,train,true,false,NZteceprij,NZ,Gos273,dev
17,Gos273.s92,Bf-prij-02102,train,true,false,NZteceprij,NZ,Gos273,dev
60,Gos273.s93,Bf-prij-02102,train,true,false,NZteceprij,NZ,Gos273,dev
2,Gos274.s26,Af-soro-02170,train,true,false,NZtecesoro,NZ,Gos274,dev
8,Gos274.s27,Bm-soro-02171,train,true,false,NZtecesoro,NZ,Gos274,dev
2,Gos274.s28,Af-soro-02170,train,true,false,NZtecesoro,NZ,Gos274,dev
15,Gos274.s29,Bm-soro-02171,train,true,false,NZtecesoro,NZ,Gos274,dev
4,Gos274.s30,Af-soro-02170,train,true,false,NZtecesoro,NZ,Gos274,dev
7,Gos274.s31,Bm-soro-02171,train,true,false,NZtecesoro,NZ,Gos274,dev
4,Gos277.s56,Tm-prij-06583,train,true,false,NZteljprij,NZ,Gos277,train
2,Gos277.s57,Pm-prij-06582,train,true,false,NZteljprij,NZ,Gos277,train
6,Gos277.s58,Pm-prij-06582,train,true,false,NZteljprij,NZ,Gos277,train
11,Gos277.s59,Tm-prij-06583,train,true,false,NZteljprij,NZ,Gos277,train
4,Gos277.s60,Tm-prij-06583,train,true,false,NZteljprij,NZ,Gos277,train
4,Gos277.s61,Pm-prij-06582,train,true,false,NZteljprij,NZ,Gos277,train
16,Gos277.s63,Tm-prij-06583,train,true,false,NZteljprij,NZ,Gos277,train
1,Gos277.s64,Pm-prij-06582,train,true,false,NZteljprij,NZ,Gos277,train
8,Gos277.s65,Pm-prij-06582,train,true,false,NZteljprij,NZ,Gos277,train
4,Gos277.s66,Tm-prij-06583,train,true,false,NZteljprij,NZ,Gos277,train
8,Gos277.s67,Pm-prij-06582,train,true,false,NZteljprij,NZ,Gos277,train
6,Gos277.s68,Tm-prij-06583,train,true,false,NZteljprij,NZ,Gos277,train
11,Gos277.s69,Pm-prij-06582,train,true,false,NZteljprij,NZ,Gos277,train
7,Gos277.s70,Tm-prij-06583,train,true,false,NZteljprij,NZ,Gos277,train
10,Gos277.s71,Pm-prij-06582,train,true,false,NZteljprij,NZ,Gos277,train
8,Gos277.s72,Tm-prij-06583,train,true,false,NZteljprij,NZ,Gos277,train
2,Gos277.s73,Pm-prij-06582,train,true,false,NZteljprij,NZ,Gos277,train
64,Gos277.s74,Tm-prij-06583,train,true,false,NZteljprij,NZ,Gos277,train
32,Gos278.s272,Df-prij-09526,train,true,false,NZteljprij,NZ,Gos278,train
20,Gos278.s273,Df-prij-09526,train,true,false,NZteljprij,NZ,Gos278,train
6,Gos278.s274,Bf-prij-09525,train,true,false,NZteljprij,NZ,Gos278,train
24,Gos278.s275,Bf-prij-09525,train,true,false,NZteljprij,NZ,Gos278,train
10,Gos278.s276,Bf-prij-09525,train,true,false,NZteljprij,NZ,Gos278,train
2,Gos278.s277,Df-prij-09526,train,true,false,NZteljprij,NZ,Gos278,train
17,Gos278.s278,Df-prij-09526,train,true,false,NZteljprij,NZ,Gos278,train
37,Gos278.s279,Bf-prij-09525,train,true,false,NZteljprij,NZ,Gos278,train
2,Gos278.s280,Bf-prij-09525,train,true,false,NZteljprij,NZ,Gos278,train
3,Gos278.s281,Df-prij-09526,train,true,false,NZteljprij,NZ,Gos278,train
20,Gos278.s282,Df-prij-09526,train,true,false,NZteljprij,NZ,Gos278,train
2,Gos278.s283,Df-prij-09526,train,true,false,NZteljprij,NZ,Gos278,train
5,Gos279.s5,Sm-prij-09516,train,true,false,NZteljprij,NZ,Gos279,train
23,Gos279.s6,Lm-prij-09515,train,true,false,NZteljprij,NZ,Gos279,train
3,Gos279.s7,Sm-prij-09516,train,true,false,NZteljprij,NZ,Gos279,train
7,Gos279.s8,Sm-prij-09516,train,true,false,NZteljprij,NZ,Gos279,train
16,Gos279.s9,Lm-prij-09515,train,true,false,NZteljprij,NZ,Gos279,train
2,Gos280.s16,Af-soro-09512,train,true,true,NZteljsoro,NZ,Gos280,train
14,Gos280.s17,Mf-soro-09513,train,true,true,NZteljsoro,NZ,Gos280,train
8,Gos280.s18,Mf-soro-09513,train,true,true,NZteljsoro,NZ,Gos280,train
8,Gos280.s19,Af-soro-09512,train,true,true,NZteljsoro,NZ,Gos280,train
10,Gos280.s20,Mf-soro-09513,train,true,true,NZteljsoro,NZ,Gos280,train
7,Gos280.s21,Af-soro-09512,train,true,true,NZteljsoro,NZ,Gos280,train
6,Gos280.s22,Af-soro-09512,train,true,true,NZteljsoro,NZ,Gos280,train
14,Gos280.s23,Mf-soro-09513,train,true,true,NZteljsoro,NZ,Gos280,train
2,Gos280.s24,Af-soro-09512,train,true,true,NZteljsoro,NZ,Gos280,train
4,Gos280.s25,Mf-soro-09513,train,true,true,NZteljsoro,NZ,Gos280,train
19,Gos280.s26,Af-soro-09512,train,true,true,NZteljsoro,NZ,Gos280,train
26,Gos280.s27,Mf-soro-09513,train,true,true,NZteljsoro,NZ,Gos280,train
3,Gos280.s28,Af-soro-09512,train,true,true,NZteljsoro,NZ,Gos280,train
4,Gos280.s29,Mf-soro-09513,train,true,true,NZteljsoro,NZ,Gos280,train
43,Gos280.s30,Mf-soro-09513,train,true,true,NZteljsoro,NZ,Gos280,train
2,Gos280.s31,Af-soro-09512,train,true,true,NZteljsoro,NZ,Gos280,train
24,Gos280.s32,Mf-soro-09513,train,true,true,NZteljsoro,NZ,Gos280,train
13,Gos280.s33,Mf-soro-09513,train,true,true,NZteljsoro,NZ,Gos280,train
7,Gos280.s34,Af-soro-09512,train,true,true,NZteljsoro,NZ,Gos280,train
20,Gos280.s35,Mf-soro-09513,train,true,true,NZteljsoro,NZ,Gos280,train
2,Gos280.s36,Af-soro-09512,train,true,true,NZteljsoro,NZ,Gos280,train
2,Gos280.s37,Mf-soro-09513,train,true,true,NZteljsoro,NZ,Gos280,train
10,Gos280.s38,Mf-soro-09513,train,true,true,NZteljsoro,NZ,Gos280,train
22,Gos280.s39,Af-soro-09512,train,true,true,NZteljsoro,NZ,Gos280,train
9,Gos282.s251,If-prij-01073,train,true,false,NZtembprij,NZ,Gos282,train
9,Gos282.s252,If-prij-01073,train,true,false,NZtembprij,NZ,Gos282,train
30,Gos282.s254,If-prij-01073,train,true,false,NZtembprij,NZ,Gos282,train
4,Gos282.s255,Uf-prij-01074,train,true,false,NZtembprij,NZ,Gos282,train
4,Gos282.s256,If-prij-01073,train,true,false,NZtembprij,NZ,Gos282,train
2,Gos282.s258,If-prij-01073,train,true,false,NZtembprij,NZ,Gos282,train
2,Gos282.s259,Uf-prij-01074,train,true,false,NZtembprij,NZ,Gos282,train
55,Gos282.s260,If-prij-01073,train,true,false,NZtembprij,NZ,Gos282,train
25,Gos282.s261,If-prij-01073,train,true,false,NZtembprij,NZ,Gos282,train
24,Gos283.s252,Mm-prij-06005,train,true,false,NZtemsprij,NZ,Gos283,train
12,Gos283.s253,Nm-prij-06006,train,true,false,NZtemsprij,NZ,Gos283,train
26,Gos283.s254,Mm-prij-06005,train,true,false,NZtemsprij,NZ,Gos283,train
5,Gos283.s255,Nm-prij-06006,train,true,false,NZtemsprij,NZ,Gos283,train
8,Gos283.s256,Mm-prij-06005,train,true,false,NZtemsprij,NZ,Gos283,train
38,Gos283.s257,Nm-prij-06006,train,true,false,NZtemsprij,NZ,Gos283,train
7,Gos283.s258,Mm-prij-06005,train,true,false,NZtemsprij,NZ,Gos283,train
20,Gos283.s259,Nm-prij-06006,train,true,false,NZtemsprij,NZ,Gos283,train
6,Gos283.s260,Mm-prij-06005,train,true,false,NZtemsprij,NZ,Gos283,train
93,Gos283.s261,Mm-prij-06005,train,true,false,NZtemsprij,NZ,Gos283,train
2,Gos284.s103,Zf-star-06003,train,true,false,NZtemssoro,NZ,Gos284,train
11,Gos284.s104,Zf-star-06003,train,true,false,NZtemssoro,NZ,Gos284,train
23,Gos284.s105,Zf-star-06003,train,true,false,NZtemssoro,NZ,Gos284,train
11,Gos284.s106,Zf-star-06003,train,true,false,NZtemssoro,NZ,Gos284,train
2,Gos284.s107,Mf-otro-06004,train,true,false,NZtemssoro,NZ,Gos284,train
8,Gos284.s108,Zf-star-06003,train,true,false,NZtemssoro,NZ,Gos284,train
19,Gos284.s109,Zf-star-06003,train,true,false,NZtemssoro,NZ,Gos284,train
19,Gos284.s110,Zf-star-06003,train,true,false,NZtemssoro,NZ,Gos284,train
29,Gos286.s371,Am-prij-07102,train,true,false,NZtenmprij,NZ,Gos286,train
11,Gos286.s373,Bm-prij-07103,train,true,false,NZtenmprij,NZ,Gos286,train
2,Gos286.s374,Am-prij-07102,train,true,false,NZtenmprij,NZ,Gos286,train
26,Gos286.s375,Bm-prij-07103,train,true,false,NZtenmprij,NZ,Gos286,train
2,Gos286.s376,Am-prij-07102,train,true,false,NZtenmprij,NZ,Gos286,train
7,Gos286.s377,Am-prij-07102,train,true,false,NZtenmprij,NZ,Gos286,train
7,Gos286.s378,Bm-prij-07103,train,true,false,NZtenmprij,NZ,Gos286,train
29,Gos286.s379,Am-prij-07102,train,true,false,NZtenmprij,NZ,Gos286,train
5,Gos286.s380,Bm-prij-07103,train,true,false,NZtenmprij,NZ,Gos286,train
11,Gos286.s381,Am-prij-07102,train,true,false,NZtenmprij,NZ,Gos286,train
4,Gos286.s382,Bm-prij-07103,train,true,false,NZtenmprij,NZ,Gos286,train
14,Gos286.s383,Am-prij-07102,train,true,false,NZtenmprij,NZ,Gos286,train
13,Gos286.s384,Bm-prij-07103,train,true,false,NZtenmprij,NZ,Gos286,train
9,Gos286.s385,Bm-prij-07103,train,true,false,NZtenmprij,NZ,Gos286,train
8,Gos287.s43,Bm-prij-01072,train,true,false,NZtesgprij,NZ,Gos287,dev
12,Gos287.s44,Bf-prij-01071,train,true,false,NZtesgprij,NZ,Gos287,dev
2,Gos287.s45,Bm-prij-01072,train,true,false,NZtesgprij,NZ,Gos287,dev
21,Gos287.s46,Bf-prij-01071,train,true,false,NZtesgprij,NZ,Gos287,dev
2,Gos287.s47,Bm-prij-01072,train,true,false,NZtesgprij,NZ,Gos287,dev
15,Gos287.s48,Bf-prij-01071,train,true,false,NZtesgprij,NZ,Gos287,dev
4,Gos287.s49,Bm-prij-01072,train,true,false,NZtesgprij,NZ,Gos287,dev
2,Gos287.s50,Bf-prij-01071,train,true,false,NZtesgprij,NZ,Gos287,dev
4,Gos287.s51,Bm-prij-01072,train,true,false,NZtesgprij,NZ,Gos287,dev
2,Gos287.s52,Bf-prij-01071,train,true,false,NZtesgprij,NZ,Gos287,dev
13,Gos287.s53,Bf-prij-01071,train,true,false,NZtesgprij,NZ,Gos287,dev
2,Gos287.s54,Bm-prij-01072,train,true,false,NZtesgprij,NZ,Gos287,dev
6,Gos287.s55,Bf-prij-01071,train,true,false,NZtesgprij,NZ,Gos287,dev
2,Gos287.s56,Bm-prij-01072,train,true,false,NZtesgprij,NZ,Gos287,dev
5,Gos287.s57,Bf-prij-01071,train,true,false,NZtesgprij,NZ,Gos287,dev
4,Gos287.s58,Bm-prij-01072,train,true,false,NZtesgprij,NZ,Gos287,dev
6,Gos287.s59,Bf-prij-01071,train,true,false,NZtesgprij,NZ,Gos287,dev
2,Gos287.s60,Bm-prij-01072,train,true,false,NZtesgprij,NZ,Gos287,dev
2,Gos287.s61,Bf-prij-01071,train,true,false,NZtesgprij,NZ,Gos287,dev
5,Gos287.s62,Bm-prij-01072,train,true,false,NZtesgprij,NZ,Gos287,dev
12,Gos287.s63,Bm-prij-01072,train,true,false,NZtesgprij,NZ,Gos287,dev
14,Gos136.s403,Cm-mode-05621,train,false,true,JRrajzcajp,JR,Gos136,train
8,Gos136.s404,Am-mode-05620,train,false,true,JRrajzcajp,JR,Gos136,train
31,Gos136.s405,Am-mode-05620,train,false,true,JRrajzcajp,JR,Gos136,train
34,Gos136.s406,Am-mode-05620,train,false,true,JRrajzcajp,JR,Gos136,train
8,Gos136.s407,Am-mode-05620,train,false,true,JRrajzcajp,JR,Gos136,train
17,Gos136.s409,Am-mode-05620,train,false,true,JRrajzcajp,JR,Gos136,train
22,Gos136.s410,Am-mode-05620,train,false,true,JRrajzcajp,JR,Gos136,train
16,Gos136.s411,Am-mode-05620,train,false,true,JRrajzcajp,JR,Gos136,train
10,Gos136.s412,Am-mode-05620,train,false,true,JRrajzcajp,JR,Gos136,train
24,Gos136.s413,Am-mode-05620,train,false,true,JRrajzcajp,JR,Gos136,train
5,Gos136.s414,Am-mode-05620,train,false,true,JRrajzcajp,JR,Gos136,train
26,Gos136.s415,Am-mode-05620,train,false,true,JRrajzcajp,JR,Gos136,train
10,Gos136.s416,Am-mode-05620,train,false,true,JRrajzcajp,JR,Gos136,train
22,Gos136.s417,Am-mode-05620,train,false,true,JRrajzcajp,JR,Gos136,train
11,Gos136.s418,Am-mode-05620,train,false,true,JRrajzcajp,JR,Gos136,train
21,Gos136.s419,Am-mode-05620,train,false,true,JRrajzcajp,JR,Gos136,train
14,Gos136.s420,Am-mode-05620,train,false,true,JRrajzcajp,JR,Gos136,train
15,Gos136.s421,Am-mode-05620,train,false,true,JRrajzcajp,JR,Gos136,train
18,Gos136.s422,Am-mode-05620,train,false,true,JRrajzcajp,JR,Gos136,train
17,Gos136.s423,Am-mode-05620,train,false,true,JRrajzcajp,JR,Gos136,train
9,Gos136.s424,Am-mode-05620,train,false,true,JRrajzcajp,JR,Gos136,train
14,Gos136.s425,Am-mode-05620,train,false,true,JRrajzcajp,JR,Gos136,train
12,Gos136.s426,Am-mode-05620,train,false,true,JRrajzcajp,JR,Gos136,train
22,Gos136.s427,Am-mode-05620,train,false,true,JRrajzcajp,JR,Gos136,train
7,Gos136.s428,Am-mode-05620,train,false,true,JRrajzcajp,JR,Gos136,train
13,Gos136.s429,Cm-mode-05621,train,false,true,JRrajzcajp,JR,Gos136,train
26,Gos136.s430,Cm-mode-05621,train,false,true,JRrajzcajp,JR,Gos136,train
8,Gos136.s431,Cm-mode-05621,train,false,true,JRrajzcajp,JR,Gos136,train
20,Gos136.s432,Cm-mode-05621,train,false,true,JRrajzcajp,JR,Gos136,train
9,Gos136.s433,Cm-mode-05621,train,false,true,JRrajzcajp,JR,Gos136,train
4,Gos136.s434,Cm-mode-05621,train,false,true,JRrajzcajp,JR,Gos136,train
16,Gos136.s435,Cm-mode-05621,train,false,true,JRrajzcajp,JR,Gos136,train
15,Gos136.s436,Cm-mode-05621,train,false,true,JRrajzcajp,JR,Gos136,train
24,Gos136.s437,Cm-mode-05621,train,false,true,JRrajzcajp,JR,Gos136,train
8,Gos138.s24,Mm-posl-04531,train,false,true,JRrajzkkna,JR,Gos138,train
7,Gos138.s25,Sf-mode-04529,train,false,true,JRrajzkkna,JR,Gos138,train
6,Gos138.s26,Mm-posl-04531,train,false,true,JRrajzkkna,JR,Gos138,train
8,Gos138.s27,Sf-mode-04529,train,false,true,JRrajzkkna,JR,Gos138,train
5,Gos138.s28,Mm-posl-04531,train,false,true,JRrajzkkna,JR,Gos138,train
59,Gos138.s29,Sf-mode-04529,train,false,true,JRrajzkkna,JR,Gos138,train
2,Gos138.s30,Dm-posl-04530,train,false,true,JRrajzkkna,JR,Gos138,train
8,Gos138.s31,Sf-mode-04529,train,false,true,JRrajzkkna,JR,Gos138,train
2,Gos138.s33,Mm-posl-04531,train,false,true,JRrajzkkna,JR,Gos138,train
4,Gos138.s35,Mm-posl-04531,train,false,true,JRrajzkkna,JR,Gos138,train
34,Gos138.s37,Sf-mode-04529,train,false,true,JRrajzkkna,JR,Gos138,train
2,Gos138.s38,Dm-posl-04530,train,false,true,JRrajzkkna,JR,Gos138,train
13,Gos138.s39,Sf-mode-04529,train,false,true,JRrajzkkna,JR,Gos138,train
2,Gos138.s40,Mm-posl-04531,train,false,true,JRrajzkkna,JR,Gos138,train
3,Gos138.s41,Sf-mode-04529,train,false,true,JRrajzkkna,JR,Gos138,train
3,Gos138.s42,Mm-posl-04531,train,false,true,JRrajzkkna,JR,Gos138,train
2,Gos138.s43,Sf-mode-04529,train,false,true,JRrajzkkna,JR,Gos138,train
3,Gos138.s44,Dm-posl-04530,train,false,true,JRrajzkkna,JR,Gos138,train
7,Gos138.s45,Sf-mode-04529,train,false,true,JRrajzkkna,JR,Gos138,train
2,Gos138.s46,Mm-posl-04531,train,false,true,JRrajzkkna,JR,Gos138,train
2,Gos138.s47,Sf-mode-04529,train,false,true,JRrajzkkna,JR,Gos138,train
2,Gos138.s48,Mm-posl-04531,train,false,true,JRrajzkkna,JR,Gos138,train
2,Gos138.s49,Sf-mode-04529,train,false,true,JRrajzkkna,JR,Gos138,train
18,Gos138.s50,Sf-mode-04529,train,false,true,JRrajzkkna,JR,Gos138,train
4,Gos138.s51,Dm-posl-04530,train,false,true,JRrajzkkna,JR,Gos138,train
26,Gos138.s52,Sf-mode-04529,train,false,true,JRrajzkkna,JR,Gos138,train
2,Gos138.s53,Mm-posl-04531,train,false,true,JRrajzkkna,JR,Gos138,train
2,Gos138.s54,Sf-mode-04529,train,false,true,JRrajzkkna,JR,Gos138,train
2,Gos138.s55,Mm-posl-04531,train,false,true,JRrajzkkna,JR,Gos138,train
20,Gos138.s56,Sf-mode-04529,train,false,true,JRrajzkkna,JR,Gos138,train
4,Gos138.s57,Mm-posl-04531,train,false,true,JRrajzkkna,JR,Gos138,train
5,Gos138.s58,Sf-mode-04529,train,false,true,JRrajzkkna,JR,Gos138,train
4,Gos138.s59,Dm-posl-04530,train,false,true,JRrajzkkna,JR,Gos138,train
2,Gos138.s60,Sf-mode-04529,train,false,true,JRrajzkkna,JR,Gos138,train
2,Gos138.s61,Dm-posl-04530,train,false,true,JRrajzkkna,JR,Gos138,train
6,Gos138.s62,Sf-mode-04529,train,false,true,JRrajzkkna,JR,Gos138,train
2,Gos138.s63,Mm-posl-04531,train,false,true,JRrajzkkna,JR,Gos138,train
25,Gos138.s64,Sf-mode-04529,train,false,true,JRrajzkkna,JR,Gos138,train
4,Gos138.s65,Dm-posl-04530,train,false,true,JRrajzkkna,JR,Gos138,train
15,Gos138.s66,Sf-mode-04529,train,false,true,JRrajzkkna,JR,Gos138,train
2,Gos138.s67,Mm-posl-04531,train,false,true,JRrajzkkna,JR,Gos138,train
19,Gos138.s68,Sf-mode-04529,train,false,true,JRrajzkkna,JR,Gos138,train
2,Gos138.s69,Dm-posl-04530,train,false,true,JRrajzkkna,JR,Gos138,train
21,Gos138.s70,Sf-mode-04529,train,false,true,JRrajzkkna,JR,Gos138,train
6,Gos138.s71,Mm-posl-04531,train,false,true,JRrajzkkna,JR,Gos138,train
2,Gos138.s73,Sf-mode-04529,train,false,true,JRrajzkkna,JR,Gos138,train
2,Gos138.s74,Mm-posl-04531,train,false,true,JRrajzkkna,JR,Gos138,train
11,Gos138.s75,Sf-mode-04529,train,false,true,JRrajzkkna,JR,Gos138,train
36,Gos138.s76,Sf-mode-04529,train,false,true,JRrajzkkna,JR,Gos138,train
4,Gos138.s77,Dm-posl-04530,train,false,true,JRrajzkkna,JR,Gos138,train
8,Gos138.s78,Sf-mode-04529,train,false,true,JRrajzkkna,JR,Gos138,train
2,Gos138.s79,Mm-posl-04531,train,false,true,JRrajzkkna,JR,Gos138,train
8,Gos138.s80,Sf-mode-04529,train,false,true,JRrajzkkna,JR,Gos138,train
4,Gos138.s81,Mm-posl-04531,train,false,true,JRrajzkkna,JR,Gos138,train
2,Gos138.s83,Sf-mode-04529,train,false,true,JRrajzkkna,JR,Gos138,train
2,Gos138.s85,Sf-mode-04529,train,false,true,JRrajzkkna,JR,Gos138,train
3,Gos138.s87,Sf-mode-04529,train,false,true,JRrajzkkna,JR,Gos138,train
6,Gos138.s89,Sf-mode-04529,train,false,true,JRrajzkkna,JR,Gos138,train
4,Gos138.s91,Sf-mode-04529,train,false,true,JRrajzkkna,JR,Gos138,train
2,Gos138.s92,Mm-posl-04531,train,false,true,JRrajzkkna,JR,Gos138,train
43,Gos138.s93,Sf-mode-04529,train,false,true,JRrajzkkna,JR,Gos138,train
5,Gos138.s94,Dm-posl-04530,train,false,true,JRrajzkkna,JR,Gos138,train
6,Gos138.s95,Sf-mode-04529,train,false,true,JRrajzkkna,JR,Gos138,train
3,Gos138.s96,Dm-posl-04530,train,false,true,JRrajzkkna,JR,Gos138,train
2,Gos138.s97,Sf-mode-04529,train,false,true,JRrajzkkna,JR,Gos138,train
2,Gos138.s98,Sf-mode-04529,train,false,true,JRrajzkkna,JR,Gos138,train
2,Gos138.s99,Dm-posl-04530,train,false,true,JRrajzkkna,JR,Gos138,train
6,Gos138.s100,Sf-mode-04529,train,false,true,JRrajzkkna,JR,Gos138,train
2,Gos138.s101,Dm-posl-04530,train,false,true,JRrajzkkna,JR,Gos138,train
11,Gos138.s102,Sf-mode-04529,train,false,true,JRrajzkkna,JR,Gos138,train
2,Gos138.s103,Mm-posl-04531,train,false,true,JRrajzkkna,JR,Gos138,train
8,Gos138.s105,Sf-mode-04529,train,false,true,JRrajzkkna,JR,Gos138,train
31,Gos138.s106,Sf-mode-04529,train,false,true,JRrajzkkna,JR,Gos138,train
2,Gos138.s108,Dm-posl-04530,train,false,true,JRrajzkkna,JR,Gos138,train
18,Gos138.s109,Sf-mode-04529,train,false,true,JRrajzkkna,JR,Gos138,train
2,Gos138.s110,Mm-posl-04531,train,false,true,JRrajzkkna,JR,Gos138,train
4,Gos138.s112,Sf-mode-04529,train,false,true,JRrajzkkna,JR,Gos138,train
4,Gos138.s114,Sf-mode-04529,train,false,true,JRrajzkkna,JR,Gos138,train
58,Gos138.s115,Sf-mode-04529,train,false,true,JRrajzkkna,JR,Gos138,train
8,Gos138.s116,Mm-posl-04531,train,false,true,JRrajzkkna,JR,Gos138,train
3,Gos138.s118,Dm-posl-04530,train,false,true,JRrajzkkna,JR,Gos138,train
10,Gos159.s592,Sm-novi-02049,train,false,true,JRtvslpoas,JR,Gos159,train
8,Gos159.s593,Om-gost-06560,train,false,true,JRtvslpoas,JR,Gos159,train
2,Gos159.s594,Gm-novi-02048,train,false,true,JRtvslpoas,JR,Gos159,train
19,Gos159.s595,Gm-novi-02048,train,false,true,JRtvslpoas,JR,Gos159,train
9,Gos159.s596,Sm-novi-02049,train,false,true,JRtvslpoas,JR,Gos159,train
2,Gos159.s597,Om-gost-06560,train,false,true,JRtvslpoas,JR,Gos159,train
2,Gos159.s598,Gm-novi-02048,train,false,true,JRtvslpoas,JR,Gos159,train
11,Gos159.s599,Om-gost-06560,train,false,true,JRtvslpoas,JR,Gos159,train
4,Gos159.s600,Gm-novi-02048,train,false,true,JRtvslpoas,JR,Gos159,train
4,Gos159.s601,Sm-novi-02049,train,false,true,JRtvslpoas,JR,Gos159,train
8,Gos159.s602,Gm-novi-02048,train,false,true,JRtvslpoas,JR,Gos159,train
2,Gos159.s603,Om-gost-06560,train,false,true,JRtvslpoas,JR,Gos159,train
4,Gos159.s604,Sm-novi-02049,train,false,true,JRtvslpoas,JR,Gos159,train
8,Gos159.s605,Gm-novi-02048,train,false,true,JRtvslpoas,JR,Gos159,train
28,Gos159.s606,Gm-novi-02048,train,false,true,JRtvslpoas,JR,Gos159,train
5,Gos159.s607,Om-gost-06560,train,false,true,JRtvslpoas,JR,Gos159,train
4,Gos159.s608,Gm-novi-02048,train,false,true,JRtvslpoas,JR,Gos159,train
2,Gos159.s609,Sm-novi-02049,train,false,true,JRtvslpoas,JR,Gos159,train
2,Gos159.s610,Om-gost-06560,train,false,true,JRtvslpoas,JR,Gos159,train
14,Gos159.s612,Gm-novi-02048,train,false,true,JRtvslpoas,JR,Gos159,train
7,Gos159.s614,Sm-novi-02049,train,false,true,JRtvslpoas,JR,Gos159,train
6,Gos159.s615,Gm-novi-02048,train,false,true,JRtvslpoas,JR,Gos159,train
16,Gos159.s616,Gm-novi-02048,train,false,true,JRtvslpoas,JR,Gos159,train
10,Gos159.s617,Om-gost-06560,train,false,true,JRtvslpoas,JR,Gos159,train
12,Gos159.s618,Sm-novi-02049,train,false,true,JRtvslpoas,JR,Gos159,train
13,Gos159.s619,Om-gost-06560,train,false,true,JRtvslpoas,JR,Gos159,train
2,Gos159.s620,Gm-novi-02048,train,false,true,JRtvslpoas,JR,Gos159,train
9,Gos159.s621,Om-gost-06560,train,false,true,JRtvslpoas,JR,Gos159,train
11,Gos159.s622,Gm-novi-02048,train,false,true,JRtvslpoas,JR,Gos159,train
4,Gos159.s623,Sm-novi-02049,train,false,true,JRtvslpoas,JR,Gos159,train
2,Gos159.s624,Sm-novi-02049,train,false,true,JRtvslpoas,JR,Gos159,train
3,Gos159.s625,Gm-novi-02048,train,false,true,JRtvslpoas,JR,Gos159,train
2,Gos159.s626,Sm-novi-02049,train,false,true,JRtvslpoas,JR,Gos159,train
22,Gos159.s627,Om-gost-06560,train,false,true,JRtvslpoas,JR,Gos159,train
2,Gos159.s628,Sm-novi-02049,train,false,true,JRtvslpoas,JR,Gos159,train
13,Gos159.s629,Sm-novi-02049,train,false,true,JRtvslpoas,JR,Gos159,train
6,Gos159.s630,Gm-novi-02048,train,false,true,JRtvslpoas,JR,Gos159,train
11,Gos159.s631,Gm-novi-02048,train,false,true,JRtvslpoas,JR,Gos159,train
5,Gos159.s632,Sm-novi-02049,train,false,true,JRtvslpoas,JR,Gos159,train
11,Gos159.s633,Om-gost-06560,train,false,true,JRtvslpoas,JR,Gos159,train
4,Gos159.s634,Gm-novi-02048,train,false,true,JRtvslpoas,JR,Gos159,train
3,Gos159.s635,Om-gost-06560,train,false,true,JRtvslpoas,JR,Gos159,train
17,Gos159.s636,Gm-novi-02048,train,false,true,JRtvslpoas,JR,Gos159,train
10,Gos159.s637,Gm-novi-02048,train,false,true,JRtvslpoas,JR,Gos159,train
25,Gos159.s638,Om-gost-06560,train,false,true,JRtvslpoas,JR,Gos159,train
4,Gos159.s640,Gm-novi-02048,train,false,true,JRtvslpoas,JR,Gos159,train
14,Gos159.s641,Sm-novi-02049,train,false,true,JRtvslpoas,JR,Gos159,train
7,Gos159.s642,Gm-novi-02048,train,false,true,JRtvslpoas,JR,Gos159,train
19,Gos159.s643,Om-gost-06560,train,false,true,JRtvslpoas,JR,Gos159,train
2,Gos159.s644,Sm-novi-02049,train,false,true,JRtvslpoas,JR,Gos159,train
13,Gos159.s645,Om-gost-06560,train,false,true,JRtvslpoas,JR,Gos159,train
17,Gos159.s646,Sm-novi-02049,train,false,true,JRtvslpoas,JR,Gos159,train
22,Gos159.s647,Gm-novi-02048,train,false,true,JRtvslpoas,JR,Gos159,train
15,Gos159.s648,Gm-novi-02048,train,false,true,JRtvslpoas,JR,Gos159,train
10,Gos159.s649,Om-gost-06560,train,false,true,JRtvslpoas,JR,Gos159,train
4,Gos159.s651,Sm-novi-02049,train,false,true,JRtvslpoas,JR,Gos159,train
9,Gos159.s652,Gm-novi-02048,train,false,true,JRtvslpoas,JR,Gos159,train
8,Gos159.s653,Om-gost-06560,train,false,true,JRtvslpoas,JR,Gos159,train
7,Gos159.s654,Gm-novi-02048,train,false,true,JRtvslpoas,JR,Gos159,train
4,Gos159.s655,Sm-novi-02049,train,false,true,JRtvslpoas,JR,Gos159,train
9,Gos159.s656,Om-gost-06560,train,false,true,JRtvslpoas,JR,Gos159,train
9,Gos159.s657,Sm-novi-02049,train,false,true,JRtvslpoas,JR,Gos159,train
10,Gos159.s658,Gm-novi-02048,train,false,true,JRtvslpoas,JR,Gos159,train
2,Gos159.s659,Om-gost-06560,train,false,true,JRtvslpoas,JR,Gos159,train
8,Gos159.s660,Gm-novi-02048,train,false,true,JRtvslpoas,JR,Gos159,train
2,Gos159.s661,Gm-novi-02048,train,false,true,JRtvslpoas,JR,Gos159,train
14,Gos159.s662,Om-gost-06560,train,false,true,JRtvslpoas,JR,Gos159,train
4,Gos159.s663,Sm-novi-02049,train,false,true,JRtvslpoas,JR,Gos159,train
4,Gos159.s664,Sm-novi-02049,train,false,true,JRtvslpoas,JR,Gos159,train
14,Gos167.s153,Tm-nast-06575,train,false,true,JRtvslslpi,JR,Gos167,train
25,Gos167.s154,Df-mode-06573,train,false,true,JRtvslslpi,JR,Gos167,train
23,Gos167.s155,Zf-nast-05502,train,false,true,JRtvslslpi,JR,Gos167,train
13,Gos167.s156,Zf-nast-05502,train,false,true,JRtvslslpi,JR,Gos167,train
23,Gos167.s157,Zf-nast-05502,train,false,true,JRtvslslpi,JR,Gos167,train
21,Gos167.s158,Zf-nast-05502,train,false,true,JRtvslslpi,JR,Gos167,train
12,Gos167.s159,Zf-nast-05502,train,false,true,JRtvslslpi,JR,Gos167,train
31,Gos167.s160,Zf-nast-05502,train,false,true,JRtvslslpi,JR,Gos167,train
14,Gos167.s161,Df-mode-06573,train,false,true,JRtvslslpi,JR,Gos167,train
15,Gos167.s162,Df-mode-06573,train,false,true,JRtvslslpi,JR,Gos167,train
13,Gos167.s163,If-nast-06574,train,false,true,JRtvslslpi,JR,Gos167,train
42,Gos167.s164,If-nast-06574,train,false,true,JRtvslslpi,JR,Gos167,train
12,Gos167.s165,Df-mode-06573,train,false,true,JRtvslslpi,JR,Gos167,train
4,Gos167.s166,If-nast-06574,train,false,true,JRtvslslpi,JR,Gos167,train
18,Gos167.s167,Df-mode-06573,train,false,true,JRtvslslpi,JR,Gos167,train
29,Gos167.s168,Jm-nast-06577,train,false,true,JRtvslslpi,JR,Gos167,train
8,Gos167.s169,Df-mode-06573,train,false,true,JRtvslslpi,JR,Gos167,train
2,Gos167.s170,If-nast-06574,train,false,true,JRtvslslpi,JR,Gos167,train
17,Gos167.s171,Jm-nast-06577,train,false,true,JRtvslslpi,JR,Gos167,train
2,Gos167.s172,Jm-nast-06577,train,false,true,JRtvslslpi,JR,Gos167,train
18,Gos167.s175,Df-mode-06573,train,false,true,JRtvslslpi,JR,Gos167,train
2,Gos167.s176,Tm-nast-06575,train,false,true,JRtvslslpi,JR,Gos167,train
11,Gos167.s177,Df-mode-06573,train,false,true,JRtvslslpi,JR,Gos167,train
14,Gos167.s178,Tm-nast-06575,train,false,true,JRtvslslpi,JR,Gos167,train
30,Gos167.s179,Tm-nast-06575,train,false,true,JRtvslslpi,JR,Gos167,train
7,Gos167.s180,Df-mode-06573,train,false,true,JRtvslslpi,JR,Gos167,train
9,Gos167.s181,Tm-nast-06575,train,false,true,JRtvslslpi,JR,Gos167,train
12,Gos167.s182,Tm-nast-06575,train,false,true,JRtvslslpi,JR,Gos167,train
8,Gos167.s183,Df-mode-06573,train,false,true,JRtvslslpi,JR,Gos167,train
7,Gos167.s185,Df-mode-06573,train,false,true,JRtvslslpi,JR,Gos167,train
17,Gos167.s186,Tm-nast-06575,train,false,true,JRtvslslpi,JR,Gos167,train
28,Gos167.s188,Df-mode-06573,train,false,true,JRtvslslpi,JR,Gos167,train
8,Gos167.s189,Df-mode-06573,train,false,true,JRtvslslpi,JR,Gos167,train
18,Gos167.s190,Tm-nast-06575,train,false,true,JRtvslslpi,JR,Gos167,train
22,Gos167.s191,Tm-nast-06575,train,false,true,JRtvslslpi,JR,Gos167,train
2,Gos167.s192,Df-mode-06573,train,false,true,JRtvslslpi,JR,Gos167,train
9,Gos167.s193,Tm-nast-06575,train,false,true,JRtvslslpi,JR,Gos167,train
13,Gos167.s194,Tm-nast-06575,train,false,true,JRtvslslpi,JR,Gos167,train
31,Gos173.s23,Bm-stra-05582,train,false,true,NNoskpprdo,NN,Gos173,train
2,Gos173.s24,Am-prod-05581,train,false,true,NNoskpprdo,NN,Gos173,train
7,Gos173.s25,Am-prod-05581,train,false,true,NNoskpprdo,NN,Gos173,train
19,Gos173.s26,Am-prod-05581,train,false,true,NNoskpprdo,NN,Gos173,train
12,Gos173.s27,Am-prod-05581,train,false,true,NNoskpprdo,NN,Gos173,train
2,Gos173.s28,Bm-stra-05582,train,false,true,NNoskpprdo,NN,Gos173,train
23,Gos173.s29,Am-prod-05581,train,false,true,NNoskpprdo,NN,Gos173,train
4,Gos173.s30,Am-prod-05581,train,false,true,NNoskpprdo,NN,Gos173,train
20,Gos173.s31,Am-prod-05581,train,false,true,NNoskpprdo,NN,Gos173,train
23,Gos173.s32,Am-prod-05581,train,false,true,NNoskpprdo,NN,Gos173,train
26,Gos173.s33,Am-prod-05581,train,false,true,NNoskpprdo,NN,Gos173,train
13,Gos173.s34,Am-prod-05581,train,false,true,NNoskpprdo,NN,Gos173,train
7,Gos173.s35,Am-prod-05581,train,false,true,NNoskpprdo,NN,Gos173,train
9,Gos173.s36,Am-prod-05581,train,false,true,NNoskpprdo,NN,Gos173,train
16,Gos173.s37,Am-prod-05581,train,false,true,NNoskpprdo,NN,Gos173,train
15,Gos173.s38,Am-prod-05581,train,false,true,NNoskpprdo,NN,Gos173,train
8,Gos173.s41,Am-prod-05581,train,false,true,NNoskpprdo,NN,Gos173,train
10,Gos173.s42,Bm-stra-05582,train,false,true,NNoskpprdo,NN,Gos173,train
4,Gos173.s43,Am-prod-05581,train,false,true,NNoskpprdo,NN,Gos173,train
25,Gos173.s45,Bm-stra-05582,train,false,true,NNoskpprdo,NN,Gos173,train
6,Gos173.s46,Am-prod-05581,train,false,true,NNoskpprdo,NN,Gos173,train
4,Gos173.s47,Bm-stra-05582,train,false,true,NNoskpprdo,NN,Gos173,train
5,Gos173.s48,Am-prod-05581,train,false,true,NNoskpprdo,NN,Gos173,train
10,Gos173.s50,Bm-stra-05582,train,false,true,NNoskpprdo,NN,Gos173,train
4,Gos173.s51,Am-prod-05581,train,false,true,NNoskpprdo,NN,Gos173,train
8,Gos173.s52,Bm-stra-05582,train,false,true,NNoskpprdo,NN,Gos173,train
29,Gos173.s53,Am-prod-05581,train,false,true,NNoskpprdo,NN,Gos173,train
22,Gos173.s54,Am-prod-05581,train,false,true,NNoskpprdo,NN,Gos173,train
7,Gos173.s55,Bm-stra-05582,train,false,true,NNoskpprdo,NN,Gos173,train
6,Gos173.s56,Am-prod-05581,train,false,true,NNoskpprdo,NN,Gos173,train
14,Gos173.s57,Bm-stra-05582,train,false,true,NNoskpprdo,NN,Gos173,train
7,Gos173.s58,Bm-stra-05582,train,false,true,NNoskpprdo,NN,Gos173,train
16,Gos173.s59,Am-prod-05581,train,false,true,NNoskpprdo,NN,Gos173,train
14,Gos173.s60,Bm-stra-05582,train,false,true,NNoskpprdo,NN,Gos173,train
16,Gos173.s61,Bm-stra-05582,train,false,true,NNoskpprdo,NN,Gos173,train
8,Gos173.s62,Am-prod-05581,train,false,true,NNoskpprdo,NN,Gos173,train
12,Gos173.s63,Bm-stra-05582,train,false,true,NNoskpprdo,NN,Gos173,train
18,Gos173.s64,Am-prod-05581,train,false,true,NNoskpprdo,NN,Gos173,train
16,Gos173.s65,Am-prod-05581,train,false,true,NNoskpprdo,NN,Gos173,train
8,Gos173.s66,Am-prod-05581,train,false,true,NNoskpprdo,NN,Gos173,train
12,Gos173.s67,Bm-stra-05582,train,false,true,NNoskpprdo,NN,Gos173,train
31,Gos173.s68,Am-prod-05581,train,false,true,NNoskpprdo,NN,Gos173,train
2,Gos173.s69,Bm-stra-05582,train,false,true,NNoskpprdo,NN,Gos173,train
12,Gos173.s70,Am-prod-05581,train,false,true,NNoskpprdo,NN,Gos173,train
12,Gos173.s71,Am-prod-05581,train,false,true,NNoskpprdo,NN,Gos173,train
8,Gos173.s72,Am-prod-05581,train,false,true,NNoskpprdo,NN,Gos173,train
22,Gos173.s73,Am-prod-05581,train,false,true,NNoskpprdo,NN,Gos173,train
28,Gos173.s74,Am-prod-05581,train,false,true,NNoskpprdo,NN,Gos173,train
11,Gos181.s412,Af-udel-02552,train,false,true,NNosljsods,NN,Gos181,train
35,Gos181.s413,Af-udel-02552,train,false,true,NNosljsods,NN,Gos181,train
2,Gos181.s414,Af-udel-02552,train,false,true,NNosljsods,NN,Gos181,train
3,Gos181.s415,Cf-udel-02554,train,false,true,NNosljsods,NN,Gos181,train
12,Gos181.s416,Af-udel-02552,train,false,true,NNosljsods,NN,Gos181,train
4,Gos181.s417,Bf-udel-02553,train,false,true,NNosljsods,NN,Gos181,train
4,Gos181.s418,Af-udel-02552,train,false,true,NNosljsods,NN,Gos181,train
2,Gos181.s419,Bf-udel-02553,train,false,true,NNosljsods,NN,Gos181,train
12,Gos181.s421,Af-udel-02552,train,false,true,NNosljsods,NN,Gos181,train
9,Gos181.s422,Af-udel-02552,train,false,true,NNosljsods,NN,Gos181,train
8,Gos181.s423,Cf-udel-02554,train,false,true,NNosljsods,NN,Gos181,train
12,Gos181.s424,Df-udel-02555,train,false,true,NNosljsods,NN,Gos181,train
8,Gos181.s425,Af-udel-02552,train,false,true,NNosljsods,NN,Gos181,train
13,Gos181.s427,Af-udel-02552,train,false,true,NNosljsods,NN,Gos181,train
4,Gos181.s428,Df-udel-02555,train,false,true,NNosljsods,NN,Gos181,train
9,Gos181.s429,Cf-udel-02554,train,false,true,NNosljsods,NN,Gos181,train
19,Gos181.s430,Af-udel-02552,train,false,true,NNosljsods,NN,Gos181,train
7,Gos181.s431,Af-udel-02552,train,false,true,NNosljsods,NN,Gos181,train
6,Gos181.s432,Bf-udel-02553,train,false,true,NNosljsods,NN,Gos181,train
13,Gos181.s433,Af-udel-02552,train,false,true,NNosljsods,NN,Gos181,train
6,Gos181.s434,Cf-udel-02554,train,false,true,NNosljsods,NN,Gos181,train
6,Gos181.s435,Af-udel-02552,train,false,true,NNosljsods,NN,Gos181,train
9,Gos181.s436,Cf-udel-02554,train,false,true,NNosljsods,NN,Gos181,train
7,Gos181.s438,Af-udel-02552,train,false,true,NNosljsods,NN,Gos181,train
13,Gos181.s439,Cf-udel-02554,train,false,true,NNosljsods,NN,Gos181,train
16,Gos181.s440,Df-udel-02555,train,false,true,NNosljsods,NN,Gos181,train
17,Gos181.s441,Af-udel-02552,train,false,true,NNosljsods,NN,Gos181,train
15,Gos181.s442,Af-udel-02552,train,false,true,NNosljsods,NN,Gos181,train
8,Gos181.s443,Af-udel-02552,train,false,true,NNosljsods,NN,Gos181,train
10,Gos181.s444,Af-udel-02552,train,false,true,NNosljsods,NN,Gos181,train
13,Gos181.s447,Af-udel-02552,train,false,true,NNosljsods,NN,Gos181,train
6,Gos181.s448,Cf-udel-02554,train,false,true,NNosljsods,NN,Gos181,train
15,Gos181.s449,Af-udel-02552,train,false,true,NNosljsods,NN,Gos181,train
7,Gos181.s451,Cf-udel-02554,train,false,true,NNosljsods,NN,Gos181,train
8,Gos181.s452,Af-udel-02552,train,false,true,NNosljsods,NN,Gos181,train
4,Gos181.s453,Cf-udel-02554,train,false,true,NNosljsods,NN,Gos181,train
6,Gos181.s454,Af-udel-02552,train,false,true,NNosljsods,NN,Gos181,train
7,Gos181.s455,Df-udel-02555,train,false,true,NNosljsods,NN,Gos181,train
4,Gos181.s456,Df-udel-02555,train,false,true,NNosljsods,NN,Gos181,train
15,Gos181.s457,Af-udel-02552,train,false,true,NNosljsods,NN,Gos181,train
9,Gos181.s458,Df-udel-02555,train,false,true,NNosljsods,NN,Gos181,train
2,Gos181.s459,Cf-udel-02554,train,false,true,NNosljsods,NN,Gos181,train
11,Gos181.s460,Af-udel-02552,train,false,true,NNosljsods,NN,Gos181,train
6,Gos181.s461,Af-udel-02552,train,false,true,NNosljsods,NN,Gos181,train
13,Gos181.s463,Af-udel-02552,train,false,true,NNosljsods,NN,Gos181,train
14,Gos181.s464,Af-udel-02552,train,false,true,NNosljsods,NN,Gos181,train
9,Gos181.s466,Af-udel-02552,train,false,true,NNosljsods,NN,Gos181,train
8,Gos181.s467,Cf-udel-02554,train,false,true,NNosljsods,NN,Gos181,train
7,Gos181.s468,Cf-udel-02554,train,false,true,NNosljsods,NN,Gos181,train
2,Gos181.s469,Af-udel-02552,train,false,true,NNosljsods,NN,Gos181,train
3,Gos181.s470,Cf-udel-02554,train,false,true,NNosljsods,NN,Gos181,train
4,Gos181.s471,Af-udel-02552,train,false,true,NNosljsods,NN,Gos181,train
4,Gos181.s472,Bf-udel-02553,train,false,true,NNosljsods,NN,Gos181,train
10,Gos181.s473,Af-udel-02552,train,false,true,NNosljsods,NN,Gos181,train
19,Gos181.s474,Af-udel-02552,train,false,true,NNosljsods,NN,Gos181,train
8,Gos181.s475,Cf-udel-02554,train,false,true,NNosljsods,NN,Gos181,train
29,Gos181.s476,Af-udel-02552,train,false,true,NNosljsods,NN,Gos181,train
2,Gos181.s477,Cf-udel-02554,train,false,true,NNosljsods,NN,Gos181,train
9,Gos181.s478,Bf-udel-02553,train,false,true,NNosljsods,NN,Gos181,train
4,Gos181.s479,Af-udel-02552,train,false,true,NNosljsods,NN,Gos181,train
6,Gos181.s480,Af-udel-02552,train,false,true,NNosljsods,NN,Gos181,train
3,Gos181.s481,Df-udel-02555,train,false,true,NNosljsods,NN,Gos181,train
4,Gos181.s482,Af-udel-02552,train,false,true,NNosljsods,NN,Gos181,train
2,Gos181.s483,Af-udel-02552,train,false,true,NNosljsods,NN,Gos181,train
6,Gos181.s484,Cf-udel-02554,train,false,true,NNosljsods,NN,Gos181,train
2,Gos181.s485,Af-udel-02552,train,false,true,NNosljsods,NN,Gos181,train
4,Gos181.s486,Bf-udel-02553,train,false,true,NNosljsods,NN,Gos181,train
4,Gos181.s487,Cf-udel-02554,train,false,true,NNosljsods,NN,Gos181,train
29,Gos182.s189,Af-stra-02238,train,false,true,NNosljtrgo,NN,Gos182,train
6,Gos182.s190,Bf-prod-02264,train,false,true,NNosljtrgo,NN,Gos182,train
36,Gos182.s191,Bf-prod-02264,train,false,true,NNosljtrgo,NN,Gos182,train
4,Gos182.s192,Af-stra-02238,train,false,true,NNosljtrgo,NN,Gos182,train
23,Gos182.s193,Bf-prod-02264,train,false,true,NNosljtrgo,NN,Gos182,train
5,Gos182.s194,Af-stra-02238,train,false,true,NNosljtrgo,NN,Gos182,train
25,Gos182.s195,Bf-prod-02264,train,false,true,NNosljtrgo,NN,Gos182,train
42,Gos182.s196,Bf-prod-02264,train,false,true,NNosljtrgo,NN,Gos182,train
14,Gos182.s198,Bf-prod-02264,train,false,true,NNosljtrgo,NN,Gos182,train
2,Gos182.s199,Af-stra-02238,train,false,true,NNosljtrgo,NN,Gos182,train
33,Gos182.s200,Bf-prod-02264,train,false,true,NNosljtrgo,NN,Gos182,train
4,Gos182.s201,Af-stra-02238,train,false,true,NNosljtrgo,NN,Gos182,train
45,Gos182.s202,Bf-prod-02264,train,false,true,NNosljtrgo,NN,Gos182,train
23,Gos182.s204,Bf-prod-02264,train,false,true,NNosljtrgo,NN,Gos182,train
2,Gos182.s205,Af-stra-02238,train,false,true,NNosljtrgo,NN,Gos182,train
11,Gos182.s206,Bf-prod-02264,train,false,true,NNosljtrgo,NN,Gos182,train
16,Gos182.s207,Bf-prod-02264,train,false,true,NNosljtrgo,NN,Gos182,train
2,Gos182.s208,Af-stra-02238,train,false,true,NNosljtrgo,NN,Gos182,train
3,Gos182.s209,Bf-prod-02264,train,false,true,NNosljtrgo,NN,Gos182,train
19,Gos182.s210,Bf-prod-02264,train,false,true,NNosljtrgo,NN,Gos182,train
4,Gos182.s211,Af-stra-02238,train,false,true,NNosljtrgo,NN,Gos182,train
35,Gos182.s212,Bf-prod-02264,train,false,true,NNosljtrgo,NN,Gos182,train
17,Gos182.s213,Bf-prod-02264,train,false,true,NNosljtrgo,NN,Gos182,train
4,Gos182.s214,Af-stra-02238,train,false,true,NNosljtrgo,NN,Gos182,train
38,Gos182.s215,Bf-prod-02264,train,false,true,NNosljtrgo,NN,Gos182,train
23,Gos182.s216,Bf-prod-02264,train,false,true,NNosljtrgo,NN,Gos182,train
18,Gos182.s217,Bf-prod-02264,train,false,true,NNosljtrgo,NN,Gos182,train
2,Gos182.s218,Af-stra-02238,train,false,true,NNosljtrgo,NN,Gos182,train
6,Gos182.s219,Af-stra-02238,train,false,true,NNosljtrgo,NN,Gos182,train
6,Gos182.s220,Bf-prod-02264,train,false,true,NNosljtrgo,NN,Gos182,train
4,Gos182.s221,Af-stra-02238,train,false,true,NNosljtrgo,NN,Gos182,train
2,Gos182.s222,Af-stra-02238,train,false,true,NNosljtrgo,NN,Gos182,train
16,Gos182.s223,Af-stra-02238,train,false,true,NNosljtrgo,NN,Gos182,train
7,Gos182.s224,Bf-prod-02264,train,false,true,NNosljtrgo,NN,Gos182,train
30,Gos182.s225,Af-stra-02238,train,false,true,NNosljtrgo,NN,Gos182,train
2,Gos182.s226,Bf-prod-02264,train,false,true,NNosljtrgo,NN,Gos182,train
12,Gos182.s228,Bf-prod-02264,train,false,true,NNosljtrgo,NN,Gos182,train
2,Gos182.s229,Af-stra-02238,train,false,true,NNosljtrgo,NN,Gos182,train
8,Gos182.s230,Bf-prod-02264,train,false,true,NNosljtrgo,NN,Gos182,train
5,Gos182.s231,Af-stra-02238,train,false,true,NNosljtrgo,NN,Gos182,train
12,Gos183.s388,Sm-prod-00803,train,false,true,NNosljtrgo,NN,Gos183,train
8,Gos183.s390,Sm-prod-00803,train,false,true,NNosljtrgo,NN,Gos183,train
20,Gos183.s392,Sm-prod-00803,train,false,true,NNosljtrgo,NN,Gos183,train
19,Gos183.s394,Sm-prod-00803,train,false,true,NNosljtrgo,NN,Gos183,train
5,Gos183.s396,Sm-prod-00803,train,false,true,NNosljtrgo,NN,Gos183,train
2,Gos183.s397,Pf-prod-00804,train,false,true,NNosljtrgo,NN,Gos183,train
6,Gos183.s399,Pf-prod-00804,train,false,true,NNosljtrgo,NN,Gos183,train
11,Gos183.s400,Sm-prod-00803,train,false,true,NNosljtrgo,NN,Gos183,train
14,Gos183.s401,Sm-prod-00803,train,false,true,NNosljtrgo,NN,Gos183,train
3,Gos183.s402,Pf-prod-00804,train,false,true,NNosljtrgo,NN,Gos183,train
5,Gos183.s403,Sm-prod-00803,train,false,true,NNosljtrgo,NN,Gos183,train
6,Gos183.s404,Sm-prod-00803,train,false,true,NNosljtrgo,NN,Gos183,train
12,Gos183.s405,Sm-prod-00803,train,false,true,NNosljtrgo,NN,Gos183,train
7,Gos183.s406,Pf-prod-00804,train,false,true,NNosljtrgo,NN,Gos183,train
23,Gos183.s407,Sm-prod-00803,train,false,true,NNosljtrgo,NN,Gos183,train
7,Gos183.s408,Sm-prod-00803,train,false,true,NNosljtrgo,NN,Gos183,train
5,Gos183.s409,Sm-prod-00803,train,false,true,NNosljtrgo,NN,Gos183,train
7,Gos183.s410,Sm-prod-00803,train,false,true,NNosljtrgo,NN,Gos183,train
13,Gos183.s412,Sm-prod-00803,train,false,true,NNosljtrgo,NN,Gos183,train
21,Gos183.s413,Sm-prod-00803,train,false,true,NNosljtrgo,NN,Gos183,train
27,Gos183.s415,Sm-prod-00803,train,false,true,NNosljtrgo,NN,Gos183,train
26,Gos183.s417,Sm-prod-00803,train,false,true,NNosljtrgo,NN,Gos183,train
26,Gos183.s418,Sm-prod-00803,train,false,true,NNosljtrgo,NN,Gos183,train
8,Gos183.s420,Sm-prod-00803,train,false,true,NNosljtrgo,NN,Gos183,train
9,Gos183.s422,Sm-prod-00803,train,false,true,NNosljtrgo,NN,Gos183,train
17,Gos183.s424,Sm-prod-00803,train,false,true,NNosljtrgo,NN,Gos183,train
6,Gos183.s426,Sm-prod-00803,train,false,true,NNosljtrgo,NN,Gos183,train
5,Gos183.s427,Sm-prod-00803,train,false,true,NNosljtrgo,NN,Gos183,train
26,Gos183.s429,Sm-prod-00803,train,false,true,NNosljtrgo,NN,Gos183,train
9,Gos183.s430,Sm-prod-00803,train,false,true,NNosljtrgo,NN,Gos183,train
23,Gos183.s432,Sm-prod-00803,train,false,true,NNosljtrgo,NN,Gos183,train
14,Gos183.s433,Sm-prod-00803,train,false,true,NNosljtrgo,NN,Gos183,train
21,Gos183.s435,Sm-prod-00803,train,false,true,NNosljtrgo,NN,Gos183,train
10,Gos183.s437,Sm-prod-00803,train,false,true,NNosljtrgo,NN,Gos183,train
16,Gos183.s439,Sm-prod-00803,train,false,true,NNosljtrgo,NN,Gos183,train
2,Gos183.s440,Sm-prod-00803,train,false,true,NNosljtrgo,NN,Gos183,train
3,Gos183.s442,Sm-prod-00803,train,false,true,NNosljtrgo,NN,Gos183,train
5,Gos183.s444,Sm-prod-00803,train,false,true,NNosljtrgo,NN,Gos183,train
2,Gos183.s446,Sm-prod-00803,train,false,true,NNosljtrgo,NN,Gos183,train
2,Gos183.s448,Sm-prod-00803,train,false,true,NNosljtrgo,NN,Gos183,train
2,Gos183.s450,Sm-prod-00803,train,false,true,NNosljtrgo,NN,Gos183,train
29,Gos183.s452,Sm-prod-00803,train,false,true,NNosljtrgo,NN,Gos183,train
6,Gos183.s454,Sm-prod-00803,train,false,true,NNosljtrgo,NN,Gos183,train
12,Gos183.s456,Sm-prod-00803,train,false,true,NNosljtrgo,NN,Gos183,train
2,Gos183.s457,Gm-prod-00805,train,false,true,NNosljtrgo,NN,Gos183,train
4,Gos183.s458,Gm-prod-00805,train,false,true,NNosljtrgo,NN,Gos183,train
16,Gos183.s459,Sm-prod-00803,train,false,true,NNosljtrgo,NN,Gos183,train
6,Gos183.s461,Sm-prod-00803,train,false,true,NNosljtrgo,NN,Gos183,train
17,Gos183.s463,Sm-prod-00803,train,false,true,NNosljtrgo,NN,Gos183,train
14,Gos183.s465,Sm-prod-00803,train,false,true,NNosljtrgo,NN,Gos183,train
12,Gos183.s467,Sm-prod-00803,train,false,true,NNosljtrgo,NN,Gos183,train
7,Gos183.s468,Gm-prod-00805,train,false,true,NNosljtrgo,NN,Gos183,train
2,Gos183.s469,Pf-prod-00804,train,false,true,NNosljtrgo,NN,Gos183,train
6,Gos183.s471,Sm-prod-00803,train,false,true,NNosljtrgo,NN,Gos183,train
15,Gos183.s473,Sm-prod-00803,train,false,true,NNosljtrgo,NN,Gos183,train
15,Gos183.s474,Pf-prod-00804,train,false,true,NNosljtrgo,NN,Gos183,train
6,Gos183.s475,Sm-prod-00803,train,false,true,NNosljtrgo,NN,Gos183,train
16,Gos190.s87,Bf-prod-02277,train,false,true,NNosmbcvst,NN,Gos190,train
25,Gos190.s88,Cf-stra-02265,train,false,true,NNosmbcvst,NN,Gos190,train
8,Gos190.s89,Af-stra-02276,train,false,true,NNosmbcvst,NN,Gos190,train
11,Gos190.s90,Bf-prod-02277,train,false,true,NNosmbcvst,NN,Gos190,train
6,Gos190.s91,Af-stra-02276,train,false,true,NNosmbcvst,NN,Gos190,train
13,Gos190.s92,Af-stra-02276,train,false,true,NNosmbcvst,NN,Gos190,train
13,Gos190.s93,Cf-stra-02265,train,false,true,NNosmbcvst,NN,Gos190,train
6,Gos190.s94,Af-stra-02276,train,false,true,NNosmbcvst,NN,Gos190,train
6,Gos190.s95,Cf-stra-02265,train,false,true,NNosmbcvst,NN,Gos190,train
4,Gos190.s96,Bf-prod-02277,train,false,true,NNosmbcvst,NN,Gos190,train
6,Gos190.s97,Bf-prod-02277,train,false,true,NNosmbcvst,NN,Gos190,train
5,Gos190.s98,Af-stra-02276,train,false,true,NNosmbcvst,NN,Gos190,train
2,Gos190.s99,Af-stra-02276,train,false,true,NNosmbcvst,NN,Gos190,train
4,Gos190.s100,Cf-stra-02265,train,false,true,NNosmbcvst,NN,Gos190,train
2,Gos190.s102,Bf-prod-02277,train,false,true,NNosmbcvst,NN,Gos190,train
2,Gos190.s103,Af-stra-02276,train,false,true,NNosmbcvst,NN,Gos190,train
12,Gos190.s104,Cf-stra-02265,train,false,true,NNosmbcvst,NN,Gos190,train
2,Gos190.s105,Bf-prod-02277,train,false,true,NNosmbcvst,NN,Gos190,train
2,Gos190.s106,Cf-stra-02265,train,false,true,NNosmbcvst,NN,Gos190,train
10,Gos190.s107,Af-stra-02276,train,false,true,NNosmbcvst,NN,Gos190,train
11,Gos190.s108,Cf-stra-02265,train,false,true,NNosmbcvst,NN,Gos190,train
18,Gos190.s109,Bf-prod-02277,train,false,true,NNosmbcvst,NN,Gos190,train
2,Gos190.s110,Cf-stra-02265,train,false,true,NNosmbcvst,NN,Gos190,train
2,Gos190.s111,Bf-prod-02277,train,false,true,NNosmbcvst,NN,Gos190,train
9,Gos190.s112,Cf-stra-02265,train,false,true,NNosmbcvst,NN,Gos190,train
8,Gos190.s113,Bf-prod-02277,train,false,true,NNosmbcvst,NN,Gos190,train
10,Gos190.s114,Cf-stra-02265,train,false,true,NNosmbcvst,NN,Gos190,train
3,Gos190.s115,Af-stra-02276,train,false,true,NNosmbcvst,NN,Gos190,train
14,Gos190.s116,Cf-stra-02265,train,false,true,NNosmbcvst,NN,Gos190,train
2,Gos190.s117,Af-stra-02276,train,false,true,NNosmbcvst,NN,Gos190,train
8,Gos190.s118,Af-stra-02276,train,false,true,NNosmbcvst,NN,Gos190,train
11,Gos190.s119,Cf-stra-02265,train,false,true,NNosmbcvst,NN,Gos190,train
8,Gos190.s120,Bf-prod-02277,train,false,true,NNosmbcvst,NN,Gos190,train
16,Gos190.s121,Af-stra-02276,train,false,true,NNosmbcvst,NN,Gos190,train
2,Gos190.s122,Cf-stra-02265,train,false,true,NNosmbcvst,NN,Gos190,train
2,Gos190.s123,Cf-stra-02265,train,false,true,NNosmbcvst,NN,Gos190,train
6,Gos190.s124,Cf-stra-02265,train,false,true,NNosmbcvst,NN,Gos190,train
2,Gos190.s125,Bf-prod-02277,train,false,true,NNosmbcvst,NN,Gos190,train
11,Gos190.s126,Af-stra-02276,train,false,true,NNosmbcvst,NN,Gos190,train
14,Gos190.s127,Bf-prod-02277,train,false,true,NNosmbcvst,NN,Gos190,train
4,Gos190.s128,Af-stra-02276,train,false,true,NNosmbcvst,NN,Gos190,train
8,Gos190.s129,Cf-stra-02265,train,false,true,NNosmbcvst,NN,Gos190,train
20,Gos190.s130,Af-stra-02276,train,false,true,NNosmbcvst,NN,Gos190,train
4,Gos190.s131,Bf-prod-02277,train,false,true,NNosmbcvst,NN,Gos190,train
6,Gos190.s132,Bf-prod-02277,train,false,true,NNosmbcvst,NN,Gos190,train
2,Gos190.s133,Af-stra-02276,train,false,true,NNosmbcvst,NN,Gos190,train
8,Gos190.s134,Cf-stra-02265,train,false,true,NNosmbcvst,NN,Gos190,train
2,Gos190.s135,Bf-prod-02277,train,false,true,NNosmbcvst,NN,Gos190,train
2,Gos190.s136,Bf-prod-02277,train,false,true,NNosmbcvst,NN,Gos190,train
17,Gos190.s137,Cf-stra-02265,train,false,true,NNosmbcvst,NN,Gos190,train
2,Gos190.s139,Bf-prod-02277,train,false,true,NNosmbcvst,NN,Gos190,train
5,Gos190.s140,Cf-stra-02265,train,false,true,NNosmbcvst,NN,Gos190,train
13,Gos190.s141,Af-stra-02276,train,false,true,NNosmbcvst,NN,Gos190,train
5,Gos190.s143,Cf-stra-02265,train,false,true,NNosmbcvst,NN,Gos190,train
2,Gos190.s144,Bf-prod-02277,train,false,true,NNosmbcvst,NN,Gos190,train
4,Gos190.s146,Cf-stra-02265,train,false,true,NNosmbcvst,NN,Gos190,train
6,Gos190.s147,Af-stra-02276,train,false,true,NNosmbcvst,NN,Gos190,train
2,Gos190.s148,Bf-prod-02277,train,false,true,NNosmbcvst,NN,Gos190,train
3,Gos190.s150,Af-stra-02276,train,false,true,NNosmbcvst,NN,Gos190,train
6,Gos190.s152,Af-stra-02276,train,false,true,NNosmbcvst,NN,Gos190,train
2,Gos190.s153,Cf-stra-02265,train,false,true,NNosmbcvst,NN,Gos190,train
6,Gos190.s155,Cf-stra-02265,train,false,true,NNosmbcvst,NN,Gos190,train
4,Gos190.s156,Af-stra-02276,train,false,true,NNosmbcvst,NN,Gos190,train
4,Gos190.s157,Bf-prod-02277,train,false,true,NNosmbcvst,NN,Gos190,train
7,Gos190.s158,Cf-stra-02265,train,false,true,NNosmbcvst,NN,Gos190,train
4,Gos190.s159,Af-stra-02276,train,false,true,NNosmbcvst,NN,Gos190,train
3,Gos190.s160,Bf-prod-02277,train,false,true,NNosmbcvst,NN,Gos190,train
11,Gos190.s161,Af-stra-02276,train,false,true,NNosmbcvst,NN,Gos190,train
13,Gos190.s162,Bf-prod-02277,train,false,true,NNosmbcvst,NN,Gos190,train
14,Gos190.s163,Cf-stra-02265,train,false,true,NNosmbcvst,NN,Gos190,train
4,Gos190.s164,Bf-prod-02277,train,false,true,NNosmbcvst,NN,Gos190,train
22,Gos190.s165,Cf-stra-02265,train,false,true,NNosmbcvst,NN,Gos190,train
3,Gos190.s167,Af-stra-02276,train,false,true,NNosmbcvst,NN,Gos190,train
18,Gos190.s168,Cf-stra-02265,train,false,true,NNosmbcvst,NN,Gos190,train
21,Gos190.s169,Cf-stra-02265,train,false,true,NNosmbcvst,NN,Gos190,train
10,Gos190.s170,Bf-prod-02277,train,false,true,NNosmbcvst,NN,Gos190,train
2,Gos190.s171,Af-stra-02276,train,false,true,NNosmbcvst,NN,Gos190,train
5,Gos190.s172,Cf-stra-02265,train,false,true,NNosmbcvst,NN,Gos190,train
23,Gos190.s173,Bf-prod-02277,train,false,true,NNosmbcvst,NN,Gos190,train
4,Gos200.s75,Bm-klic-02237,train,false,true,NNtekrstpr,NN,Gos200,train
2,Gos200.s76,Bm-klic-02237,train,false,true,NNtekrstpr,NN,Gos200,train
22,Gos200.s77,Af-info-05596,train,false,true,NNtekrstpr,NN,Gos200,train
2,Gos200.s78,Bm-klic-02237,train,false,true,NNtekrstpr,NN,Gos200,train
24,Gos200.s79,Af-info-05596,train,false,true,NNtekrstpr,NN,Gos200,train
24,Gos200.s80,Af-info-05596,train,false,true,NNtekrstpr,NN,Gos200,train
26,Gos200.s81,Af-info-05596,train,false,true,NNtekrstpr,NN,Gos200,train
4,Gos200.s82,Bm-klic-02237,train,false,true,NNtekrstpr,NN,Gos200,train
2,Gos200.s83,Af-info-05596,train,false,true,NNtekrstpr,NN,Gos200,train
4,Gos200.s84,Bm-klic-02237,train,false,true,NNtekrstpr,NN,Gos200,train
2,Gos200.s85,Af-info-05596,train,false,true,NNtekrstpr,NN,Gos200,train
19,Gos200.s86,Bm-klic-02237,train,false,true,NNtekrstpr,NN,Gos200,train
24,Gos200.s87,Af-info-05596,train,false,true,NNtekrstpr,NN,Gos200,train
4,Gos200.s88,Bm-klic-02237,train,false,true,NNtekrstpr,NN,Gos200,train
8,Gos200.s89,Af-info-05596,train,false,true,NNtekrstpr,NN,Gos200,train
2,Gos200.s90,Bm-klic-02237,train,false,true,NNtekrstpr,NN,Gos200,train
31,Gos200.s91,Af-info-05596,train,false,true,NNtekrstpr,NN,Gos200,train
19,Gos200.s92,Af-info-05596,train,false,true,NNtekrstpr,NN,Gos200,train
2,Gos200.s93,Bm-klic-02237,train,false,true,NNtekrstpr,NN,Gos200,train
2,Gos200.s94,Af-info-05596,train,false,true,NNtekrstpr,NN,Gos200,train
38,Gos200.s95,Af-info-05596,train,false,true,NNtekrstpr,NN,Gos200,train
2,Gos200.s96,Bm-klic-02237,train,false,true,NNtekrstpr,NN,Gos200,train
23,Gos200.s97,Af-info-05596,train,false,true,NNtekrstpr,NN,Gos200,train
12,Gos200.s98,Af-info-05596,train,false,true,NNtekrstpr,NN,Gos200,train
4,Gos200.s99,Bm-klic-02237,train,false,true,NNtekrstpr,NN,Gos200,train
19,Gos200.s100,Af-info-05596,train,false,true,NNtekrstpr,NN,Gos200,train
2,Gos200.s102,Af-info-05596,train,false,true,NNtekrstpr,NN,Gos200,train
22,Gos200.s103,Af-info-05596,train,false,true,NNtekrstpr,NN,Gos200,train
36,Gos200.s104,Af-info-05596,train,false,true,NNtekrstpr,NN,Gos200,train
6,Gos200.s105,Bm-klic-02237,train,false,true,NNtekrstpr,NN,Gos200,train
4,Gos200.s106,Af-info-05596,train,false,true,NNtekrstpr,NN,Gos200,train
4,Gos200.s107,Bm-klic-02237,train,false,true,NNtekrstpr,NN,Gos200,train
13,Gos200.s108,Af-info-05596,train,false,true,NNtekrstpr,NN,Gos200,train
23,Gos200.s109,Af-info-05596,train,false,true,NNtekrstpr,NN,Gos200,train
2,Gos200.s110,Bm-klic-02237,train,false,true,NNtekrstpr,NN,Gos200,train
24,Gos200.s111,Af-info-05596,train,false,true,NNtekrstpr,NN,Gos200,train
2,Gos200.s112,Bm-klic-02237,train,false,true,NNtekrstpr,NN,Gos200,train
6,Gos200.s113,Af-info-05596,train,false,true,NNtekrstpr,NN,Gos200,train
12,Gos200.s114,Bm-klic-02237,train,false,true,NNtekrstpr,NN,Gos200,train
29,Gos200.s115,Af-info-05596,train,false,true,NNtekrstpr,NN,Gos200,train
4,Gos200.s116,Bm-klic-02237,train,false,true,NNtekrstpr,NN,Gos200,train
7,Gos200.s117,Af-info-05596,train,false,true,NNtekrstpr,NN,Gos200,train
13,Gos200.s118,Af-info-05596,train,false,true,NNtekrstpr,NN,Gos200,train
2,Gos200.s119,Bm-klic-02237,train,false,true,NNtekrstpr,NN,Gos200,train
8,Gos200.s120,Af-info-05596,train,false,true,NNtekrstpr,NN,Gos200,train
6,Gos200.s121,Bm-klic-02237,train,false,true,NNtekrstpr,NN,Gos200,train
7,Gos200.s122,Bm-klic-02237,train,false,true,NNtekrstpr,NN,Gos200,train
18,Gos200.s123,Af-info-05596,train,false,true,NNtekrstpr,NN,Gos200,train
2,Gos200.s124,Bm-klic-02237,train,false,true,NNtekrstpr,NN,Gos200,train
10,Gos220.s64,Af-star-05611,train,false,true,NZosgododr,NZ,Gos220,train
8,Gos220.s65,Bm-star-05612,train,false,true,NZosgododr,NZ,Gos220,train
3,Gos220.s66,Df-otro-05614,train,false,true,NZosgododr,NZ,Gos220,train
9,Gos220.s67,Cf-otro-05613,train,false,true,NZosgododr,NZ,Gos220,train
5,Gos220.s68,Df-otro-05614,train,false,true,NZosgododr,NZ,Gos220,train
2,Gos220.s69,Af-star-05611,train,false,true,NZosgododr,NZ,Gos220,train
5,Gos220.s70,Df-otro-05614,train,false,true,NZosgododr,NZ,Gos220,train
2,Gos220.s71,Af-star-05611,train,false,true,NZosgododr,NZ,Gos220,train
6,Gos220.s72,Df-otro-05614,train,false,true,NZosgododr,NZ,Gos220,train
14,Gos220.s73,Af-star-05611,train,false,true,NZosgododr,NZ,Gos220,train
6,Gos220.s74,Df-otro-05614,train,false,true,NZosgododr,NZ,Gos220,train
3,Gos220.s75,Af-star-05611,train,false,true,NZosgododr,NZ,Gos220,train
19,Gos220.s76,Cf-otro-05613,train,false,true,NZosgododr,NZ,Gos220,train
9,Gos220.s77,Df-otro-05614,train,false,true,NZosgododr,NZ,Gos220,train
10,Gos220.s78,Cf-otro-05613,train,false,true,NZosgododr,NZ,Gos220,train
8,Gos220.s79,Af-star-05611,train,false,true,NZosgododr,NZ,Gos220,train
2,Gos220.s80,Bm-star-05612,train,false,true,NZosgododr,NZ,Gos220,train
9,Gos220.s81,Df-otro-05614,train,false,true,NZosgododr,NZ,Gos220,train
14,Gos220.s82,Af-star-05611,train,false,true,NZosgododr,NZ,Gos220,train
20,Gos220.s83,Bm-star-05612,train,false,true,NZosgododr,NZ,Gos220,train
6,Gos220.s84,Cf-otro-05613,train,false,true,NZosgododr,NZ,Gos220,train
12,Gos220.s85,Df-otro-05614,train,false,true,NZosgododr,NZ,Gos220,train
9,Gos220.s86,Cf-otro-05613,train,false,true,NZosgododr,NZ,Gos220,train
13,Gos220.s87,Df-otro-05614,train,false,true,NZosgododr,NZ,Gos220,train
12,Gos220.s88,Bm-star-05612,train,false,true,NZosgododr,NZ,Gos220,train
2,Gos220.s89,Af-star-05611,train,false,true,NZosgododr,NZ,Gos220,train
7,Gos220.s90,Bm-star-05612,train,false,true,NZosgododr,NZ,Gos220,train
23,Gos220.s91,Af-star-05611,train,false,true,NZosgododr,NZ,Gos220,train
23,Gos220.s92,Cf-otro-05613,train,false,true,NZosgododr,NZ,Gos220,train
2,Gos220.s93,Bm-star-05612,train,false,true,NZosgododr,NZ,Gos220,train
2,Gos220.s94,Af-star-05611,train,false,true,NZosgododr,NZ,Gos220,train
4,Gos220.s95,Cf-otro-05613,train,false,true,NZosgododr,NZ,Gos220,train
39,Gos220.s96,Af-star-05611,train,false,true,NZosgododr,NZ,Gos220,train
45,Gos220.s97,Bm-star-05612,train,false,true,NZosgododr,NZ,Gos220,train
13,Gos220.s98,Cf-otro-05613,train,false,true,NZosgododr,NZ,Gos220,train
9,Gos220.s99,Bm-star-05612,train,false,true,NZosgododr,NZ,Gos220,train
6,Gos220.s100,Af-star-05611,train,false,true,NZosgododr,NZ,Gos220,train
2,Gos220.s101,Df-otro-05614,train,false,true,NZosgododr,NZ,Gos220,train
30,Gos220.s102,Af-star-05611,train,false,true,NZosgododr,NZ,Gos220,train
9,Gos220.s103,Cf-otro-05613,train,false,true,NZosgododr,NZ,Gos220,train
4,Gos220.s104,Af-star-05611,train,false,true,NZosgododr,NZ,Gos220,train
5,Gos220.s105,Bm-star-05612,train,false,true,NZosgododr,NZ,Gos220,train
16,Gos220.s106,Af-star-05611,train,false,true,NZosgododr,NZ,Gos220,train
21,Gos220.s107,Bm-star-05612,train,false,true,NZosgododr,NZ,Gos220,train
18,Gos220.s108,Af-star-05611,train,false,true,NZosgododr,NZ,Gos220,train
73,Gos220.s109,Cf-otro-05613,train,false,true,NZosgododr,NZ,Gos220,train
2,Gos220.s110,Bm-star-05612,train,false,true,NZosgododr,NZ,Gos220,train
8,Gos220.s111,Cf-otro-05613,train,false,true,NZosgododr,NZ,Gos220,train
4,Gos220.s112,Bm-star-05612,train,false,true,NZosgododr,NZ,Gos220,train
12,Gos224.s102,Bf-prij-07191,train,false,true,NZoskkdodr,NZ,Gos224,train
5,Gos224.s104,Bf-prij-07191,train,false,true,NZoskkdodr,NZ,Gos224,train
3,Gos224.s105,Af-prij-07190,train,false,true,NZoskkdodr,NZ,Gos224,train
2,Gos224.s107,Af-prij-07190,train,false,true,NZoskkdodr,NZ,Gos224,train
3,Gos224.s109,Af-prij-07190,train,false,true,NZoskkdodr,NZ,Gos224,train
9,Gos224.s111,Af-prij-07190,train,false,true,NZoskkdodr,NZ,Gos224,train
12,Gos224.s112,Bf-prij-07191,train,false,true,NZoskkdodr,NZ,Gos224,train
6,Gos224.s113,Af-prij-07190,train,false,true,NZoskkdodr,NZ,Gos224,train
2,Gos224.s114,Bf-prij-07191,train,false,true,NZoskkdodr,NZ,Gos224,train
2,Gos224.s115,Af-prij-07190,train,false,true,NZoskkdodr,NZ,Gos224,train
8,Gos224.s116,Af-prij-07190,train,false,true,NZoskkdodr,NZ,Gos224,train
4,Gos224.s117,Bf-prij-07191,train,false,true,NZoskkdodr,NZ,Gos224,train
4,Gos224.s118,Af-prij-07190,train,false,true,NZoskkdodr,NZ,Gos224,train
2,Gos224.s119,Bf-prij-07191,train,false,true,NZoskkdodr,NZ,Gos224,train
3,Gos224.s120,Af-prij-07190,train,false,true,NZoskkdodr,NZ,Gos224,train
3,Gos224.s121,Bf-prij-07191,train,false,true,NZoskkdodr,NZ,Gos224,train
15,Gos224.s122,Af-prij-07190,train,false,true,NZoskkdodr,NZ,Gos224,train
18,Gos224.s123,Af-prij-07190,train,false,true,NZoskkdodr,NZ,Gos224,train
8,Gos224.s124,Bf-prij-07191,train,false,true,NZoskkdodr,NZ,Gos224,train
17,Gos224.s125,Af-prij-07190,train,false,true,NZoskkdodr,NZ,Gos224,train
7,Gos224.s126,Bf-prij-07191,train,false,true,NZoskkdodr,NZ,Gos224,train
12,Gos224.s127,Af-prij-07190,train,false,true,NZoskkdodr,NZ,Gos224,train
10,Gos224.s128,Bf-prij-07191,train,false,true,NZoskkdodr,NZ,Gos224,train
28,Gos224.s129,Af-prij-07190,train,false,true,NZoskkdodr,NZ,Gos224,train
20,Gos224.s130,Bf-prij-07191,train,false,true,NZoskkdodr,NZ,Gos224,train
11,Gos224.s131,Af-prij-07190,train,false,true,NZoskkdodr,NZ,Gos224,train
13,Gos224.s132,Af-prij-07190,train,false,true,NZoskkdodr,NZ,Gos224,train
9,Gos224.s134,Bf-prij-07191,train,false,true,NZoskkdodr,NZ,Gos224,train
14,Gos224.s135,Af-prij-07190,train,false,true,NZoskkdodr,NZ,Gos224,train
8,Gos224.s136,Bf-prij-07191,train,false,true,NZoskkdodr,NZ,Gos224,train
4,Gos224.s138,Bf-prij-07191,train,false,true,NZoskkdodr,NZ,Gos224,train
11,Gos224.s140,Af-prij-07190,train,false,true,NZoskkdodr,NZ,Gos224,train
33,Gos224.s141,Bf-prij-07191,train,false,true,NZoskkdodr,NZ,Gos224,train
21,Gos224.s142,Bf-prij-07191,train,false,true,NZoskkdodr,NZ,Gos224,train
4,Gos224.s143,Af-prij-07190,train,false,true,NZoskkdodr,NZ,Gos224,train
28,Gos224.s144,Bf-prij-07191,train,false,true,NZoskkdodr,NZ,Gos224,train
4,Gos224.s145,Af-prij-07190,train,false,true,NZoskkdodr,NZ,Gos224,train
28,Gos224.s146,Bf-prij-07191,train,false,true,NZoskkdodr,NZ,Gos224,train
2,Gos224.s147,Af-prij-07190,train,false,true,NZoskkdodr,NZ,Gos224,train
2,Gos224.s148,Af-prij-07190,train,false,true,NZoskkdodr,NZ,Gos224,train
16,Gos224.s149,Bf-prij-07191,train,false,true,NZoskkdodr,NZ,Gos224,train
4,Gos224.s150,Af-prij-07190,train,false,true,NZoskkdodr,NZ,Gos224,train
7,Gos224.s151,Af-prij-07190,train,false,true,NZoskkdodr,NZ,Gos224,train
11,Gos224.s152,Bf-prij-07191,train,false,true,NZoskkdodr,NZ,Gos224,train
8,Gos224.s153,Af-prij-07190,train,false,true,NZoskkdodr,NZ,Gos224,train
30,Gos224.s154,Bf-prij-07191,train,false,true,NZoskkdodr,NZ,Gos224,train
16,Gos224.s155,Af-prij-07190,train,false,true,NZoskkdodr,NZ,Gos224,train
7,Gos224.s156,Bf-prij-07191,train,false,true,NZoskkdodr,NZ,Gos224,train
28,Gos224.s157,Af-prij-07190,train,false,true,NZoskkdodr,NZ,Gos224,train
18,Gos224.s158,Bf-prij-07191,train,false,true,NZoskkdodr,NZ,Gos224,train
21,Gos224.s159,Af-prij-07190,train,false,true,NZoskkdodr,NZ,Gos224,train
10,Gos224.s161,Af-prij-07190,train,false,true,NZoskkdodr,NZ,Gos224,train
10,Gos224.s162,Bf-prij-07191,train,false,true,NZoskkdodr,NZ,Gos224,train
4,Gos224.s163,Af-prij-07190,train,false,true,NZoskkdodr,NZ,Gos224,train
7,Gos224.s164,Bf-prij-07191,train,false,true,NZoskkdodr,NZ,Gos224,train
18,Gos228.s60,If-sode-01616,train,false,true,NZoskpzupr,NZ,Gos228,train
3,Gos228.s61,Kf-sode-01615,train,false,true,NZoskpzupr,NZ,Gos228,train
30,Gos228.s62,If-sode-01616,train,false,true,NZoskpzupr,NZ,Gos228,train
5,Gos228.s63,Kf-sode-01615,train,false,true,NZoskpzupr,NZ,Gos228,train
21,Gos228.s64,If-sode-01616,train,false,true,NZoskpzupr,NZ,Gos228,train
38,Gos228.s65,If-sode-01616,train,false,true,NZoskpzupr,NZ,Gos228,train
16,Gos228.s66,If-sode-01616,train,false,true,NZoskpzupr,NZ,Gos228,train
3,Gos228.s67,If-sode-01616,train,false,true,NZoskpzupr,NZ,Gos228,train
19,Gos228.s68,Rm-sode-01614,train,false,true,NZoskpzupr,NZ,Gos228,train
9,Gos228.s69,Rm-sode-01614,train,false,true,NZoskpzupr,NZ,Gos228,train
20,Gos228.s70,Kf-sode-01615,train,false,true,NZoskpzupr,NZ,Gos228,train
61,Gos228.s71,Rm-sode-01614,train,false,true,NZoskpzupr,NZ,Gos228,train
32,Gos228.s72,Kf-sode-01615,train,false,true,NZoskpzupr,NZ,Gos228,train
20,Gos228.s73,Kf-sode-01615,train,false,true,NZoskpzupr,NZ,Gos228,train
32,Gos228.s74,Sf-sode-01618,train,false,true,NZoskpzupr,NZ,Gos228,train
23,Gos228.s75,Sf-sode-01618,train,false,true,NZoskpzupr,NZ,Gos228,train
4,Gos228.s76,Rm-sode-01614,train,false,true,NZoskpzupr,NZ,Gos228,train
5,Gos228.s77,Sf-sode-01618,train,false,true,NZoskpzupr,NZ,Gos228,train
4,Gos228.s78,Kf-sode-01615,train,false,true,NZoskpzupr,NZ,Gos228,train
15,Gos228.s79,Kf-sode-01615,train,false,true,NZoskpzupr,NZ,Gos228,train
7,Gos228.s80,Sf-sode-01618,train,false,true,NZoskpzupr,NZ,Gos228,train
8,Gos228.s81,Kf-sode-01615,train,false,true,NZoskpzupr,NZ,Gos228,train
23,Gos228.s82,If-sode-01616,train,false,true,NZoskpzupr,NZ,Gos228,train
10,Gos228.s83,If-sode-01616,train,false,true,NZoskpzupr,NZ,Gos228,train
21,Gos228.s84,Rm-sode-01614,train,false,true,NZoskpzupr,NZ,Gos228,train
4,Gos228.s85,Kf-sode-01615,train,false,true,NZoskpzupr,NZ,Gos228,train
9,Gos228.s86,Sf-sode-01618,train,false,true,NZoskpzupr,NZ,Gos228,train
5,Gos228.s87,Tf-sode-01617,train,false,true,NZoskpzupr,NZ,Gos228,train
2,Gos228.s88,Rm-sode-01614,train,false,true,NZoskpzupr,NZ,Gos228,train
7,Gos228.s89,If-sode-01616,train,false,true,NZoskpzupr,NZ,Gos228,train
13,Gos228.s90,Sf-sode-01618,train,false,true,NZoskpzupr,NZ,Gos228,train
2,Gos228.s91,Rm-sode-01614,train,false,true,NZoskpzupr,NZ,Gos228,train
4,Gos228.s92,If-sode-01616,train,false,true,NZoskpzupr,NZ,Gos228,train
4,Gos228.s93,Sf-sode-01618,train,false,true,NZoskpzupr,NZ,Gos228,train
41,Gos228.s94,If-sode-01616,train,false,true,NZoskpzupr,NZ,Gos228,train
2,Gos228.s95,Sf-sode-01618,train,false,true,NZoskpzupr,NZ,Gos228,train
11,Gos228.s96,If-sode-01616,train,false,true,NZoskpzupr,NZ,Gos228,train
11,Gos229.s341,Ef-ssta-06566,train,false,true,NZoskrdodr,NZ,Gos229,train
8,Gos229.s342,Lf-otro-06567,train,false,true,NZoskrdodr,NZ,Gos229,train
2,Gos229.s343,Lf-otro-06567,train,false,true,NZoskrdodr,NZ,Gos229,train
18,Gos229.s344,Lf-otro-06567,train,false,true,NZoskrdodr,NZ,Gos229,train
2,Gos229.s345,Ef-ssta-06566,train,false,true,NZoskrdodr,NZ,Gos229,train
2,Gos229.s346,Lf-otro-06567,train,false,true,NZoskrdodr,NZ,Gos229,train
28,Gos229.s347,Ef-ssta-06566,train,false,true,NZoskrdodr,NZ,Gos229,train
11,Gos229.s348,Lf-otro-06567,train,false,true,NZoskrdodr,NZ,Gos229,train
25,Gos229.s349,Lf-otro-06567,train,false,true,NZoskrdodr,NZ,Gos229,train
2,Gos229.s350,Ef-ssta-06566,train,false,true,NZoskrdodr,NZ,Gos229,train
21,Gos229.s351,Lf-otro-06567,train,false,true,NZoskrdodr,NZ,Gos229,train
28,Gos229.s353,Lf-otro-06567,train,false,true,NZoskrdodr,NZ,Gos229,train
26,Gos229.s354,Lf-otro-06567,train,false,true,NZoskrdodr,NZ,Gos229,train
2,Gos229.s355,Ef-ssta-06566,train,false,true,NZoskrdodr,NZ,Gos229,train
13,Gos229.s356,Lf-otro-06567,train,false,true,NZoskrdodr,NZ,Gos229,train
2,Gos229.s357,Ef-ssta-06566,train,false,true,NZoskrdodr,NZ,Gos229,train
18,Gos229.s358,Lf-otro-06567,train,false,true,NZoskrdodr,NZ,Gos229,train
2,Gos229.s359,Ef-ssta-06566,train,false,true,NZoskrdodr,NZ,Gos229,train
3,Gos229.s360,Lf-otro-06567,train,false,true,NZoskrdodr,NZ,Gos229,train
6,Gos229.s361,Lf-otro-06567,train,false,true,NZoskrdodr,NZ,Gos229,train
11,Gos229.s362,Lf-otro-06567,train,false,true,NZoskrdodr,NZ,Gos229,train
6,Gos229.s363,Ef-ssta-06566,train,false,true,NZoskrdodr,NZ,Gos229,train
16,Gos229.s364,Lf-otro-06567,train,false,true,NZoskrdodr,NZ,Gos229,train
28,Gos229.s365,Lf-otro-06567,train,false,true,NZoskrdodr,NZ,Gos229,train
9,Gos229.s366,Ef-ssta-06566,train,false,true,NZoskrdodr,NZ,Gos229,train
23,Gos229.s367,Lf-otro-06567,train,false,true,NZoskrdodr,NZ,Gos229,train
10,Gos229.s368,Ef-ssta-06566,train,false,true,NZoskrdodr,NZ,Gos229,train
20,Gos229.s369,Lf-otro-06567,train,false,true,NZoskrdodr,NZ,Gos229,train
2,Gos229.s370,Ef-ssta-06566,train,false,true,NZoskrdodr,NZ,Gos229,train
4,Gos229.s371,Lf-otro-06567,train,false,true,NZoskrdodr,NZ,Gos229,train
19,Gos229.s372,Ef-ssta-06566,train,false,true,NZoskrdodr,NZ,Gos229,train
21,Gos229.s373,Lf-otro-06567,train,false,true,NZoskrdodr,NZ,Gos229,train
2,Gos229.s374,Ef-ssta-06566,train,false,true,NZoskrdodr,NZ,Gos229,train
19,Gos229.s375,Lf-otro-06567,train,false,true,NZoskrdodr,NZ,Gos229,train
37,Gos229.s376,Lf-otro-06567,train,false,true,NZoskrdodr,NZ,Gos229,train
2,Gos229.s377,Ef-ssta-06566,train,false,true,NZoskrdodr,NZ,Gos229,train
5,Gos229.s378,Lf-otro-06567,train,false,true,NZoskrdodr,NZ,Gos229,train
13,Gos229.s379,Lf-otro-06567,train,false,true,NZoskrdodr,NZ,Gos229,train
4,Gos229.s380,Ef-ssta-06566,train,false,true,NZoskrdodr,NZ,Gos229,train
14,Gos229.s381,Ef-ssta-06566,train,false,true,NZoskrdodr,NZ,Gos229,train
6,Gos229.s382,Ef-ssta-06566,train,false,true,NZoskrdodr,NZ,Gos229,train
2,Gos229.s383,Lf-otro-06567,train,false,true,NZoskrdodr,NZ,Gos229,train
6,Gos229.s384,Ef-ssta-06566,train,false,true,NZoskrdodr,NZ,Gos229,train
16,Gos229.s385,Ef-ssta-06566,train,false,true,NZoskrdodr,NZ,Gos229,train
4,Gos229.s386,Ef-ssta-06566,train,false,true,NZoskrdodr,NZ,Gos229,train
6,Gos229.s387,Lf-otro-06567,train,false,true,NZoskrdodr,NZ,Gos229,train
11,Gos229.s388,Lf-otro-06567,train,false,true,NZoskrdodr,NZ,Gos229,train
16,Gos229.s389,Lf-otro-06567,train,false,true,NZoskrdodr,NZ,Gos229,train
10,Gos229.s390,Ef-ssta-06566,train,false,true,NZoskrdodr,NZ,Gos229,train
5,Gos229.s391,Lf-otro-06567,train,false,true,NZoskrdodr,NZ,Gos229,train
9,Gos233.s366,Bm-star-03014,train,false,true,NZosljdodr,NZ,Gos233,train
14,Gos233.s367,Tm-otro-03016,train,false,true,NZosljdodr,NZ,Gos233,train
2,Gos233.s368,Bm-star-03014,train,false,true,NZosljdodr,NZ,Gos233,train
11,Gos233.s369,Tm-otro-03016,train,false,true,NZosljdodr,NZ,Gos233,train
2,Gos233.s370,Df-star-03015,train,false,true,NZosljdodr,NZ,Gos233,train
7,Gos233.s371,Df-star-03015,train,false,true,NZosljdodr,NZ,Gos233,train
10,Gos233.s372,Tm-otro-03016,train,false,true,NZosljdodr,NZ,Gos233,train
3,Gos233.s373,Df-star-03015,train,false,true,NZosljdodr,NZ,Gos233,train
4,Gos233.s374,Df-star-03015,train,false,true,NZosljdodr,NZ,Gos233,train
2,Gos233.s375,Df-star-03015,train,false,true,NZosljdodr,NZ,Gos233,train
4,Gos233.s376,Tm-otro-03016,train,false,true,NZosljdodr,NZ,Gos233,train
2,Gos233.s377,Tm-otro-03016,train,false,true,NZosljdodr,NZ,Gos233,train
4,Gos233.s378,Tm-otro-03016,train,false,true,NZosljdodr,NZ,Gos233,train
7,Gos233.s380,Bm-star-03014,train,false,true,NZosljdodr,NZ,Gos233,train
3,Gos233.s381,Bm-star-03014,train,false,true,NZosljdodr,NZ,Gos233,train
10,Gos233.s382,Tm-otro-03016,train,false,true,NZosljdodr,NZ,Gos233,train
9,Gos233.s383,Bm-star-03014,train,false,true,NZosljdodr,NZ,Gos233,train
8,Gos233.s384,Tm-otro-03016,train,false,true,NZosljdodr,NZ,Gos233,train
2,Gos233.s385,Bm-star-03014,train,false,true,NZosljdodr,NZ,Gos233,train
14,Gos233.s386,Tm-otro-03016,train,false,true,NZosljdodr,NZ,Gos233,train
2,Gos233.s387,Bm-star-03014,train,false,true,NZosljdodr,NZ,Gos233,train
3,Gos233.s388,Tm-otro-03016,train,false,true,NZosljdodr,NZ,Gos233,train
3,Gos233.s389,Bm-star-03014,train,false,true,NZosljdodr,NZ,Gos233,train
7,Gos233.s390,Bm-star-03014,train,false,true,NZosljdodr,NZ,Gos233,train
8,Gos233.s391,Bm-star-03014,train,false,true,NZosljdodr,NZ,Gos233,train
9,Gos233.s392,Bm-star-03014,train,false,true,NZosljdodr,NZ,Gos233,train
14,Gos233.s393,Bm-star-03014,train,false,true,NZosljdodr,NZ,Gos233,train
11,Gos233.s394,Bm-star-03014,train,false,true,NZosljdodr,NZ,Gos233,train
9,Gos233.s395,Bm-star-03014,train,false,true,NZosljdodr,NZ,Gos233,train
17,Gos233.s396,Tm-otro-03016,train,false,true,NZosljdodr,NZ,Gos233,train
11,Gos233.s397,Bm-star-03014,train,false,true,NZosljdodr,NZ,Gos233,train
10,Gos233.s398,Df-star-03015,train,false,true,NZosljdodr,NZ,Gos233,train
6,Gos233.s399,Tm-otro-03016,train,false,true,NZosljdodr,NZ,Gos233,train
13,Gos233.s400,Tm-otro-03016,train,false,true,NZosljdodr,NZ,Gos233,train
5,Gos233.s401,Bm-star-03014,train,false,true,NZosljdodr,NZ,Gos233,train
6,Gos233.s402,Tm-otro-03016,train,false,true,NZosljdodr,NZ,Gos233,train
7,Gos233.s403,Df-star-03015,train,false,true,NZosljdodr,NZ,Gos233,train
8,Gos233.s404,Bm-star-03014,train,false,true,NZosljdodr,NZ,Gos233,train
5,Gos233.s405,Tm-otro-03016,train,false,true,NZosljdodr,NZ,Gos233,train
4,Gos233.s406,Df-star-03015,train,false,true,NZosljdodr,NZ,Gos233,train
4,Gos233.s407,Bm-star-03014,train,false,true,NZosljdodr,NZ,Gos233,train
6,Gos233.s408,Bm-star-03014,train,false,true,NZosljdodr,NZ,Gos233,train
2,Gos233.s409,Df-star-03015,train,false,true,NZosljdodr,NZ,Gos233,train
12,Gos233.s410,Tm-otro-03016,train,false,true,NZosljdodr,NZ,Gos233,train
5,Gos233.s411,Bm-star-03014,train,false,true,NZosljdodr,NZ,Gos233,train
1,Gos233.s412,Tm-otro-03016,train,false,true,NZosljdodr,NZ,Gos233,train
17,Gos233.s413,Tm-otro-03016,train,false,true,NZosljdodr,NZ,Gos233,train
4,Gos233.s414,Bm-star-03014,train,false,true,NZosljdodr,NZ,Gos233,train
14,Gos233.s415,Tm-otro-03016,train,false,true,NZosljdodr,NZ,Gos233,train
2,Gos233.s417,Bm-star-03014,train,false,true,NZosljdodr,NZ,Gos233,train
2,Gos233.s418,Tm-otro-03016,train,false,true,NZosljdodr,NZ,Gos233,train
36,Gos233.s419,Tm-otro-03016,train,false,true,NZosljdodr,NZ,Gos233,train
16,Gos233.s420,Bm-star-03014,train,false,true,NZosljdodr,NZ,Gos233,train
2,Gos233.s421,Df-star-03015,train,false,true,NZosljdodr,NZ,Gos233,train
7,Gos233.s422,Bm-star-03014,train,false,true,NZosljdodr,NZ,Gos233,train
13,Gos233.s423,Tm-otro-03016,train,false,true,NZosljdodr,NZ,Gos233,train
7,Gos233.s424,Tm-otro-03016,train,false,true,NZosljdodr,NZ,Gos233,train
3,Gos233.s426,Tm-otro-03016,train,false,true,NZosljdodr,NZ,Gos233,train
1,Gos233.s427,Tm-otro-03016,train,false,true,NZosljdodr,NZ,Gos233,train
5,Gos233.s429,Tm-otro-03016,train,false,true,NZosljdodr,NZ,Gos233,train
2,Gos233.s431,Tm-otro-03016,train,false,true,NZosljdodr,NZ,Gos233,train
21,Gos233.s433,Tm-otro-03016,train,false,true,NZosljdodr,NZ,Gos233,train
18,Gos233.s434,Df-star-03015,train,false,true,NZosljdodr,NZ,Gos233,train
3,Gos233.s435,Tm-otro-03016,train,false,true,NZosljdodr,NZ,Gos233,train
4,Gos233.s436,Tm-otro-03016,train,false,true,NZosljdodr,NZ,Gos233,train
8,Gos233.s437,Tm-otro-03016,train,false,true,NZosljdodr,NZ,Gos233,train
20,Gos233.s438,Tm-otro-03016,train,false,true,NZosljdodr,NZ,Gos233,train
2,Gos233.s439,Tm-otro-03016,train,false,true,NZosljdodr,NZ,Gos233,train
3,Gos233.s440,Tm-otro-03016,train,false,true,NZosljdodr,NZ,Gos233,train
5,Gos233.s441,Bm-star-03014,train,false,true,NZosljdodr,NZ,Gos233,train
3,Gos233.s442,Tm-otro-03016,train,false,true,NZosljdodr,NZ,Gos233,train
2,Gos233.s443,Bm-star-03014,train,false,true,NZosljdodr,NZ,Gos233,train
32,Gos233.s444,Tm-otro-03016,train,false,true,NZosljdodr,NZ,Gos233,train
12,Gos233.s445,Tm-otro-03016,train,false,true,NZosljdodr,NZ,Gos233,train
13,Gos233.s446,Tm-otro-03016,train,false,true,NZosljdodr,NZ,Gos233,train
18,Gos233.s447,Tm-otro-03016,train,false,true,NZosljdodr,NZ,Gos233,train
11,Gos233.s448,Tm-otro-03016,train,false,true,NZosljdodr,NZ,Gos233,train
8,Gos246.s359,Mm-star-07523,train,false,true,NZosmbdodr,NZ,Gos246,train
53,Gos246.s361,Mm-star-07523,train,false,true,NZosmbdodr,NZ,Gos246,train
2,Gos246.s362,Am-soro-07522,train,false,true,NZosmbdodr,NZ,Gos246,train
9,Gos246.s363,Mm-star-07523,train,false,true,NZosmbdodr,NZ,Gos246,train
2,Gos246.s364,Am-soro-07522,train,false,true,NZosmbdodr,NZ,Gos246,train
15,Gos246.s365,Mm-star-07523,train,false,true,NZosmbdodr,NZ,Gos246,train
2,Gos246.s366,Am-soro-07522,train,false,true,NZosmbdodr,NZ,Gos246,train
21,Gos246.s367,Mm-star-07523,train,false,true,NZosmbdodr,NZ,Gos246,train
11,Gos246.s368,Am-soro-07522,train,false,true,NZosmbdodr,NZ,Gos246,train
37,Gos246.s369,Mm-star-07523,train,false,true,NZosmbdodr,NZ,Gos246,train
9,Gos246.s370,Am-soro-07522,train,false,true,NZosmbdodr,NZ,Gos246,train
35,Gos246.s371,Mm-star-07523,train,false,true,NZosmbdodr,NZ,Gos246,train
13,Gos246.s372,Am-soro-07522,train,false,true,NZosmbdodr,NZ,Gos246,train
30,Gos246.s373,Mm-star-07523,train,false,true,NZosmbdodr,NZ,Gos246,train
59,Gos246.s374,Mm-star-07523,train,false,true,NZosmbdodr,NZ,Gos246,train
4,Gos246.s375,Am-soro-07522,train,false,true,NZosmbdodr,NZ,Gos246,train
16,Gos246.s376,Mm-star-07523,train,false,true,NZosmbdodr,NZ,Gos246,train
25,Gos246.s377,Am-soro-07522,train,false,true,NZosmbdodr,NZ,Gos246,train
36,Gos246.s378,Mm-star-07523,train,false,true,NZosmbdodr,NZ,Gos246,train
5,Gos246.s379,Am-soro-07522,train,false,true,NZosmbdodr,NZ,Gos246,train
68,Gos246.s380,Mm-star-07523,train,false,true,NZosmbdodr,NZ,Gos246,train
22,Gos246.s381,Am-soro-07522,train,false,true,NZosmbdodr,NZ,Gos246,train
5,Gos246.s382,Mm-star-07523,train,false,true,NZosmbdodr,NZ,Gos246,train
2,Gos246.s383,Am-soro-07522,train,false,true,NZosmbdodr,NZ,Gos246,train
19,Gos246.s384,Mm-star-07523,train,false,true,NZosmbdodr,NZ,Gos246,train
7,Gos246.s385,Am-soro-07522,train,false,true,NZosmbdodr,NZ,Gos246,train
2,Gos246.s386,Mm-star-07523,train,false,true,NZosmbdodr,NZ,Gos246,train
7,Gos246.s387,Am-soro-07522,train,false,true,NZosmbdodr,NZ,Gos246,train
5,Gos246.s388,Am-soro-07522,train,false,true,NZosmbdodr,NZ,Gos246,train
12,Gos246.s389,Mm-star-07523,train,false,true,NZosmbdodr,NZ,Gos246,train
36,Gos246.s390,Am-soro-07522,train,false,true,NZosmbdodr,NZ,Gos246,train
16,Gos246.s391,Mm-star-07523,train,false,true,NZosmbdodr,NZ,Gos246,train
2,Gos246.s392,Mm-star-07523,train,false,true,NZosmbdodr,NZ,Gos246,train
6,Gos246.s393,Am-soro-07522,train,false,true,NZosmbdodr,NZ,Gos246,train
26,Gos254.s609,Mm-prij-06007,train,false,true,NZosmsstdo,NZ,Gos254,train
3,Gos254.s610,If-prij-06008,train,false,true,NZosmsstdo,NZ,Gos254,train
2,Gos254.s611,If-prij-06008,train,false,true,NZosmsstdo,NZ,Gos254,train
3,Gos254.s612,If-prij-06008,train,false,true,NZosmsstdo,NZ,Gos254,train
7,Gos254.s614,Dm-prij-06009,train,false,true,NZosmsstdo,NZ,Gos254,train
4,Gos254.s615,Dm-prij-06009,train,false,true,NZosmsstdo,NZ,Gos254,train
7,Gos254.s616,Mm-prij-06007,train,false,true,NZosmsstdo,NZ,Gos254,train
10,Gos254.s617,If-prij-06008,train,false,true,NZosmsstdo,NZ,Gos254,train
3,Gos254.s618,If-prij-06008,train,false,true,NZosmsstdo,NZ,Gos254,train
9,Gos254.s619,Dm-prij-06009,train,false,true,NZosmsstdo,NZ,Gos254,train
12,Gos254.s620,Mm-prij-06007,train,false,true,NZosmsstdo,NZ,Gos254,train
2,Gos254.s621,Dm-prij-06009,train,false,true,NZosmsstdo,NZ,Gos254,train
4,Gos254.s622,Mm-prij-06007,train,false,true,NZosmsstdo,NZ,Gos254,train
11,Gos254.s623,If-prij-06008,train,false,true,NZosmsstdo,NZ,Gos254,train
2,Gos254.s624,Mm-prij-06007,train,false,true,NZosmsstdo,NZ,Gos254,train
11,Gos254.s625,Dm-prij-06009,train,false,true,NZosmsstdo,NZ,Gos254,train
10,Gos254.s626,If-prij-06008,train,false,true,NZosmsstdo,NZ,Gos254,train
3,Gos254.s627,Dm-prij-06009,train,false,true,NZosmsstdo,NZ,Gos254,train
2,Gos254.s629,Mm-prij-06007,train,false,true,NZosmsstdo,NZ,Gos254,train
8,Gos254.s631,Mm-prij-06007,train,false,true,NZosmsstdo,NZ,Gos254,train
14,Gos254.s632,If-prij-06008,train,false,true,NZosmsstdo,NZ,Gos254,train
9,Gos254.s633,Mm-prij-06007,train,false,true,NZosmsstdo,NZ,Gos254,train
5,Gos254.s634,Dm-prij-06009,train,false,true,NZosmsstdo,NZ,Gos254,train
2,Gos254.s635,If-prij-06008,train,false,true,NZosmsstdo,NZ,Gos254,train
4,Gos254.s636,Mm-prij-06007,train,false,true,NZosmsstdo,NZ,Gos254,train
1,Gos254.s637,If-prij-06008,train,false,true,NZosmsstdo,NZ,Gos254,train
2,Gos254.s638,Dm-prij-06009,train,false,true,NZosmsstdo,NZ,Gos254,train
11,Gos254.s639,Mm-prij-06007,train,false,true,NZosmsstdo,NZ,Gos254,train
15,Gos254.s640,If-prij-06008,train,false,true,NZosmsstdo,NZ,Gos254,train
17,Gos254.s641,Dm-prij-06009,train,false,true,NZosmsstdo,NZ,Gos254,train
6,Gos254.s642,If-prij-06008,train,false,true,NZosmsstdo,NZ,Gos254,train
4,Gos254.s643,Dm-prij-06009,train,false,true,NZosmsstdo,NZ,Gos254,train
15,Gos254.s644,If-prij-06008,train,false,true,NZosmsstdo,NZ,Gos254,train
21,Gos254.s645,Dm-prij-06009,train,false,true,NZosmsstdo,NZ,Gos254,train
6,Gos254.s646,If-prij-06008,train,false,true,NZosmsstdo,NZ,Gos254,train
19,Gos254.s647,Dm-prij-06009,train,false,true,NZosmsstdo,NZ,Gos254,train
5,Gos254.s648,If-prij-06008,train,false,true,NZosmsstdo,NZ,Gos254,train
6,Gos254.s649,If-prij-06008,train,false,true,NZosmsstdo,NZ,Gos254,train
6,Gos254.s651,Dm-prij-06009,train,false,true,NZosmsstdo,NZ,Gos254,train
9,Gos254.s652,If-prij-06008,train,false,true,NZosmsstdo,NZ,Gos254,train
3,Gos254.s653,Dm-prij-06009,train,false,true,NZosmsstdo,NZ,Gos254,train
6,Gos254.s654,Mm-prij-06007,train,false,true,NZosmsstdo,NZ,Gos254,train
4,Gos254.s655,If-prij-06008,train,false,true,NZosmsstdo,NZ,Gos254,train
3,Gos254.s656,Mm-prij-06007,train,false,true,NZosmsstdo,NZ,Gos254,train
3,Gos254.s657,If-prij-06008,train,false,true,NZosmsstdo,NZ,Gos254,train
2,Gos254.s658,Mm-prij-06007,train,false,true,NZosmsstdo,NZ,Gos254,train
5,Gos254.s659,Dm-prij-06009,train,false,true,NZosmsstdo,NZ,Gos254,train
12,Gos254.s660,Dm-prij-06009,train,false,true,NZosmsstdo,NZ,Gos254,train
16,Gos254.s661,Dm-prij-06009,train,false,true,NZosmsstdo,NZ,Gos254,train
13,Gos254.s662,If-prij-06008,train,false,true,NZosmsstdo,NZ,Gos254,train
2,Gos254.s663,Mm-prij-06007,train,false,true,NZosmsstdo,NZ,Gos254,train
5,Gos254.s664,If-prij-06008,train,false,true,NZosmsstdo,NZ,Gos254,train
4,Gos254.s665,Mm-prij-06007,train,false,true,NZosmsstdo,NZ,Gos254,train
5,Gos254.s666,If-prij-06008,train,false,true,NZosmsstdo,NZ,Gos254,train
3,Gos254.s667,Dm-prij-06009,train,false,true,NZosmsstdo,NZ,Gos254,train
16,Gos254.s669,If-prij-06008,train,false,true,NZosmsstdo,NZ,Gos254,train
4,Gos254.s670,Dm-prij-06009,train,false,true,NZosmsstdo,NZ,Gos254,train
3,Gos254.s671,Mm-prij-06007,train,false,true,NZosmsstdo,NZ,Gos254,train
3,Gos254.s672,If-prij-06008,train,false,true,NZosmsstdo,NZ,Gos254,train
2,Gos254.s673,Dm-prij-06009,train,false,true,NZosmsstdo,NZ,Gos254,train
6,Gos254.s674,If-prij-06008,train,false,true,NZosmsstdo,NZ,Gos254,train
6,Gos254.s675,If-prij-06008,train,false,true,NZosmsstdo,NZ,Gos254,train
8,Gos254.s676,Mm-prij-06007,train,false,true,NZosmsstdo,NZ,Gos254,train
9,Gos254.s677,If-prij-06008,train,false,true,NZosmsstdo,NZ,Gos254,train
12,Gos254.s678,If-prij-06008,train,false,true,NZosmsstdo,NZ,Gos254,train
8,Gos254.s679,Dm-prij-06009,train,false,true,NZosmsstdo,NZ,Gos254,train
9,Gos254.s680,Dm-prij-06009,train,false,true,NZosmsstdo,NZ,Gos254,train
19,Gos254.s681,If-prij-06008,train,false,true,NZosmsstdo,NZ,Gos254,train
2,Gos254.s682,Dm-prij-06009,train,false,true,NZosmsstdo,NZ,Gos254,train
6,Gos254.s683,Dm-prij-06009,train,false,true,NZosmsstdo,NZ,Gos254,train
5,Gos254.s684,If-prij-06008,train,false,true,NZosmsstdo,NZ,Gos254,train
5,Gos254.s685,If-prij-06008,train,false,true,NZosmsstdo,NZ,Gos254,train
2,Gos254.s687,Mm-prij-06007,train,false,true,NZosmsstdo,NZ,Gos254,train
9,Gos254.s688,Dm-prij-06009,train,false,true,NZosmsstdo,NZ,Gos254,train
8,Gos254.s689,Dm-prij-06009,train,false,true,NZosmsstdo,NZ,Gos254,train
12,Gos254.s690,If-prij-06008,train,false,true,NZosmsstdo,NZ,Gos254,train
7,Gos254.s691,Dm-prij-06009,train,false,true,NZosmsstdo,NZ,Gos254,train
3,Gos254.s692,If-prij-06008,train,false,true,NZosmsstdo,NZ,Gos254,train
21,Gos254.s693,Dm-prij-06009,train,false,true,NZosmsstdo,NZ,Gos254,train
12,Gos254.s694,Dm-prij-06009,train,false,true,NZosmsstdo,NZ,Gos254,train
69,Gos257.s126,Af-prij-07149,train,false,true,NZosnmdopr,NZ,Gos257,train
6,Gos257.s127,Cf-prij-07151,train,false,true,NZosnmdopr,NZ,Gos257,train
19,Gos257.s128,Af-prij-07149,train,false,true,NZosnmdopr,NZ,Gos257,train
40,Gos257.s129,Af-prij-07149,train,false,true,NZosnmdopr,NZ,Gos257,train
38,Gos257.s131,Af-prij-07149,train,false,true,NZosnmdopr,NZ,Gos257,train
17,Gos257.s132,Af-prij-07149,train,false,true,NZosnmdopr,NZ,Gos257,train
11,Gos257.s133,Bm-prij-07150,train,false,true,NZosnmdopr,NZ,Gos257,train
19,Gos257.s134,Af-prij-07149,train,false,true,NZosnmdopr,NZ,Gos257,train
9,Gos257.s135,Bm-prij-07150,train,false,true,NZosnmdopr,NZ,Gos257,train
43,Gos257.s136,Af-prij-07149,train,false,true,NZosnmdopr,NZ,Gos257,train
2,Gos257.s137,Bm-prij-07150,train,false,true,NZosnmdopr,NZ,Gos257,train
2,Gos257.s138,Cf-prij-07151,train,false,true,NZosnmdopr,NZ,Gos257,train
28,Gos257.s139,Af-prij-07149,train,false,true,NZosnmdopr,NZ,Gos257,train
10,Gos257.s140,Af-prij-07149,train,false,true,NZosnmdopr,NZ,Gos257,train
6,Gos257.s141,Bm-prij-07150,train,false,true,NZosnmdopr,NZ,Gos257,train
27,Gos257.s142,Af-prij-07149,train,false,true,NZosnmdopr,NZ,Gos257,train
15,Gos257.s143,Af-prij-07149,train,false,true,NZosnmdopr,NZ,Gos257,train
4,Gos257.s144,Cf-prij-07151,train,false,true,NZosnmdopr,NZ,Gos257,train
6,Gos257.s145,Af-prij-07149,train,false,true,NZosnmdopr,NZ,Gos257,train
2,Gos257.s146,Cf-prij-07151,train,false,true,NZosnmdopr,NZ,Gos257,train
12,Gos257.s147,Af-prij-07149,train,false,true,NZosnmdopr,NZ,Gos257,train
1,Gos257.s148,Cf-prij-07151,train,false,true,NZosnmdopr,NZ,Gos257,train
9,Gos257.s149,Bm-prij-07150,train,false,true,NZosnmdopr,NZ,Gos257,train
31,Gos257.s150,Af-prij-07149,train,false,true,NZosnmdopr,NZ,Gos257,train
10,Gos257.s151,Af-prij-07149,train,false,true,NZosnmdopr,NZ,Gos257,train
6,Gos257.s152,Cf-prij-07151,train,false,true,NZosnmdopr,NZ,Gos257,train
7,Gos257.s153,Af-prij-07149,train,false,true,NZosnmdopr,NZ,Gos257,train
6,Gos257.s154,Cf-prij-07151,train,false,true,NZosnmdopr,NZ,Gos257,train
2,Gos257.s155,Bm-prij-07150,train,false,true,NZosnmdopr,NZ,Gos257,train
12,Gos257.s156,Cf-prij-07151,train,false,true,NZosnmdopr,NZ,Gos257,train
12,Gos257.s157,Cf-prij-07151,train,false,true,NZosnmdopr,NZ,Gos257,train
14,Gos257.s158,Af-prij-07149,train,false,true,NZosnmdopr,NZ,Gos257,train
2,Gos257.s159,Bm-prij-07150,train,false,true,NZosnmdopr,NZ,Gos257,train
10,Gos257.s160,Bm-prij-07150,train,false,true,NZosnmdopr,NZ,Gos257,train
16,Gos257.s161,Af-prij-07149,train,false,true,NZosnmdopr,NZ,Gos257,train
6,Gos257.s162,Bm-prij-07150,train,false,true,NZosnmdopr,NZ,Gos257,train
2,Gos257.s163,Cf-prij-07151,train,false,true,NZosnmdopr,NZ,Gos257,train
22,Gos257.s164,Af-prij-07149,train,false,true,NZosnmdopr,NZ,Gos257,train
17,Gos257.s165,Af-prij-07149,train,false,true,NZosnmdopr,NZ,Gos257,train
11,Gos262.s129,Af-prij-00507,train,false,true,NZospodopr,NZ,Gos262,train
2,Gos262.s130,Bf-prij-00508,train,false,true,NZospodopr,NZ,Gos262,train
17,Gos262.s131,Af-prij-00507,train,false,true,NZospodopr,NZ,Gos262,train
2,Gos262.s132,Bf-prij-00508,train,false,true,NZospodopr,NZ,Gos262,train
2,Gos262.s133,Bf-prij-00508,train,false,true,NZospodopr,NZ,Gos262,train
18,Gos262.s134,Af-prij-00507,train,false,true,NZospodopr,NZ,Gos262,train
11,Gos262.s135,Af-prij-00507,train,false,true,NZospodopr,NZ,Gos262,train
34,Gos262.s136,Af-prij-00507,train,false,true,NZospodopr,NZ,Gos262,train
4,Gos262.s137,Bf-prij-00508,train,false,true,NZospodopr,NZ,Gos262,train
26,Gos262.s138,Af-prij-00507,train,false,true,NZospodopr,NZ,Gos262,train
2,Gos262.s139,Bf-prij-00508,train,false,true,NZospodopr,NZ,Gos262,train
5,Gos262.s140,Af-prij-00507,train,false,true,NZospodopr,NZ,Gos262,train
14,Gos262.s141,Af-prij-00507,train,false,true,NZospodopr,NZ,Gos262,train
17,Gos262.s142,Af-prij-00507,train,false,true,NZospodopr,NZ,Gos262,train
16,Gos262.s143,Bf-prij-00508,train,false,true,NZospodopr,NZ,Gos262,train
15,Gos262.s144,Af-prij-00507,train,false,true,NZospodopr,NZ,Gos262,train
12,Gos262.s145,Bf-prij-00508,train,false,true,NZospodopr,NZ,Gos262,train
9,Gos262.s146,Af-prij-00507,train,false,true,NZospodopr,NZ,Gos262,train
7,Gos262.s147,Bf-prij-00508,train,false,true,NZospodopr,NZ,Gos262,train
50,Gos262.s148,Bf-prij-00508,train,false,true,NZospodopr,NZ,Gos262,train
11,Gos262.s149,Bf-prij-00508,train,false,true,NZospodopr,NZ,Gos262,train
4,Gos262.s150,Bf-prij-00508,train,false,true,NZospodopr,NZ,Gos262,train
2,Gos262.s151,Af-prij-00507,train,false,true,NZospodopr,NZ,Gos262,train
33,Gos262.s152,Bf-prij-00508,train,false,true,NZospodopr,NZ,Gos262,train
12,Gos262.s153,Af-prij-00507,train,false,true,NZospodopr,NZ,Gos262,train
29,Gos262.s154,Bf-prij-00508,train,false,true,NZospodopr,NZ,Gos262,train
8,Gos262.s155,Af-prij-00507,train,false,true,NZospodopr,NZ,Gos262,train
17,Gos262.s157,Bf-prij-00508,train,false,true,NZospodopr,NZ,Gos262,train
2,Gos262.s158,Af-prij-00507,train,false,true,NZospodopr,NZ,Gos262,train
3,Gos262.s159,Af-prij-00507,train,false,true,NZospodopr,NZ,Gos262,train
30,Gos262.s160,Af-prij-00507,train,false,true,NZospodopr,NZ,Gos262,train
7,Gos262.s161,Bf-prij-00508,train,false,true,NZospodopr,NZ,Gos262,train
8,Gos262.s162,Af-prij-00507,train,false,true,NZospodopr,NZ,Gos262,train
6,Gos262.s163,Bf-prij-00508,train,false,true,NZospodopr,NZ,Gos262,train
19,Gos262.s164,Af-prij-00507,train,false,true,NZospodopr,NZ,Gos262,train
9,Gos262.s165,Af-prij-00507,train,false,true,NZospodopr,NZ,Gos262,train
2,Gos262.s166,Bf-prij-00508,train,false,true,NZospodopr,NZ,Gos262,train
22,Gos262.s167,Af-prij-00507,train,false,true,NZospodopr,NZ,Gos262,train
9,Gos262.s168,Af-prij-00507,train,false,true,NZospodopr,NZ,Gos262,train
15,Gos262.s169,Bf-prij-00508,train,false,true,NZospodopr,NZ,Gos262,train
19,Gos262.s170,Bf-prij-00508,train,false,true,NZospodopr,NZ,Gos262,train
18,Gos262.s171,Bf-prij-00508,train,false,true,NZospodopr,NZ,Gos262,train
2,Gos264.s70,Bf-prij-01082,train,false,true,NZossgdopr,NZ,Gos264,train
30,Gos264.s71,Tm-prij-01081,train,false,true,NZossgdopr,NZ,Gos264,train
2,Gos264.s72,Bf-prij-01082,train,false,true,NZossgdopr,NZ,Gos264,train
7,Gos264.s73,Tm-prij-01081,train,false,true,NZossgdopr,NZ,Gos264,train
6,Gos264.s74,Bf-prij-01082,train,false,true,NZossgdopr,NZ,Gos264,train
25,Gos264.s75,Tm-prij-01081,train,false,true,NZossgdopr,NZ,Gos264,train
5,Gos264.s76,Bf-prij-01082,train,false,true,NZossgdopr,NZ,Gos264,train
4,Gos264.s77,Tm-prij-01081,train,false,true,NZossgdopr,NZ,Gos264,train
12,Gos264.s78,Bf-prij-01082,train,false,true,NZossgdopr,NZ,Gos264,train
4,Gos264.s79,Bf-prij-01082,train,false,true,NZossgdopr,NZ,Gos264,train
7,Gos264.s80,Tm-prij-01081,train,false,true,NZossgdopr,NZ,Gos264,train
11,Gos264.s81,Bf-prij-01082,train,false,true,NZossgdopr,NZ,Gos264,train
17,Gos264.s82,Tm-prij-01081,train,false,true,NZossgdopr,NZ,Gos264,train
8,Gos264.s83,Bf-prij-01082,train,false,true,NZossgdopr,NZ,Gos264,train
11,Gos264.s84,Tm-prij-01081,train,false,true,NZossgdopr,NZ,Gos264,train
4,Gos264.s85,Bf-prij-01082,train,false,true,NZossgdopr,NZ,Gos264,train
2,Gos264.s88,Tm-prij-01081,train,false,true,NZossgdopr,NZ,Gos264,train
20,Gos264.s89,Bf-prij-01082,train,false,true,NZossgdopr,NZ,Gos264,train
5,Gos264.s90,Bf-prij-01082,train,false,true,NZossgdopr,NZ,Gos264,train
14,Gos264.s91,Tm-prij-01081,train,false,true,NZossgdopr,NZ,Gos264,train
10,Gos264.s92,Tm-prij-01081,train,false,true,NZossgdopr,NZ,Gos264,train
2,Gos264.s93,Bf-prij-01082,train,false,true,NZossgdopr,NZ,Gos264,train
27,Gos264.s94,Tm-prij-01081,train,false,true,NZossgdopr,NZ,Gos264,train
9,Gos264.s95,Bf-prij-01082,train,false,true,NZossgdopr,NZ,Gos264,train
22,Gos264.s96,Tm-prij-01081,train,false,true,NZossgdopr,NZ,Gos264,train
8,Gos264.s97,Tm-prij-01081,train,false,true,NZossgdopr,NZ,Gos264,train
7,Gos264.s98,Bf-prij-01082,train,false,true,NZossgdopr,NZ,Gos264,train
17,Gos264.s100,Tm-prij-01081,train,false,true,NZossgdopr,NZ,Gos264,train
2,Gos264.s101,Bf-prij-01082,train,false,true,NZossgdopr,NZ,Gos264,train
14,Gos264.s102,Tm-prij-01081,train,false,true,NZossgdopr,NZ,Gos264,train
7,Gos264.s103,Tm-prij-01081,train,false,true,NZossgdopr,NZ,Gos264,train
2,Gos264.s104,Bf-prij-01082,train,false,true,NZossgdopr,NZ,Gos264,train
27,Gos264.s105,Tm-prij-01081,train,false,true,NZossgdopr,NZ,Gos264,train
11,Gos264.s106,Tm-prij-01081,train,false,true,NZossgdopr,NZ,Gos264,train
22,Gos264.s107,Tm-prij-01081,train,false,true,NZossgdopr,NZ,Gos264,train
2,Gos264.s108,Bf-prij-01082,train,false,true,NZossgdopr,NZ,Gos264,train
9,Gos264.s109,Bf-prij-01082,train,false,true,NZossgdopr,NZ,Gos264,train
2,Gos264.s110,Tm-prij-01081,train,false,true,NZossgdopr,NZ,Gos264,train
14,Gos264.s111,Tm-prij-01081,train,false,true,NZossgdopr,NZ,Gos264,train
4,Gos264.s113,Tm-prij-01081,train,false,true,NZossgdopr,NZ,Gos264,train
5,Gos264.s114,Bf-prij-01082,train,false,true,NZossgdopr,NZ,Gos264,train
9,Gos264.s115,Tm-prij-01081,train,false,true,NZossgdopr,NZ,Gos264,train
7,Gos264.s116,Bf-prij-01082,train,false,true,NZossgdopr,NZ,Gos264,train
4,Gos264.s117,Tm-prij-01081,train,false,true,NZossgdopr,NZ,Gos264,train
11,Gos264.s119,Tm-prij-01081,train,false,true,NZossgdopr,NZ,Gos264,train
9,Gos264.s120,Tm-prij-01081,train,false,true,NZossgdopr,NZ,Gos264,train
2,Gos264.s121,Bf-prij-01082,train,false,true,NZossgdopr,NZ,Gos264,train
2,Gos264.s122,Tm-prij-01081,train,false,true,NZossgdopr,NZ,Gos264,train
15,Gos264.s123,Bf-prij-01082,train,false,true,NZossgdopr,NZ,Gos264,train
2,Gos264.s124,Tm-prij-01081,train,false,true,NZossgdopr,NZ,Gos264,train
7,Gos264.s125,Bf-prij-01082,train,false,true,NZossgdopr,NZ,Gos264,train
12,Gos264.s127,Tm-prij-01081,train,false,true,NZossgdopr,NZ,Gos264,train
32,Gos264.s128,Bf-prij-01082,train,false,true,NZossgdopr,NZ,Gos264,train
15,Gos264.s129,Tm-prij-01081,train,false,true,NZossgdopr,NZ,Gos264,train
3,Gos264.s130,Bf-prij-01082,train,false,true,NZossgdopr,NZ,Gos264,train
11,Gos264.s131,Tm-prij-01081,train,false,true,NZossgdopr,NZ,Gos264,train
2,Gos264.s132,Bf-prij-01082,train,false,true,NZossgdopr,NZ,Gos264,train
7,Gos264.s134,Bf-prij-01082,train,false,true,NZossgdopr,NZ,Gos264,train
41,Gos264.s135,Tm-prij-01081,train,false,true,NZossgdopr,NZ,Gos264,train
8,Gos264.s136,Bf-prij-01082,train,false,true,NZossgdopr,NZ,Gos264,train
3,Gos264.s137,Tm-prij-01081,train,false,true,NZossgdopr,NZ,Gos264,train
5,Gos268.s222,Tf-prij-06001,train,false,true,NZteceprij,NZ,Gos268,train
6,Gos268.s224,Tf-prij-06001,train,false,true,NZteceprij,NZ,Gos268,train
10,Gos268.s226,Tf-prij-06001,train,false,true,NZteceprij,NZ,Gos268,train
2,Gos268.s227,Vf-prij-06002,train,false,true,NZteceprij,NZ,Gos268,train
2,Gos268.s228,Vf-prij-06002,train,false,true,NZteceprij,NZ,Gos268,train
3,Gos268.s229,Tf-prij-06001,train,false,true,NZteceprij,NZ,Gos268,train
2,Gos268.s230,Vf-prij-06002,train,false,true,NZteceprij,NZ,Gos268,train
12,Gos268.s231,Tf-prij-06001,train,false,true,NZteceprij,NZ,Gos268,train
2,Gos268.s233,Vf-prij-06002,train,false,true,NZteceprij,NZ,Gos268,train
4,Gos268.s235,Tf-prij-06001,train,false,true,NZteceprij,NZ,Gos268,train
5,Gos268.s238,Vf-prij-06002,train,false,true,NZteceprij,NZ,Gos268,train
2,Gos268.s239,Tf-prij-06001,train,false,true,NZteceprij,NZ,Gos268,train
28,Gos268.s240,Tf-prij-06001,train,false,true,NZteceprij,NZ,Gos268,train
2,Gos268.s241,Vf-prij-06002,train,false,true,NZteceprij,NZ,Gos268,train
2,Gos268.s242,Tf-prij-06001,train,false,true,NZteceprij,NZ,Gos268,train
9,Gos268.s243,Tf-prij-06001,train,false,true,NZteceprij,NZ,Gos268,train
5,Gos268.s245,Vf-prij-06002,train,false,true,NZteceprij,NZ,Gos268,train
2,Gos268.s246,Tf-prij-06001,train,false,true,NZteceprij,NZ,Gos268,train
2,Gos268.s247,Vf-prij-06002,train,false,true,NZteceprij,NZ,Gos268,train
4,Gos268.s248,Tf-prij-06001,train,false,true,NZteceprij,NZ,Gos268,train
2,Gos268.s249,Vf-prij-06002,train,false,true,NZteceprij,NZ,Gos268,train
2,Gos268.s250,Tf-prij-06001,train,false,true,NZteceprij,NZ,Gos268,train
6,Gos268.s252,Tf-prij-06001,train,false,true,NZteceprij,NZ,Gos268,train
8,Gos268.s253,Vf-prij-06002,train,false,true,NZteceprij,NZ,Gos268,train
4,Gos268.s254,Tf-prij-06001,train,false,true,NZteceprij,NZ,Gos268,train
4,Gos268.s255,Tf-prij-06001,train,false,true,NZteceprij,NZ,Gos268,train
2,Gos268.s256,Tf-prij-06001,train,false,true,NZteceprij,NZ,Gos268,train
4,Gos268.s257,Vf-prij-06002,train,false,true,NZteceprij,NZ,Gos268,train
18,Gos268.s258,Tf-prij-06001,train,false,true,NZteceprij,NZ,Gos268,train
2,Gos268.s260,Vf-prij-06002,train,false,true,NZteceprij,NZ,Gos268,train
2,Gos268.s261,Tf-prij-06001,train,false,true,NZteceprij,NZ,Gos268,train
5,Gos268.s262,Tf-prij-06001,train,false,true,NZteceprij,NZ,Gos268,train
6,Gos268.s264,Tf-prij-06001,train,false,true,NZteceprij,NZ,Gos268,train
16,Gos268.s266,Vf-prij-06002,train,false,true,NZteceprij,NZ,Gos268,train
2,Gos268.s267,Tf-prij-06001,train,false,true,NZteceprij,NZ,Gos268,train
6,Gos268.s268,Vf-prij-06002,train,false,true,NZteceprij,NZ,Gos268,train
2,Gos268.s269,Tf-prij-06001,train,false,true,NZteceprij,NZ,Gos268,train
9,Gos268.s270,Vf-prij-06002,train,false,true,NZteceprij,NZ,Gos268,train
33,Gos268.s271,Tf-prij-06001,train,false,true,NZteceprij,NZ,Gos268,train
4,Gos268.s272,Vf-prij-06002,train,false,true,NZteceprij,NZ,Gos268,train
2,Gos268.s273,Tf-prij-06001,train,false,true,NZteceprij,NZ,Gos268,train
19,Gos268.s274,Tf-prij-06001,train,false,true,NZteceprij,NZ,Gos268,train
11,Gos268.s275,Vf-prij-06002,train,false,true,NZteceprij,NZ,Gos268,train
6,Gos268.s276,Vf-prij-06002,train,false,true,NZteceprij,NZ,Gos268,train
9,Gos268.s277,Vf-prij-06002,train,false,true,NZteceprij,NZ,Gos268,train
10,Gos268.s278,Vf-prij-06002,train,false,true,NZteceprij,NZ,Gos268,train
2,Gos268.s279,Tf-prij-06001,train,false,true,NZteceprij,NZ,Gos268,train
2,Gos268.s281,Tf-prij-06001,train,false,true,NZteceprij,NZ,Gos268,train
9,Gos268.s282,Tf-prij-06001,train,false,true,NZteceprij,NZ,Gos268,train
7,Gos268.s283,Vf-prij-06002,train,false,true,NZteceprij,NZ,Gos268,train
5,Gos268.s285,Tf-prij-06001,train,false,true,NZteceprij,NZ,Gos268,train
6,Gos268.s287,Vf-prij-06002,train,false,true,NZteceprij,NZ,Gos268,train
4,Gos268.s288,Tf-prij-06001,train,false,true,NZteceprij,NZ,Gos268,train
14,Gos268.s289,Vf-prij-06002,train,false,true,NZteceprij,NZ,Gos268,train
2,Gos268.s290,Tf-prij-06001,train,false,true,NZteceprij,NZ,Gos268,train
2,Gos268.s291,Tf-prij-06001,train,false,true,NZteceprij,NZ,Gos268,train
5,Gos268.s292,Tf-prij-06001,train,false,true,NZteceprij,NZ,Gos268,train
6,Gos268.s293,Vf-prij-06002,train,false,true,NZteceprij,NZ,Gos268,train
2,Gos268.s294,Tf-prij-06001,train,false,true,NZteceprij,NZ,Gos268,train
9,Gos268.s296,Tf-prij-06001,train,false,true,NZteceprij,NZ,Gos268,train
3,Gos268.s298,Vf-prij-06002,train,false,true,NZteceprij,NZ,Gos268,train
3,Gos268.s299,Tf-prij-06001,train,false,true,NZteceprij,NZ,Gos268,train
11,Gos268.s301,Vf-prij-06002,train,false,true,NZteceprij,NZ,Gos268,train
2,Gos268.s302,Tf-prij-06001,train,false,true,NZteceprij,NZ,Gos268,train
8,Gos268.s303,Vf-prij-06002,train,false,true,NZteceprij,NZ,Gos268,train
7,Gos268.s304,Tf-prij-06001,train,false,true,NZteceprij,NZ,Gos268,train
2,Gos268.s305,Vf-prij-06002,train,false,true,NZteceprij,NZ,Gos268,train
2,Gos268.s307,Tf-prij-06001,train,false,true,NZteceprij,NZ,Gos268,train
4,Gos268.s308,Tf-prij-06001,train,false,true,NZteceprij,NZ,Gos268,train
4,Gos268.s309,Vf-prij-06002,train,false,true,NZteceprij,NZ,Gos268,train
3,Gos268.s310,Tf-prij-06001,train,false,true,NZteceprij,NZ,Gos268,train
4,Gos268.s311,Vf-prij-06002,train,false,true,NZteceprij,NZ,Gos268,train
6,Gos268.s312,Tf-prij-06001,train,false,true,NZteceprij,NZ,Gos268,train
4,Gos268.s314,Tf-prij-06001,train,false,true,NZteceprij,NZ,Gos268,train
14,Gos268.s316,Vf-prij-06002,train,false,true,NZteceprij,NZ,Gos268,train
7,Gos268.s317,Vf-prij-06002,train,false,true,NZteceprij,NZ,Gos268,train
4,Gos268.s319,Tf-prij-06001,train,false,true,NZteceprij,NZ,Gos268,train
7,Gos268.s320,Tf-prij-06001,train,false,true,NZteceprij,NZ,Gos268,train
6,Gos268.s321,Vf-prij-06002,train,false,true,NZteceprij,NZ,Gos268,train
2,Gos268.s322,Tf-prij-06001,train,false,true,NZteceprij,NZ,Gos268,train
2,Gos268.s323,Vf-prij-06002,train,false,true,NZteceprij,NZ,Gos268,train
11,Gos268.s324,Tf-prij-06001,train,false,true,NZteceprij,NZ,Gos268,train
24,Gos268.s326,Vf-prij-06002,train,false,true,NZteceprij,NZ,Gos268,train
18,Gos268.s327,Tf-prij-06001,train,false,true,NZteceprij,NZ,Gos268,train
4,Gos268.s328,Tf-prij-06001,train,false,true,NZteceprij,NZ,Gos268,train
13,Gos268.s329,Vf-prij-06002,train,false,true,NZteceprij,NZ,Gos268,train
2,Gos268.s330,Tf-prij-06001,train,false,true,NZteceprij,NZ,Gos268,train
2,Gos268.s331,Vf-prij-06002,train,false,true,NZteceprij,NZ,Gos268,train
14,Gos268.s333,Vf-prij-06002,train,false,true,NZteceprij,NZ,Gos268,train
2,Gos268.s334,Tf-prij-06001,train,false,true,NZteceprij,NZ,Gos268,train
7,Gos268.s335,Tf-prij-06001,train,false,true,NZteceprij,NZ,Gos268,train
4,Gos268.s337,Tf-prij-06001,train,false,true,NZteceprij,NZ,Gos268,train
9,Gos268.s340,Vf-prij-06002,train,false,true,NZteceprij,NZ,Gos268,train
15,Gos280.s40,Mf-soro-09513,train,false,true,NZteljsoro,NZ,Gos280,train
3,Gos280.s41,Af-soro-09512,train,false,true,NZteljsoro,NZ,Gos280,train
13,Gos280.s42,Mf-soro-09513,train,false,true,NZteljsoro,NZ,Gos280,train
3,Gos280.s43,Af-soro-09512,train,false,true,NZteljsoro,NZ,Gos280,train
3,Gos280.s44,Mf-soro-09513,train,false,true,NZteljsoro,NZ,Gos280,train
1,Gos280.s45,Af-soro-09512,train,false,true,NZteljsoro,NZ,Gos280,train
4,Gos280.s46,Mf-soro-09513,train,false,true,NZteljsoro,NZ,Gos280,train
23,Gos280.s47,Af-soro-09512,train,false,true,NZteljsoro,NZ,Gos280,train
4,Gos280.s48,Mf-soro-09513,train,false,true,NZteljsoro,NZ,Gos280,train
6,Gos280.s49,Mf-soro-09513,train,false,true,NZteljsoro,NZ,Gos280,train
26,Gos280.s50,Af-soro-09512,train,false,true,NZteljsoro,NZ,Gos280,train
3,Gos280.s51,Mf-soro-09513,train,false,true,NZteljsoro,NZ,Gos280,train
2,Gos280.s52,Af-soro-09512,train,false,true,NZteljsoro,NZ,Gos280,train
10,Gos280.s53,Mf-soro-09513,train,false,true,NZteljsoro,NZ,Gos280,train
4,Gos280.s54,Af-soro-09512,train,false,true,NZteljsoro,NZ,Gos280,train
4,Gos280.s55,Mf-soro-09513,train,false,true,NZteljsoro,NZ,Gos280,train
21,Gos280.s56,Af-soro-09512,train,false,true,NZteljsoro,NZ,Gos280,train
8,Gos280.s57,Af-soro-09512,train,false,true,NZteljsoro,NZ,Gos280,train
5,Gos280.s58,Mf-soro-09513,train,false,true,NZteljsoro,NZ,Gos280,train
2,Gos280.s59,Af-soro-09512,train,false,true,NZteljsoro,NZ,Gos280,train
19,Gos280.s60,Mf-soro-09513,train,false,true,NZteljsoro,NZ,Gos280,train
3,Gos280.s61,Af-soro-09512,train,false,true,NZteljsoro,NZ,Gos280,train
10,Gos280.s62,Mf-soro-09513,train,false,true,NZteljsoro,NZ,Gos280,train
16,Gos280.s63,Mf-soro-09513,train,false,true,NZteljsoro,NZ,Gos280,train
6,Gos280.s64,Mf-soro-09513,train,false,true,NZteljsoro,NZ,Gos280,train
3,Gos280.s66,Mf-soro-09513,train,false,true,NZteljsoro,NZ,Gos280,train
2,Gos280.s67,Af-soro-09512,train,false,true,NZteljsoro,NZ,Gos280,train
3,Gos280.s68,Mf-soro-09513,train,false,true,NZteljsoro,NZ,Gos280,train
10,Gos280.s69,Mf-soro-09513,train,false,true,NZteljsoro,NZ,Gos280,train
22,Gos280.s70,Af-soro-09512,train,false,true,NZteljsoro,NZ,Gos280,train
3,Gos280.s71,Mf-soro-09513,train,false,true,NZteljsoro,NZ,Gos280,train
6,Gos280.s72,Af-soro-09512,train,false,true,NZteljsoro,NZ,Gos280,train
13,Gos280.s73,Af-soro-09512,train,false,true,NZteljsoro,NZ,Gos280,train
20,Gos280.s74,Af-soro-09512,train,false,true,NZteljsoro,NZ,Gos280,train
6,Gos280.s75,Mf-soro-09513,train,false,true,NZteljsoro,NZ,Gos280,train
22,Gos280.s76,Af-soro-09512,train,false,true,NZteljsoro,NZ,Gos280,train
24,Gos280.s77,Af-soro-09512,train,false,true,NZteljsoro,NZ,Gos280,train
12,Gos280.s78,Mf-soro-09513,train,false,true,NZteljsoro,NZ,Gos280,train
5,Gos280.s79,Mf-soro-09513,train,false,true,NZteljsoro,NZ,Gos280,train
15,Gos280.s80,Af-soro-09512,train,false,true,NZteljsoro,NZ,Gos280,train
25,Gos280.s81,Af-soro-09512,train,false,true,NZteljsoro,NZ,Gos280,train
5,Gos280.s82,Mf-soro-09513,train,false,true,NZteljsoro,NZ,Gos280,train
9,Gos280.s83,Af-soro-09512,train,false,true,NZteljsoro,NZ,Gos280,train
6,Gos280.s84,Mf-soro-09513,train,false,true,NZteljsoro,NZ,Gos280,train
8,Gos280.s85,Af-soro-09512,train,false,true,NZteljsoro,NZ,Gos280,train
16,Gos280.s86,Af-soro-09512,train,false,true,NZteljsoro,NZ,Gos280,train
10,Gos280.s87,Mf-soro-09513,train,false,true,NZteljsoro,NZ,Gos280,train
18,Gos280.s88,Af-soro-09512,train,false,true,NZteljsoro,NZ,Gos280,train
2,Gos280.s89,Mf-soro-09513,train,false,true,NZteljsoro,NZ,Gos280,train
16,Gos280.s90,Af-soro-09512,train,false,true,NZteljsoro,NZ,Gos280,train
12,Gos280.s91,Mf-soro-09513,train,false,true,NZteljsoro,NZ,Gos280,train
50,Gos280.s92,Af-soro-09512,train,false,true,NZteljsoro,NZ,Gos280,train
6,Gos280.s93,Mf-soro-09513,train,false,true,NZteljsoro,NZ,Gos280,train
5,Gos280.s94,Mf-soro-09513,train,false,true,NZteljsoro,NZ,Gos280,train
18,Gos280.s95,Af-soro-09512,train,false,true,NZteljsoro,NZ,Gos280,train
15,Gos280.s96,Af-soro-09512,train,false,true,NZteljsoro,NZ,Gos280,train
1,Artur-N-G5026-P600021.s1_reseg.1059,Artur-N-G5026,train,false,false,NZ,NZ,Artur-N-G5026-P600021,train
3,Artur-N-G5026-P600021.s2_reseg.1060,Artur-N-G5026,train,false,false,NZ,NZ,Artur-N-G5026-P600021,train
7,Artur-N-G5026-P600021.s3_reseg.1061,Artur-N-G5026,train,false,false,NZ,NZ,Artur-N-G5026-P600021,train
5,Artur-N-G5026-P600021.s4-s5_reseg.1062,Artur-N-G5026,train,false,false,NZ,NZ,Artur-N-G5026-P600021,train
20,Artur-N-G5026-P600021.s6-s8_reseg.1063,Artur-N-G5026,train,false,false,NZ,NZ,Artur-N-G5026-P600021,train
7,Artur-N-G5026-P600021.s9_reseg.1064,Artur-N-G5026,train,false,false,NZ,NZ,Artur-N-G5026-P600021,train
18,Artur-N-G5026-P600021.s10-s14_reseg.1065,Artur-N-G5026,train,false,false,NZ,NZ,Artur-N-G5026-P600021,train
21,Artur-N-G5026-P600021.s15-s19_reseg.1066,Artur-N-G5026,train,false,false,NZ,NZ,Artur-N-G5026-P600021,train
5,Artur-N-G5026-P600021.s20_reseg.1067,Artur-N-G5026,train,false,false,NZ,NZ,Artur-N-G5026-P600021,train
7,Artur-N-G5026-P600021.s21-s22_reseg.1068,Artur-N-G5026,train,false,false,NZ,NZ,Artur-N-G5026-P600021,train
20,Artur-N-G5026-P600021.s23-s26_reseg.1069,Artur-N-G5026,train,false,false,NZ,NZ,Artur-N-G5026-P600021,train
3,Artur-N-G5026-P600021.s27_reseg.1070,Artur-N-G5026,train,false,false,NZ,NZ,Artur-N-G5026-P600021,train
8,Artur-N-G5026-P600021.s28_reseg.1071,Artur-N-G5026,train,false,false,NZ,NZ,Artur-N-G5026-P600021,train
8,Artur-N-G5026-P600021.s29-s30_reseg.1072,Artur-N-G5026,train,false,false,NZ,NZ,Artur-N-G5026-P600021,train
1,Artur-N-G5026-P600021.s31_reseg.1073,Artur-N-G5026,train,false,false,NZ,NZ,Artur-N-G5026-P600021,train
1,Artur-N-G5026-P600021.s32_reseg.1074,Artur-N-G5026,train,false,false,NZ,NZ,Artur-N-G5026-P600021,train
2,Artur-N-G5026-P600021.s33_reseg.1075,Artur-N-G5026,train,false,false,NZ,NZ,Artur-N-G5026-P600021,train
7,Artur-N-G5026-P600021.s34_reseg.1076,Artur-N-G5026,train,false,false,NZ,NZ,Artur-N-G5026-P600021,train
4,Artur-N-G5026-P600021.s35_reseg.1077,Artur-N-G5026,train,false,false,NZ,NZ,Artur-N-G5026-P600021,train
2,Artur-N-G5026-P600021.s36_reseg.1078,Artur-N-G5026,train,false,false,NZ,NZ,Artur-N-G5026-P600021,train
2,Artur-N-G5026-P600021.s37_reseg.1079,Artur-N-G5026,train,false,false,NZ,NZ,Artur-N-G5026-P600021,train
18,Artur-N-G5026-P600021.s38-s40_reseg.1080,Artur-N-G5026,train,false,false,NZ,NZ,Artur-N-G5026-P600021,train
5,Artur-N-G5026-P600021.s41_reseg.1081,Artur-N-G5026,train,false,false,NZ,NZ,Artur-N-G5026-P600021,train
5,Artur-N-G5026-P600021.s42_reseg.1082,Artur-N-G5026,train,false,false,NZ,NZ,Artur-N-G5026-P600021,train
11,Artur-N-G5026-P600021.s43-s46_reseg.1083,Artur-N-G5026,train,false,false,NZ,NZ,Artur-N-G5026-P600021,train
8,Artur-N-G5026-P600021.s47_reseg.1084,Artur-N-G5026,train,false,false,NZ,NZ,Artur-N-G5026-P600021,train
2,Artur-N-G5026-P600021.s48_reseg.1085,Artur-N-G5026,train,false,false,NZ,NZ,Artur-N-G5026-P600021,train
7,Artur-N-G5026-P600021.s49_reseg.1086,Artur-N-G5026,train,false,false,NZ,NZ,Artur-N-G5026-P600021,train
18,Artur-N-G5026-P600021.s50-s52_reseg.1087,Artur-N-G5026,train,false,false,NZ,NZ,Artur-N-G5026-P600021,train
6,Artur-N-G5026-P600021.s53-s54_reseg.1088,Artur-N-G5026,train,false,false,NZ,NZ,Artur-N-G5026-P600021,train
17,Artur-N-G5026-P600021.s55-s57_reseg.1089,Artur-N-G5026,train,false,false,NZ,NZ,Artur-N-G5026-P600021,train
3,Artur-N-G5026-P600021.s58-s59_reseg.1090,Artur-N-G5026,train,false,false,NZ,NZ,Artur-N-G5026-P600021,train
9,Artur-N-G5026-P600021.s60_reseg.1091,Artur-N-G5026,train,false,false,NZ,NZ,Artur-N-G5026-P600021,train
32,Artur-N-G5026-P600021.s61-s64_reseg.1092,Artur-N-G5026,train,false,false,NZ,NZ,Artur-N-G5026-P600021,train
3,Artur-N-G5026-P600021.s64-s65_reseg.1093,Artur-N-G5026,train,false,false,NZ,NZ,Artur-N-G5026-P600021,train
2,Artur-N-G5026-P600021.s66_reseg.1094,Artur-N-G5026,train,false,false,NZ,NZ,Artur-N-G5026-P600021,train
10,Artur-N-G5026-P600021.s67_reseg.1095,Artur-N-G5026,train,false,false,NZ,NZ,Artur-N-G5026-P600021,train
4,Artur-N-G5026-P600021.s68-s69_reseg.1096,Artur-N-G5026,train,false,false,NZ,NZ,Artur-N-G5026-P600021,train
2,Artur-N-G5026-P600021.s70_reseg.1097,Artur-N-G5026,train,false,false,NZ,NZ,Artur-N-G5026-P600021,train
9,Artur-J-Gvecg-P500051.s1_reseg.382,Artur-J-G3016,train,false,false,JI,JI,Artur-J-Gvecg-P500051,train
16,Artur-J-Gvecg-P500051.s2-s4_reseg.383,Artur-J-G3016,train,false,false,JI,JI,Artur-J-Gvecg-P500051,train
21,Artur-J-Gvecg-P500051.s5-s6_reseg.384,Artur-J-G3016,train,false,false,JI,JI,Artur-J-Gvecg-P500051,train
56,Artur-J-Gvecg-P500051.s7-s11_reseg.385,Artur-J-G3016,train,false,false,JI,JI,Artur-J-Gvecg-P500051,train
21,Artur-J-Gvecg-P500051.s12-s14_reseg.386,Artur-J-G3016,train,false,false,JI,JI,Artur-J-Gvecg-P500051,train
28,Artur-J-Gvecg-P500051.s15-s18_reseg.387,Artur-J-G3016,train,false,false,JI,JI,Artur-J-Gvecg-P500051,train
39,Artur-J-Gvecg-P500051.s19-s22_reseg.388,Artur-J-G3016,train,false,false,JI,JI,Artur-J-Gvecg-P500051,train
22,Artur-J-Gvecg-P500051.s23-s27_reseg.389,Artur-J-G3016,train,false,false,JI,JI,Artur-J-Gvecg-P500051,train
10,Artur-J-Gvecg-P500051.s28-s29_reseg.390,Artur-J-G3016,train,false,false,JI,JI,Artur-J-Gvecg-P500051,train
6,Artur-J-Gvecg-P500051.s30_reseg.391,Artur-J-G3016,train,false,false,JI,JI,Artur-J-Gvecg-P500051,train
12,Artur-J-Gvecg-P500051.s31_reseg.392,Artur-J-G3016,train,false,false,JI,JI,Artur-J-Gvecg-P500051,train
13,Artur-J-Gvecg-P500051.s32-s37_reseg.393,Artur-J-G3016,train,false,false,JI,JI,Artur-J-Gvecg-P500051,train
2,Artur-J-Gvecg-P500051.s38_reseg.394,Artur-J-G3016,train,false,false,JI,JI,Artur-J-Gvecg-P500051,train
6,Artur-J-Gvecg-P500051.s39_reseg.395,Artur-J-G3016,train,false,false,JI,JI,Artur-J-Gvecg-P500051,train
6,Artur-J-Gvecg-P500051.s40_reseg.396,Artur-J-G3016,train,false,false,JI,JI,Artur-J-Gvecg-P500051,train
20,Artur-J-Gvecg-P500051.s41-s46_reseg.397,Artur-J-G3016,train,false,false,JI,JI,Artur-J-Gvecg-P500051,train
27,Artur-J-Gvecg-P500051.s47-s51_reseg.398,Artur-J-G3016,train,false,false,JI,JI,Artur-J-Gvecg-P500051,train
41,Artur-J-Gvecg-P500051.s52-s56_reseg.399,Artur-J-G3016,train,false,false,JI,JI,Artur-J-Gvecg-P500051,train
39,Artur-J-Gvecg-P500051.s57-s62_reseg.400,Artur-J-G3016,train,false,false,JI,JI,Artur-J-Gvecg-P500051,train
25,Artur-J-Gvecg-P500051.s63-s67_reseg.401,Artur-J-G3016,train,false,false,JI,JI,Artur-J-Gvecg-P500051,train
41,Artur-J-Gvecg-P500051.s68-s77_reseg.402,Artur-J-G3016,train,false,false,JI,JI,Artur-J-Gvecg-P500051,train
21,Artur-J-Gvecg-P500051.s78-s80_reseg.403,Artur-J-G3016,train,false,false,JI,JI,Artur-J-Gvecg-P500051,train
70,Artur-J-Gvecg-P500051.s81-s90_reseg.404,Artur-J-G3016,train,false,false,JI,JI,Artur-J-Gvecg-P500051,train
18,Artur-J-Gvecg-P500051.s91-s95_reseg.405,Artur-J-G3016,train,false,false,JI,JI,Artur-J-Gvecg-P500051,train
25,Artur-J-Gvecg-P500051.s96-s97_reseg.406,Artur-J-G3016,train,false,false,JI,JI,Artur-J-Gvecg-P500051,train
16,Artur-J-Gvecg-P500051.s98-s99_reseg.407,Artur-J-G3016,train,false,false,JI,JI,Artur-J-Gvecg-P500051,train
37,Artur-J-Gvecg-P500051.s100-s103_reseg.408,Artur-J-G3016,train,false,false,JI,JI,Artur-J-Gvecg-P500051,train
22,Artur-J-Gvecg-P500051.s104-s107_reseg.409,Artur-J-G3016,train,false,false,JI,JI,Artur-J-Gvecg-P500051,train
44,Artur-J-Gvecg-P500051.s108-s114_reseg.410,Artur-J-G3016,train,false,false,JI,JI,Artur-J-Gvecg-P500051,train
25,Artur-J-Gvecg-P500051.s115-s117_reseg.411,Artur-J-G3016,train,false,false,JI,JI,Artur-J-Gvecg-P500051,train
17,Artur-J-Gvecg-P500051.s118_reseg.412,Artur-J-G3016,train,false,false,JI,JI,Artur-J-Gvecg-P500051,train
19,Artur-J-Gvecg-P500051.s119-s120_reseg.413,Artur-J-G3016,train,false,false,JI,JI,Artur-J-Gvecg-P500051,train
6,Artur-J-Gvecg-P500051.s121_reseg.414,Artur-J-G3016,train,false,false,JI,JI,Artur-J-Gvecg-P500051,train
79,Artur-J-Gvecg-P500051.s122-s129_reseg.415,Artur-J-G3016,train,false,false,JI,JI,Artur-J-Gvecg-P500051,train
80,Artur-J-Gvecg-P500051.s129-s137_reseg.416,Artur-J-G3016,train,false,false,JI,JI,Artur-J-Gvecg-P500051,train
29,Artur-J-Gvecg-P500051.s138-s140_reseg.417,Artur-J-G3016,train,false,false,JI,JI,Artur-J-Gvecg-P500051,train
16,Artur-J-Gvecg-P500051.s141_reseg.418,Artur-J-G3016,train,false,false,JI,JI,Artur-J-Gvecg-P500051,train
22,Artur-J-Gvecg-P500051.s142-s145_reseg.419,Artur-J-G3016,train,false,false,JI,JI,Artur-J-Gvecg-P500051,train
7,Artur-P-G7165-P700926.s1_reseg.1935,Artur-P-G7165,train,false,false,JI,JI,Artur-P-G7165-P700926,train
12,Artur-P-G7165-P700926.s2-s4_reseg.1936,Artur-P-G7165,train,false,false,JI,JI,Artur-P-G7165-P700926,train
35,Artur-P-G7165-P700926.s5-s7_reseg.1937,Artur-P-G7165,train,false,false,JI,JI,Artur-P-G7165-P700926,train
76,Artur-P-G7165-P700926.s8-s14_reseg.1938,Artur-P-G7165,train,false,false,JI,JI,Artur-P-G7165-P700926,train
5,Artur-P-G7165-P700926.s15_reseg.1939,Artur-P-G7165,train,false,false,JI,JI,Artur-P-G7165-P700926,train
19,Artur-P-G7165-P700926.s16-s19_reseg.1940,Artur-P-G7165,train,false,false,JI,JI,Artur-P-G7165-P700926,train
5,Artur-P-G7165-P700926.s20_reseg.1941,Artur-P-G7165,train,false,false,JI,JI,Artur-P-G7165-P700926,train
12,Artur-P-G7165-P700926.s20_reseg.1942,Artur-P-G7165,train,false,false,JI,JI,Artur-P-G7165-P700926,train
13,Artur-P-G7165-P700926.s21-s22_reseg.1943,Artur-P-G7165,train,false,false,JI,JI,Artur-P-G7165-P700926,train
40,Artur-P-G7165-P700926.s23-s29_reseg.1944,Artur-P-G7165,train,false,false,JI,JI,Artur-P-G7165-P700926,train
6,Artur-P-G7165-P700926.s29_reseg.1945,Artur-P-G7165,train,false,false,JI,JI,Artur-P-G7165-P700926,train
15,Artur-P-G7165-P700926.s30-s31_reseg.1946,Artur-P-G7165,train,false,false,JI,JI,Artur-P-G7165-P700926,train
3,Artur-P-G7165-P700926.s32_reseg.1947,Artur-P-G7165,train,false,false,JI,JI,Artur-P-G7165-P700926,train
23,Artur-P-G7165-P700926.s33-s37_reseg.1948,Artur-P-G7165,train,false,false,JI,JI,Artur-P-G7165-P700926,train
24,Artur-P-G7165-P700926.s38-s41_reseg.1949,Artur-P-G7165,train,false,false,JI,JI,Artur-P-G7165-P700926,train
24,Artur-P-G7165-P700926.s42-s43_reseg.1950,Artur-P-G7165,train,false,false,JI,JI,Artur-P-G7165-P700926,train
79,Artur-P-G7165-P700926.s44-s52_reseg.1951,Artur-P-G7165,train,false,false,JI,JI,Artur-P-G7165-P700926,train
39,Artur-P-G7165-P700926.s53-s57_reseg.1952,Artur-P-G7165,train,false,false,JI,JI,Artur-P-G7165-P700926,train
10,Artur-P-G7165-P700926.s58_reseg.1953,Artur-P-G7165,train,false,false,JI,JI,Artur-P-G7165-P700926,train
107,Artur-P-G7165-P700926.s59-s71_reseg.1954,Artur-P-G7165,train,false,false,JI,JI,Artur-P-G7165-P700926,train
16,Artur-P-G7165-P700926.s71-s73_reseg.1955,Artur-P-G7165,train,false,false,JI,JI,Artur-P-G7165-P700926,train
24,Artur-P-G7165-P700926.s74-s77_reseg.1956,Artur-P-G7165,train,false,false,JI,JI,Artur-P-G7165-P700926,train
53,Artur-P-G7165-P700926.s78-s86_reseg.1957,Artur-P-G7165,train,false,false,JI,JI,Artur-P-G7165-P700926,train
22,Artur-P-G7165-P700926.s87-s90_reseg.1958,Artur-P-G7165,train,false,false,JI,JI,Artur-P-G7165-P700926,train
5,Artur-P-G7165-P700926.s91_reseg.1959,Artur-P-G7165,train,false,false,JI,JI,Artur-P-G7165-P700926,train
67,Artur-P-G7165-P700926.s92-s106_reseg.1960,Artur-P-G7165,train,false,false,JI,JI,Artur-P-G7165-P700926,train
34,Artur-P-G7165-P700926.s107-s110_reseg.1961,Artur-P-G7165,train,false,false,JI,JI,Artur-P-G7165-P700926,train
2,Artur-P-G7165-P700926.s111_reseg.1962,Artur-P-G7165,train,false,false,JI,JI,Artur-P-G7165-P700926,train
11,Artur-P-G7165-P700926.s112_reseg.1963,Artur-P-G7165,train,false,false,JI,JI,Artur-P-G7165-P700926,train
39,Artur-P-G7165-P700926.s113-s118_reseg.1964,Artur-P-G7165,train,false,false,JI,JI,Artur-P-G7165-P700926,train
13,Artur-P-G7165-P700926.s119_reseg.1965,Artur-P-G7165,train,false,false,JI,JI,Artur-P-G7165-P700926,train
21,Artur-P-G7165-P700926.s120-s123_reseg.1966,Artur-P-G7165,train,false,false,JI,JI,Artur-P-G7165-P700926,train
16,Artur-P-G7165-P700926.s124-s125_reseg.1967,Artur-P-G7165,train,false,false,JI,JI,Artur-P-G7165-P700926,train
16,Artur-P-G7165-P700926.s126-s127_reseg.1968,Artur-P-G7165,train,false,false,JI,JI,Artur-P-G7165-P700926,train
8,Artur-N-G6047-P604702.s1_reseg.1543,Artur-N-G6047,train,false,false,NZ,NZ,Artur-N-G6047-P604702,train
13,Artur-N-G6047-P604702.s2_reseg.1544,Artur-N-G6047,train,false,false,NZ,NZ,Artur-N-G6047-P604702,train
4,Artur-N-G6047-P604702.s3_reseg.1545,Artur-N-G6047,train,false,false,NZ,NZ,Artur-N-G6047-P604702,train
24,Artur-N-G6047-P604702.s4-s7_reseg.1546,Artur-N-G6047,train,false,false,NZ,NZ,Artur-N-G6047-P604702,train
6,Artur-N-G6047-P604702.s8_reseg.1547,Artur-N-G6047,train,false,false,NZ,NZ,Artur-N-G6047-P604702,train
33,Artur-N-G6047-P604702.s9-s13_reseg.1548,Artur-N-G6047,train,false,false,NZ,NZ,Artur-N-G6047-P604702,train
25,Artur-N-G6047-P604702.s14-s16_reseg.1549,Artur-N-G6047,train,false,false,NZ,NZ,Artur-N-G6047-P604702,train
13,Artur-N-G6047-P604702.s17-s18_reseg.1550,Artur-N-G6047,train,false,false,NZ,NZ,Artur-N-G6047-P604702,train
30,Artur-N-G6047-P604702.s19-s21_reseg.1551,Artur-N-G6047,train,false,false,NZ,NZ,Artur-N-G6047-P604702,train
41,Artur-N-G6047-P604702.s22-s26_reseg.1552,Artur-N-G6047,train,false,false,NZ,NZ,Artur-N-G6047-P604702,train
34,Artur-N-G6047-P604702.s27-s31_reseg.1553,Artur-N-G6047,train,false,false,NZ,NZ,Artur-N-G6047-P604702,train
32,Artur-N-G6047-P604702.s32-s35_reseg.1554,Artur-N-G6047,train,false,false,NZ,NZ,Artur-N-G6047-P604702,train
42,Artur-N-G6047-P604702.s35-s37_reseg.1555,Artur-N-G6047,train,false,false,NZ,NZ,Artur-N-G6047-P604702,train
36,Artur-N-G6047-P604702.s38-s42_reseg.1556,Artur-N-G6047,train,false,false,NZ,NZ,Artur-N-G6047-P604702,train
18,Artur-N-G6047-P604702.s43-s44_reseg.1557,Artur-N-G6047,train,false,false,NZ,NZ,Artur-N-G6047-P604702,train
17,Artur-N-G6047-P604702.s45-s46_reseg.1558,Artur-N-G6047,train,false,false,NZ,NZ,Artur-N-G6047-P604702,train
43,Artur-N-G6047-P604702.s47-s53_reseg.1559,Artur-N-G6047,train,false,false,NZ,NZ,Artur-N-G6047-P604702,train
26,Artur-N-G6047-P604702.s54-s59_reseg.1560,Artur-N-G6047,train,false,false,NZ,NZ,Artur-N-G6047-P604702,train
20,Artur-N-G6047-P604702.s60-s61_reseg.1561,Artur-N-G6047,train,false,false,NZ,NZ,Artur-N-G6047-P604702,train
17,Artur-N-G6047-P604702.s62-s63_reseg.1562,Artur-N-G6047,train,false,false,NZ,NZ,Artur-N-G6047-P604702,train
19,Artur-N-G6047-P604702.s64-s66_reseg.1563,Artur-N-G6047,train,false,false,NZ,NZ,Artur-N-G6047-P604702,train
14,Artur-N-G6047-P604702.s67-s68_reseg.1564,Artur-N-G6047,train,false,false,NZ,NZ,Artur-N-G6047-P604702,train
8,Artur-N-G6047-P604702.s69_reseg.1565,Artur-N-G6047,train,false,false,NZ,NZ,Artur-N-G6047-P604702,train
16,Artur-N-G6047-P604702.s70_reseg.1566,Artur-N-G6047,train,false,false,NZ,NZ,Artur-N-G6047-P604702,train
23,Artur-N-G6047-P604702.s71-s72_reseg.1567,Artur-N-G6047,train,false,false,NZ,NZ,Artur-N-G6047-P604702,train
26,Artur-N-G6047-P604702.s73-s75_reseg.1568,Artur-N-G6047,train,false,false,NZ,NZ,Artur-N-G6047-P604702,train
17,Artur-N-G6047-P604702.s76-s77_reseg.1569,Artur-N-G6047,train,false,false,NZ,NZ,Artur-N-G6047-P604702,train
16,Artur-N-G6047-P604702.s78-s79_reseg.1570,Artur-N-G6047,train,false,false,NZ,NZ,Artur-N-G6047-P604702,train
7,Artur-N-G6047-P604702.s80_reseg.1571,Artur-N-G6047,train,false,false,NZ,NZ,Artur-N-G6047-P604702,train
12,Artur-N-G6047-P604702.s81-s82_reseg.1572,Artur-N-G6047,train,false,false,NZ,NZ,Artur-N-G6047-P604702,train
18,Artur-N-G6047-P604702.s83-s84_reseg.1573,Artur-N-G6047,train,false,false,NZ,NZ,Artur-N-G6047-P604702,train
16,Artur-N-G6047-P604702.s85-s86_reseg.1574,Artur-N-G6047,train,false,false,NZ,NZ,Artur-N-G6047-P604702,train
21,Artur-N-G6047-P604702.s87-s88_reseg.1575,Artur-N-G6047,train,false,false,NZ,NZ,Artur-N-G6047-P604702,train
29,Artur-N-G6047-P604702.s89-s91_reseg.1576,Artur-N-G6047,train,false,false,NZ,NZ,Artur-N-G6047-P604702,train
24,Artur-N-G6047-P604702.s92-s93_reseg.1577,Artur-N-G6047,train,false,false,NZ,NZ,Artur-N-G6047-P604702,train
7,Artur-N-G6047-P604702.s94_reseg.1578,Artur-N-G6047,train,false,false,NZ,NZ,Artur-N-G6047-P604702,train
13,Artur-N-G6047-P604702.s95_reseg.1579,Artur-N-G6047,train,false,false,NZ,NZ,Artur-N-G6047-P604702,train
22,Artur-N-G6047-P604702.s96-s97_reseg.1580,Artur-N-G6047,train,false,false,NZ,NZ,Artur-N-G6047-P604702,train
20,Artur-N-G6047-P604702.s98_reseg.1581,Artur-N-G6047,train,false,false,NZ,NZ,Artur-N-G6047-P604702,train
16,Artur-N-G6047-P604702.s99_reseg.1582,Artur-N-G6047,train,false,false,NZ,NZ,Artur-N-G6047-P604702,train
18,Artur-N-G6047-P604702.s100_reseg.1583,Artur-N-G6047,train,false,false,NZ,NZ,Artur-N-G6047-P604702,train
55,Artur-J-Gvecg-P500063.s75-s78_reseg.464,Artur-J-G3133,train,false,false,JI,JI,Artur-J-Gvecg-P500063,test
67,Artur-J-Gvecg-P500063.s79-s83_reseg.465,Artur-J-G3133,train,false,false,JI,JI,Artur-J-Gvecg-P500063,test
37,Artur-J-Gvecg-P500063.s84-s86_reseg.466,Artur-J-G3133,train,false,false,JI,JI,Artur-J-Gvecg-P500063,test
72,Artur-J-Gvecg-P500063.s87-s93_reseg.467,Artur-J-G3133,train,false,false,JI,JI,Artur-J-Gvecg-P500063,test
94,Artur-J-Gvecg-P500063.s94-s102_reseg.468,Artur-J-G3133,train,false,false,JI,JI,Artur-J-Gvecg-P500063,test
48,Artur-J-Gvecg-P500063.s103-s106_reseg.469,Artur-J-G3133,train,false,false,JI,JI,Artur-J-Gvecg-P500063,test
64,Artur-J-Gvecg-P500063.s107-s112_reseg.470,Artur-J-G3133,train,false,false,JI,JI,Artur-J-Gvecg-P500063,test
77,Artur-J-Gvecg-P500063.s113-s118_reseg.471,Artur-J-G3133,train,false,false,JI,JI,Artur-J-Gvecg-P500063,test
94,Artur-J-Gvecg-P500063.s119-s124_reseg.472,Artur-J-G3133,train,false,false,JI,JI,Artur-J-Gvecg-P500063,test
19,Artur-J-Gvecg-P500063.s125_reseg.473,Artur-J-G3134,train,false,false,JI,JI,Artur-J-Gvecg-P500063,test
112,Artur-J-Gvecg-P500063.s125-s133_reseg.474,Artur-J-G3134,train,false,false,JI,JI,Artur-J-Gvecg-P500063,test
57,Artur-J-Gvecg-P500063.s134-s135_reseg.475,Artur-J-G3134,train,false,false,JI,JI,Artur-J-Gvecg-P500063,test
66,Artur-J-Gvecg-P500063.s136-s140_reseg.476,Artur-J-G3134,train,false,false,JI,JI,Artur-J-Gvecg-P500063,test
96,Artur-J-Gvecg-P500063.s141-s151_reseg.477,Artur-J-G3134,train,false,false,JI,JI,Artur-J-Gvecg-P500063,test
99,Artur-J-Gvecg-P500063.s152-s158_reseg.478,Artur-J-G3134,train,false,false,JI,JI,Artur-J-Gvecg-P500063,test
78,Artur-J-Gvecg-P500063.s159-s162_reseg.479,Artur-J-G3134,train,false,false,JI,JI,Artur-J-Gvecg-P500063,test
13,Artur-J-Gvecg-P500034.s1-s3_reseg.238,Artur-J-G3069,train,false,false,JI,JI,Artur-J-Gvecg-P500034,train
37,Artur-J-Gvecg-P500034.s4-s6_reseg.239,Artur-J-G3069,train,false,false,JI,JI,Artur-J-Gvecg-P500034,train
47,Artur-J-Gvecg-P500034.s7-s14_reseg.240,Artur-J-G3069,train,false,false,JI,JI,Artur-J-Gvecg-P500034,train
54,Artur-J-Gvecg-P500034.s15-s19_reseg.241,Artur-J-G3069,train,false,false,JI,JI,Artur-J-Gvecg-P500034,train
33,Artur-J-Gvecg-P500034.s20-s22_reseg.242,Artur-J-G3069,train,false,false,JI,JI,Artur-J-Gvecg-P500034,train
31,Artur-J-Gvecg-P500034.s23-s27_reseg.243,Artur-J-G3069,train,false,false,JI,JI,Artur-J-Gvecg-P500034,train
23,Artur-J-Gvecg-P500034.s28-s29_reseg.244,Artur-J-G3069,train,false,false,JI,JI,Artur-J-Gvecg-P500034,train
86,Artur-J-Gvecg-P500034.s30-s39_reseg.245,Artur-J-G3069,train,false,false,JI,JI,Artur-J-Gvecg-P500034,train
30,Artur-J-Gvecg-P500034.s40-s43_reseg.246,Artur-J-G3069,train,false,false,JI,JI,Artur-J-Gvecg-P500034,train
13,Artur-J-Gvecg-P500034.s43-s44_reseg.247,Artur-J-G3069,train,false,false,JI,JI,Artur-J-Gvecg-P500034,train
11,Artur-J-Gvecg-P500034.s45_reseg.248,Artur-J-G3069,train,false,false,JI,JI,Artur-J-Gvecg-P500034,train
61,Artur-J-Gvecg-P500034.s46-s52_reseg.249,Artur-J-G3069,train,false,false,JI,JI,Artur-J-Gvecg-P500034,train
15,Artur-J-Gvecg-P500034.s53-s55_reseg.250,Artur-J-G3069,train,false,false,JI,JI,Artur-J-Gvecg-P500034,train
50,Artur-J-Gvecg-P500034.s56-s59_reseg.251,Artur-J-G3069,train,false,false,JI,JI,Artur-J-Gvecg-P500034,train
17,Artur-J-Gvecg-P500034.s60-s61_reseg.252,Artur-J-G3069,train,false,false,JI,JI,Artur-J-Gvecg-P500034,train
27,Artur-J-Gvecg-P500034.s62-s65_reseg.253,Artur-J-G3069,train,false,false,JI,JI,Artur-J-Gvecg-P500034,train
26,Artur-J-Gvecg-P500034.s66-s68_reseg.254,Artur-J-G3069,train,false,false,JI,JI,Artur-J-Gvecg-P500034,train
4,Artur-J-Gvecg-P500034.s69-s70_reseg.255,Artur-J-G3069,train,false,false,JI,JI,Artur-J-Gvecg-P500034,train
36,Artur-J-Gvecg-P500034.s71-s75_reseg.256,Artur-J-G3069,train,false,false,JI,JI,Artur-J-Gvecg-P500034,train
17,Artur-J-Gvecg-P500034.s76-s78_reseg.257,Artur-J-G3069,train,false,false,JI,JI,Artur-J-Gvecg-P500034,train
39,Artur-J-Gvecg-P500034.s79-s85_reseg.258,Artur-J-G3069,train,false,false,JI,JI,Artur-J-Gvecg-P500034,train
82,Artur-J-Gvecg-P500034.s86-s92_reseg.259,Artur-J-G3069,train,false,false,JI,JI,Artur-J-Gvecg-P500034,train
94,Artur-J-Gvecg-P500034.s93-s102_reseg.260,Artur-J-G3069,train,false,false,JI,JI,Artur-J-Gvecg-P500034,train
9,Artur-J-Gvecg-P500034.s103_reseg.261,Artur-J-G3069,train,false,false,JI,JI,Artur-J-Gvecg-P500034,train
34,Artur-J-Gvecg-P500034.s104-s109_reseg.262,Artur-J-G3069,train,false,false,JI,JI,Artur-J-Gvecg-P500034,train
15,Artur-J-Gvecg-P500034.s110-s111_reseg.263,Artur-J-G3069,train,false,false,JI,JI,Artur-J-Gvecg-P500034,train
14,Artur-J-Gvecg-P500034.s111_reseg.264,Artur-J-G3069,train,false,false,JI,JI,Artur-J-Gvecg-P500034,train
22,Artur-J-Gvecg-P500034.s112-s115_reseg.265,Artur-J-G3069,train,false,false,JI,JI,Artur-J-Gvecg-P500034,train
11,Artur-J-Gvecg-P500034.s116-s117_reseg.266,Artur-J-G3069,train,false,false,JI,JI,Artur-J-Gvecg-P500034,train
33,Artur-J-Gvecg-P500034.s118-s122_reseg.267,Artur-J-G3069,train,false,false,JI,JI,Artur-J-Gvecg-P500034,train
95,Artur-J-Gvecg-P500064.s370-s375_reseg.480,Artur-J-G3137,train,false,false,JI,JI,Artur-J-Gvecg-P500064,train
62,Artur-J-Gvecg-P500064.s376-s383_reseg.481,Artur-J-G3137,train,false,false,JI,JI,Artur-J-Gvecg-P500064,train
53,Artur-J-Gvecg-P500064.s384-s388_reseg.482,Artur-J-G3137,train,false,false,JI,JI,Artur-J-Gvecg-P500064,train
66,Artur-J-Gvecg-P500064.s389-s398_reseg.483,Artur-J-G3137,train,false,false,JI,JI,Artur-J-Gvecg-P500064,train
35,Artur-J-Gvecg-P500064.s399-s402_reseg.484,Artur-J-G3137,train,false,false,JI,JI,Artur-J-Gvecg-P500064,train
74,Artur-J-Gvecg-P500064.s403-s407_reseg.485,Artur-J-G3137,train,false,false,JI,JI,Artur-J-Gvecg-P500064,train
33,Artur-J-Gvecg-P500064.s408-s411_reseg.486,Artur-J-G3137,train,false,false,JI,JI,Artur-J-Gvecg-P500064,train
19,Artur-J-Gvecg-P500064.s412-s413_reseg.487,Artur-J-G3137,train,false,false,JI,JI,Artur-J-Gvecg-P500064,train
14,Artur-J-Gvecg-P500064.s414-s416_reseg.488,Artur-J-G3137,train,false,false,JI,JI,Artur-J-Gvecg-P500064,train
21,Artur-J-Gvecg-P500064.s417_reseg.489,Artur-J-G3139,train,false,false,JI,JI,Artur-J-Gvecg-P500064,train
6,Artur-J-Gvecg-P500064.s417_reseg.490,Artur-J-G3139,train,false,false,JI,JI,Artur-J-Gvecg-P500064,train
5,Artur-J-Gvecg-P500064.s418_reseg.491,Artur-J-G3139,train,false,false,JI,JI,Artur-J-Gvecg-P500064,train
15,Artur-J-Gvecg-P500064.s418-s419_reseg.492,Artur-J-G3139,train,false,false,JI,JI,Artur-J-Gvecg-P500064,train
25,Artur-J-Gvecg-P500064.s420-s421_reseg.493,Artur-J-G3137,train,false,false,JI,JI,Artur-J-Gvecg-P500064,train
9,Artur-J-Gvecg-P500064.s422_reseg.494,Artur-J-G3137,train,false,false,JI,JI,Artur-J-Gvecg-P500064,train
12,Artur-J-Gvecg-P500064.s423_reseg.495,Artur-J-G3137,train,false,false,JI,JI,Artur-J-Gvecg-P500064,train
23,Artur-J-Gvecg-P500064.s424_reseg.496,Artur-J-G3137,train,false,false,JI,JI,Artur-J-Gvecg-P500064,train
30,Artur-J-Gvecg-P500064.s425-s427_reseg.497,Artur-J-G3137,train,false,false,JI,JI,Artur-J-Gvecg-P500064,train
27,Artur-J-Gvecg-P500064.s428-s430_reseg.498,Artur-J-G3137,train,false,false,JI,JI,Artur-J-Gvecg-P500064,train
12,Artur-J-Gvecg-P500064.s431_reseg.499,Artur-J-G3139,train,false,false,JI,JI,Artur-J-Gvecg-P500064,train
19,Artur-J-Gvecg-P500064.s432_reseg.500,Artur-J-G3137,train,false,false,JI,JI,Artur-J-Gvecg-P500064,train
58,Artur-J-Gvecg-P500064.s433-s436_reseg.501,Artur-J-G3137,train,false,false,JI,JI,Artur-J-Gvecg-P500064,train
50,Artur-J-Gvecg-P500064.s437-s440_reseg.502,Artur-J-G3139,train,false,false,JI,JI,Artur-J-Gvecg-P500064,train
28,Artur-J-Gvecg-P500064.s440-s442_reseg.503,Artur-J-G3139,train,false,false,JI,JI,Artur-J-Gvecg-P500064,train
33,Artur-J-Gvecg-P500064.s443-s444_reseg.504,Artur-J-G3139,train,false,false,JI,JI,Artur-J-Gvecg-P500064,train
17,Artur-J-Gvecg-P500064.s444-s445_reseg.505,Artur-J-G3139,train,false,false,JI,JI,Artur-J-Gvecg-P500064,train
22,Artur-J-Gvecg-P500064.s446-s448_reseg.506,Artur-J-G3139,train,false,false,JI,JI,Artur-J-Gvecg-P500064,train
27,Artur-J-Gvecg-P500064.s449-s450_reseg.507,Artur-J-G3139,train,false,false,JI,JI,Artur-J-Gvecg-P500064,train
8,Artur-J-Gvecg-P500064.s451_reseg.508,Artur-J-G3137,train,false,false,JI,JI,Artur-J-Gvecg-P500064,train
83,Artur-J-Gvecg-P500064.s451-s458_reseg.509,Artur-J-G3137,train,false,false,JI,JI,Artur-J-Gvecg-P500064,train
13,Artur-J-Gvecg-P500064.s459-s461_reseg.510,Artur-J-G3137,train,false,false,JI,JI,Artur-J-Gvecg-P500064,train
18,Artur-J-Gvecg-P500064.s462-s463_reseg.511,Artur-J-G3137,train,false,false,JI,JI,Artur-J-Gvecg-P500064,train
20,Artur-J-Gvecg-P500064.s464-s465_reseg.512,Artur-J-G3137,train,false,false,JI,JI,Artur-J-Gvecg-P500064,train
68,Artur-J-Gvecg-P500064.s466-s471_reseg.513,Artur-J-G3137,train,false,false,JI,JI,Artur-J-Gvecg-P500064,train
89,Artur-J-Gvecg-P500064.s472-s481_reseg.514,Artur-J-G3137,train,false,false,JI,JI,Artur-J-Gvecg-P500064,train
35,Artur-J-Gvecg-P500042.s56-s58_reseg.301,Artur-J-G3082,train,false,false,JI,JI,Artur-J-Gvecg-P500042,train
8,Artur-J-Gvecg-P500042.s58_reseg.302,Artur-J-G3082,train,false,false,JI,JI,Artur-J-Gvecg-P500042,train
63,Artur-J-Gvecg-P500042.s59-s63_reseg.303,Artur-J-G3082,train,false,false,JI,JI,Artur-J-Gvecg-P500042,train
31,Artur-J-Gvecg-P500042.s63-s66_reseg.304,Artur-J-G3082,train,false,false,JI,JI,Artur-J-Gvecg-P500042,train
111,Artur-J-Gvecg-P500042.s66-s76_reseg.305,Artur-J-G3082,train,false,false,JI,JI,Artur-J-Gvecg-P500042,train
28,Artur-J-Gvecg-P500042.s77-s81_reseg.306,Artur-J-G3082,train,false,false,JI,JI,Artur-J-Gvecg-P500042,train
8,Artur-J-Gvecg-P500042.s82-s83_reseg.307,Artur-J-G3082,train,false,false,JI,JI,Artur-J-Gvecg-P500042,train
27,Artur-J-Gvecg-P500042.s83_reseg.308,Artur-J-G3082,train,false,false,JI,JI,Artur-J-Gvecg-P500042,train
22,Artur-J-Gvecg-P500042.s83-s87_reseg.309,Artur-J-G3082,train,false,false,JI,JI,Artur-J-Gvecg-P500042,train
157,Artur-J-Gvecg-P500042.s88-s100_reseg.310,Artur-J-G3082,train,false,false,JI,JI,Artur-J-Gvecg-P500042,train
39,Artur-J-Gvecg-P500042.s100-s102_reseg.311,Artur-J-G3082,train,false,false,JI,JI,Artur-J-Gvecg-P500042,train
70,Artur-J-Gvecg-P500042.s102-s107_reseg.312,Artur-J-G3082,train,false,false,JI,JI,Artur-J-Gvecg-P500042,train
33,Artur-J-Gvecg-P500042.s108-s112_reseg.313,Artur-J-G3082,train,false,false,JI,JI,Artur-J-Gvecg-P500042,train
42,Artur-J-Gvecg-P500042.s113-s117_reseg.314,Artur-J-G3082,train,false,false,JI,JI,Artur-J-Gvecg-P500042,train
127,Artur-J-Gvecg-P500042.s118-s132_reseg.315,Artur-J-G3082,train,false,false,JI,JI,Artur-J-Gvecg-P500042,train
46,Artur-J-Gvecg-P500042.s133-s135_reseg.316,Artur-J-G3082,train,false,false,JI,JI,Artur-J-Gvecg-P500042,train
18,Artur-J-Gvecg-P500042.s135-s136_reseg.317,Artur-J-G3082,train,false,false,JI,JI,Artur-J-Gvecg-P500042,train
18,Artur-J-Gvecg-P500042.s136-s137_reseg.318,Artur-J-G3082,train,false,false,JI,JI,Artur-J-Gvecg-P500042,train
34,Artur-J-Gvecg-P500042.s138-s142_reseg.319,Artur-J-G3082,train,false,false,JI,JI,Artur-J-Gvecg-P500042,train
51,Artur-J-Gvecg-P500042.s142-s146_reseg.320,Artur-J-G3082,train,false,false,JI,JI,Artur-J-Gvecg-P500042,train
8,Artur-J-Gvecg-P500042.s147_reseg.321,Artur-J-G3082,train,false,false,JI,JI,Artur-J-Gvecg-P500042,train
31,Artur-J-Gvecg-P500042.s148-s150_reseg.322,Artur-J-G3082,train,false,false,JI,JI,Artur-J-Gvecg-P500042,train
26,Artur-J-Gvecg-P500042.s151-s152_reseg.323,Artur-J-G3082,train,false,false,JI,JI,Artur-J-Gvecg-P500042,train
47,Artur-J-Gvecg-P500042.s153-s157_reseg.324,Artur-J-G3082,train,false,false,JI,JI,Artur-J-Gvecg-P500042,train
9,Artur-N-G5053-P600052.s1_reseg.1224,Artur-N-G5053,train,false,false,NZ,NZ,Artur-N-G5053-P600052,train
17,Artur-N-G5053-P600052.s2_reseg.1225,Artur-N-G5053,train,false,false,NZ,NZ,Artur-N-G5053-P600052,train
15,Artur-N-G5053-P600052.s3_reseg.1226,Artur-N-G5053,train,false,false,NZ,NZ,Artur-N-G5053-P600052,train
2,Artur-N-G5053-P600052.s4_reseg.1227,Artur-N-G5053,train,false,false,NZ,NZ,Artur-N-G5053-P600052,train
4,Artur-N-G5053-P600052.s5_reseg.1228,Artur-N-G5053,train,false,false,NZ,NZ,Artur-N-G5053-P600052,train
3,Artur-N-G5053-P600052.s6_reseg.1229,Artur-N-G5053,train,false,false,NZ,NZ,Artur-N-G5053-P600052,train
2,Artur-N-G5053-P600052.s7_reseg.1230,Artur-N-G5053,train,false,false,NZ,NZ,Artur-N-G5053-P600052,train
17,Artur-N-G5053-P600052.s8_reseg.1231,Artur-N-G5053,train,false,false,NZ,NZ,Artur-N-G5053-P600052,train
5,Artur-N-G5053-P600052.s9_reseg.1232,Artur-N-G5053,train,false,false,NZ,NZ,Artur-N-G5053-P600052,train
2,Artur-N-G5053-P600052.s10_reseg.1233,Artur-N-G5053,train,false,false,NZ,NZ,Artur-N-G5053-P600052,train
39,Artur-N-G5053-P600052.s11-s12_reseg.1234,Artur-N-G5053,train,false,false,NZ,NZ,Artur-N-G5053-P600052,train
15,Artur-N-G5053-P600052.s13_reseg.1235,Artur-N-G5053,train,false,false,NZ,NZ,Artur-N-G5053-P600052,train
78,Artur-N-G5053-P600052.s14-s16_reseg.1236,Artur-N-G5053,train,false,false,NZ,NZ,Artur-N-G5053-P600052,train
3,Artur-N-G5053-P600052.s17_reseg.1237,Artur-N-G5053,train,false,false,NZ,NZ,Artur-N-G5053-P600052,train
9,Artur-N-G5053-P600052.s18_reseg.1238,Artur-N-G5053,train,false,false,NZ,NZ,Artur-N-G5053-P600052,train
19,Artur-N-G5053-P600052.s19_reseg.1239,Artur-N-G5053,train,false,false,NZ,NZ,Artur-N-G5053-P600052,train
12,Artur-N-G5053-P600052.s20_reseg.1240,Artur-N-G5053,train,false,false,NZ,NZ,Artur-N-G5053-P600052,train
2,Artur-N-G5053-P600052.s21_reseg.1241,Artur-N-G5053,train,false,false,NZ,NZ,Artur-N-G5053-P600052,train
3,Artur-N-G5053-P600052.s22_reseg.1242,Artur-N-G5053,train,false,false,NZ,NZ,Artur-N-G5053-P600052,train
51,Artur-N-G5053-P600052.s23-s26_reseg.1243,Artur-N-G5053,train,false,false,NZ,NZ,Artur-N-G5053-P600052,train
39,Artur-N-G5053-P600052.s27_reseg.1244,Artur-N-G5053,train,false,false,NZ,NZ,Artur-N-G5053-P600052,train
7,Artur-N-G5053-P600052.s28_reseg.1245,Artur-N-G5053,train,false,false,NZ,NZ,Artur-N-G5053-P600052,train
7,Artur-N-G5053-P600052.s29_reseg.1246,Artur-N-G5053,train,false,false,NZ,NZ,Artur-N-G5053-P600052,train
2,Artur-N-G5053-P600052.s30_reseg.1247,Artur-N-G5053,train,false,false,NZ,NZ,Artur-N-G5053-P600052,train
4,Artur-N-G5053-P600052.s31_reseg.1248,Artur-N-G5053,train,false,false,NZ,NZ,Artur-N-G5053-P600052,train
6,Artur-N-G5053-P600052.s32_reseg.1249,Artur-N-G5053,train,false,false,NZ,NZ,Artur-N-G5053-P600052,train
31,Artur-N-G5053-P600052.s32-s33_reseg.1250,Artur-N-G5053,train,false,false,NZ,NZ,Artur-N-G5053-P600052,train
7,Artur-N-G5053-P600052.s34_reseg.1251,Artur-N-G5053,train,false,false,NZ,NZ,Artur-N-G5053-P600052,train
2,Artur-N-G5053-P600052.s35_reseg.1252,Artur-N-G5053,train,false,false,NZ,NZ,Artur-N-G5053-P600052,train
10,Artur-N-G5053-P600052.s36_reseg.1253,Artur-N-G5053,train,false,false,NZ,NZ,Artur-N-G5053-P600052,train
12,Artur-N-G5053-P600052.s37-s40_reseg.1254,Artur-N-G5053,train,false,false,NZ,NZ,Artur-N-G5053-P600052,train
2,Artur-N-G5053-P600052.s41_reseg.1255,Artur-N-G5053,train,false,false,NZ,NZ,Artur-N-G5053-P600052,train
2,Artur-N-G5053-P600052.s42_reseg.1256,Artur-N-G5053,train,false,false,NZ,NZ,Artur-N-G5053-P600052,train
2,Artur-N-G5053-P600052.s43_reseg.1257,Artur-N-G5053,train,false,false,NZ,NZ,Artur-N-G5053-P600052,train
2,Artur-N-G5053-P600052.s44_reseg.1258,Artur-N-G5053,train,false,false,NZ,NZ,Artur-N-G5053-P600052,train
4,Artur-N-G5053-P600052.s45_reseg.1259,Artur-N-G5053,train,false,false,NZ,NZ,Artur-N-G5053-P600052,train
10,Artur-N-G5053-P600052.s46_reseg.1260,Artur-N-G5053,train,false,false,NZ,NZ,Artur-N-G5053-P600052,train
11,Artur-N-G5053-P600052.s47_reseg.1261,Artur-N-G5053,train,false,false,NZ,NZ,Artur-N-G5053-P600052,train
2,Artur-N-G5053-P600052.s48_reseg.1262,Artur-N-G5053,train,false,false,NZ,NZ,Artur-N-G5053-P600052,train
7,Artur-N-G5053-P600052.s49_reseg.1263,Artur-N-G5053,train,false,false,NZ,NZ,Artur-N-G5053-P600052,train
2,Artur-N-G5053-P600052.s50_reseg.1264,Artur-N-G5053,train,false,false,NZ,NZ,Artur-N-G5053-P600052,train
2,Artur-N-G5053-P600052.s51_reseg.1265,Artur-N-G5053,train,false,false,NZ,NZ,Artur-N-G5053-P600052,train
13,Artur-N-G5053-P600052.s52_reseg.1266,Artur-N-G5053,train,false,false,NZ,NZ,Artur-N-G5053-P600052,train
14,Artur-N-G5053-P600052.s53_reseg.1267,Artur-N-G5053,train,false,false,NZ,NZ,Artur-N-G5053-P600052,train
5,Artur-N-G5053-P600052.s54_reseg.1268,Artur-N-G5053,train,false,false,NZ,NZ,Artur-N-G5053-P600052,train
33,Artur-N-G5053-P600052.s55_reseg.1269,Artur-N-G5053,train,false,false,NZ,NZ,Artur-N-G5053-P600052,train
7,Artur-N-G5053-P600052.s56_reseg.1270,Artur-N-G5053,train,false,false,NZ,NZ,Artur-N-G5053-P600052,train
70,Artur-N-G5053-P600052.s57-s60_reseg.1271,Artur-N-G5053,train,false,false,NZ,NZ,Artur-N-G5053-P600052,train
60,Artur-N-G5053-P600052.s61-s64_reseg.1272,Artur-N-G5053,train,false,false,NZ,NZ,Artur-N-G5053-P600052,train
6,Artur-N-G5053-P600052.s65-s66_reseg.1273,Artur-N-G5053,train,false,false,NZ,NZ,Artur-N-G5053-P600052,train
58,Artur-N-G5053-P600052.s67-s69_reseg.1274,Artur-N-G5053,train,false,false,NZ,NZ,Artur-N-G5053-P600052,train
2,Artur-N-G5053-P600052.s70_reseg.1275,Artur-N-G5053,train,false,false,NZ,NZ,Artur-N-G5053-P600052,train
2,Artur-N-G5053-P600052.s71_reseg.1276,Artur-N-G5053,train,false,false,NZ,NZ,Artur-N-G5053-P600052,train
13,Artur-J-Gvecg-P500021.s1-s2_reseg.143,Artur-J-G3047,train,false,false,JI,JI,Artur-J-Gvecg-P500021,train
21,Artur-J-Gvecg-P500021.s2-s4_reseg.144,Artur-J-G3047,train,false,false,JI,JI,Artur-J-Gvecg-P500021,train
16,Artur-J-Gvecg-P500021.s5_reseg.145,Artur-J-G3047,train,false,false,JI,JI,Artur-J-Gvecg-P500021,train
59,Artur-J-Gvecg-P500021.s6-s9_reseg.146,Artur-J-G3047,train,false,false,JI,JI,Artur-J-Gvecg-P500021,train
2,Artur-J-Gvecg-P500021.s10_reseg.147,Artur-J-G3047,train,false,false,JI,JI,Artur-J-Gvecg-P500021,train
40,Artur-J-Gvecg-P500021.s11-s12_reseg.148,Artur-J-G3047,train,false,false,JI,JI,Artur-J-Gvecg-P500021,train
76,Artur-J-Gvecg-P500021.s13-s17_reseg.149,Artur-J-G3047,train,false,false,JI,JI,Artur-J-Gvecg-P500021,train
56,Artur-J-Gvecg-P500021.s18-s20_reseg.150,Artur-J-G3047,train,false,false,JI,JI,Artur-J-Gvecg-P500021,train
11,Artur-J-Gvecg-P500021.s21_reseg.151,Artur-J-G3047,train,false,false,JI,JI,Artur-J-Gvecg-P500021,train
41,Artur-J-Gvecg-P500021.s22-s25_reseg.152,Artur-J-G3047,train,false,false,JI,JI,Artur-J-Gvecg-P500021,train
69,Artur-J-Gvecg-P500021.s26-s31_reseg.153,Artur-J-G3047,train,false,false,JI,JI,Artur-J-Gvecg-P500021,train
28,Artur-J-Gvecg-P500021.s32_reseg.154,Artur-J-G3047,train,false,false,JI,JI,Artur-J-Gvecg-P500021,train
51,Artur-J-Gvecg-P500021.s33-s36_reseg.155,Artur-J-G3047,train,false,false,JI,JI,Artur-J-Gvecg-P500021,train
60,Artur-J-Gvecg-P500021.s37-s39_reseg.156,Artur-J-G3047,train,false,false,JI,JI,Artur-J-Gvecg-P500021,train
100,Artur-J-Gvecg-P500021.s40-s48_reseg.157,Artur-J-G3047,train,false,false,JI,JI,Artur-J-Gvecg-P500021,train
18,Artur-J-Gvecg-P500021.s49_reseg.158,Artur-J-G3047,train,false,false,JI,JI,Artur-J-Gvecg-P500021,train
12,Artur-J-Gvecg-P500021.s50_reseg.159,Artur-J-G3047,train,false,false,JI,JI,Artur-J-Gvecg-P500021,train
49,Artur-J-Gvecg-P500021.s50-s51_reseg.160,Artur-J-G3047,train,false,false,JI,JI,Artur-J-Gvecg-P500021,train
13,Artur-J-Gvecg-P500021.s52_reseg.161,Artur-J-G3047,train,false,false,JI,JI,Artur-J-Gvecg-P500021,train
7,Artur-J-Gvecg-P500021.s53_reseg.162,Artur-J-G3047,train,false,false,JI,JI,Artur-J-Gvecg-P500021,train
27,Artur-J-Gvecg-P500021.s54-s55_reseg.163,Artur-J-G3047,train,false,false,JI,JI,Artur-J-Gvecg-P500021,train
56,Artur-J-Gvecg-P500021.s56-s58_reseg.164,Artur-J-G3047,train,false,false,JI,JI,Artur-J-Gvecg-P500021,train
66,Artur-J-Gvecg-P500021.s59-s63_reseg.165,Artur-J-G3047,train,false,false,JI,JI,Artur-J-Gvecg-P500021,train
33,Artur-J-Gvecg-P500021.s64_reseg.166,Artur-J-G3047,train,false,false,JI,JI,Artur-J-Gvecg-P500021,train
34,Artur-J-Gvecg-P500021.s65-s66_reseg.167,Artur-J-G3047,train,false,false,JI,JI,Artur-J-Gvecg-P500021,train
7,Artur-J-Gvecg-P500021.s67_reseg.168,Artur-J-G3047,train,false,false,JI,JI,Artur-J-Gvecg-P500021,train
76,Artur-J-Gvecg-P500021.s68-s72_reseg.169,Artur-J-G3047,train,false,false,JI,JI,Artur-J-Gvecg-P500021,train
31,Artur-N-G6112-P611202.s1-s2_reseg.1702,Artur-N-G6112,train,false,false,NZ,NZ,Artur-N-G6112-P611202,train
37,Artur-N-G6112-P611202.s2-s6_reseg.1703,Artur-N-G6112,train,false,false,NZ,NZ,Artur-N-G6112-P611202,train
26,Artur-N-G6112-P611202.s7-s8_reseg.1704,Artur-N-G6112,train,false,false,NZ,NZ,Artur-N-G6112-P611202,train
67,Artur-N-G6112-P611202.s9-s12_reseg.1705,Artur-N-G6112,train,false,false,NZ,NZ,Artur-N-G6112-P611202,train
48,Artur-N-G6112-P611202.s13-s16_reseg.1706,Artur-N-G6112,train,false,false,NZ,NZ,Artur-N-G6112-P611202,train
37,Artur-N-G6112-P611202.s17-s20_reseg.1707,Artur-N-G6112,train,false,false,NZ,NZ,Artur-N-G6112-P611202,train
30,Artur-N-G6112-P611202.s20-s22_reseg.1708,Artur-N-G6112,train,false,false,NZ,NZ,Artur-N-G6112-P611202,train
20,Artur-N-G6112-P611202.s23-s24_reseg.1709,Artur-N-G6112,train,false,false,NZ,NZ,Artur-N-G6112-P611202,train
11,Artur-N-G6112-P611202.s25-s26_reseg.1710,Artur-N-G6112,train,false,false,NZ,NZ,Artur-N-G6112-P611202,train
13,Artur-N-G6112-P611202.s27_reseg.1711,Artur-N-G6112,train,false,false,NZ,NZ,Artur-N-G6112-P611202,train
31,Artur-N-G6112-P611202.s28-s31_reseg.1712,Artur-N-G6112,train,false,false,NZ,NZ,Artur-N-G6112-P611202,train
47,Artur-N-G6112-P611202.s32-s34_reseg.1713,Artur-N-G6112,train,false,false,NZ,NZ,Artur-N-G6112-P611202,train
18,Artur-N-G6112-P611202.s34-s36_reseg.1714,Artur-N-G6112,train,false,false,NZ,NZ,Artur-N-G6112-P611202,train
17,Artur-N-G6112-P611202.s37-s38_reseg.1715,Artur-N-G6112,train,false,false,NZ,NZ,Artur-N-G6112-P611202,train
12,Artur-N-G6112-P611202.s38_reseg.1716,Artur-N-G6112,train,false,false,NZ,NZ,Artur-N-G6112-P611202,train
17,Artur-N-G6112-P611202.s38-s39_reseg.1717,Artur-N-G6112,train,false,false,NZ,NZ,Artur-N-G6112-P611202,train
35,Artur-N-G6112-P611202.s40-s43_reseg.1718,Artur-N-G6112,train,false,false,NZ,NZ,Artur-N-G6112-P611202,train
24,Artur-N-G6112-P611202.s44-s46_reseg.1719,Artur-N-G6112,train,false,false,NZ,NZ,Artur-N-G6112-P611202,train
31,Artur-N-G6112-P611202.s47-s48_reseg.1720,Artur-N-G6112,train,false,false,NZ,NZ,Artur-N-G6112-P611202,train
34,Artur-N-G6112-P611202.s49-s52_reseg.1721,Artur-N-G6112,train,false,false,NZ,NZ,Artur-N-G6112-P611202,train
49,Artur-N-G6112-P611202.s52-s54_reseg.1722,Artur-N-G6112,train,false,false,NZ,NZ,Artur-N-G6112-P611202,train
27,Artur-N-G6112-P611202.s55-s58_reseg.1723,Artur-N-G6112,train,false,false,NZ,NZ,Artur-N-G6112-P611202,train
20,Artur-N-G6112-P611202.s59-s63_reseg.1724,Artur-N-G6112,train,false,false,NZ,NZ,Artur-N-G6112-P611202,train
9,Artur-N-G6112-P611202.s64_reseg.1725,Artur-N-G6112,train,false,false,NZ,NZ,Artur-N-G6112-P611202,train
7,Artur-N-G6112-P611202.s65_reseg.1726,Artur-N-G6112,train,false,false,NZ,NZ,Artur-N-G6112-P611202,train
15,Artur-N-G6112-P611202.s65_reseg.1727,Artur-N-G6112,train,false,false,NZ,NZ,Artur-N-G6112-P611202,train
13,Artur-N-G6112-P611202.s65_reseg.1728,Artur-N-G6112,train,false,false,NZ,NZ,Artur-N-G6112-P611202,train
19,Artur-N-G6112-P611202.s66-s67_reseg.1729,Artur-N-G6112,train,false,false,NZ,NZ,Artur-N-G6112-P611202,train
17,Artur-N-G6112-P611202.s68-s70_reseg.1730,Artur-N-G6112,train,false,false,NZ,NZ,Artur-N-G6112-P611202,train
13,Artur-N-G6112-P611202.s71-s72_reseg.1731,Artur-N-G6112,train,false,false,NZ,NZ,Artur-N-G6112-P611202,train
42,Artur-N-G6112-P611202.s73-s81_reseg.1732,Artur-N-G6112,train,false,false,NZ,NZ,Artur-N-G6112-P611202,train
21,Artur-N-G6112-P611202.s82-s84_reseg.1733,Artur-N-G6112,train,false,false,NZ,NZ,Artur-N-G6112-P611202,train
9,Artur-N-G6112-P611202.s85_reseg.1734,Artur-N-G6112,train,false,false,NZ,NZ,Artur-N-G6112-P611202,train
11,Artur-N-G6112-P611202.s86_reseg.1735,Artur-N-G6112,train,false,false,NZ,NZ,Artur-N-G6112-P611202,train
13,Artur-N-G6112-P611202.s87-s88_reseg.1736,Artur-N-G6112,train,false,false,NZ,NZ,Artur-N-G6112-P611202,train
12,Artur-P-G7002-P700444.s1-s2_reseg.1824,Artur-P-G7002,train,false,false,JI,JI,Artur-P-G7002-P700444,test
6,Artur-P-G7002-P700444.s3_reseg.1825,Artur-P-G7002,train,false,false,JI,JI,Artur-P-G7002-P700444,test
55,Artur-P-G7002-P700444.s4-s9_reseg.1826,Artur-P-G7002,train,false,false,JI,JI,Artur-P-G7002-P700444,test
11,Artur-P-G7002-P700444.s10_reseg.1827,Artur-P-G7002,train,false,false,JI,JI,Artur-P-G7002-P700444,test
31,Artur-P-G7002-P700444.s11-s16_reseg.1828,Artur-P-G7002,train,false,false,JI,JI,Artur-P-G7002-P700444,test
46,Artur-P-G7002-P700444.s17-s22_reseg.1829,Artur-P-G7002,train,false,false,JI,JI,Artur-P-G7002-P700444,test
17,Artur-P-G7002-P700444.s23-s24_reseg.1830,Artur-P-G7002,train,false,false,JI,JI,Artur-P-G7002-P700444,test
7,Artur-P-G7002-P700444.s25_reseg.1831,Artur-P-G7002,train,false,false,JI,JI,Artur-P-G7002-P700444,test
27,Artur-P-G7002-P700444.s26-s27_reseg.1832,Artur-P-G7002,train,false,false,JI,JI,Artur-P-G7002-P700444,test
64,Artur-P-G7002-P700444.s28-s37_reseg.1833,Artur-P-G7002,train,false,false,JI,JI,Artur-P-G7002-P700444,test
21,Artur-P-G7002-P700444.s38-s40_reseg.1834,Artur-P-G7002,train,false,false,JI,JI,Artur-P-G7002-P700444,test
11,Artur-P-G7002-P700444.s41-s42_reseg.1835,Artur-P-G7002,train,false,false,JI,JI,Artur-P-G7002-P700444,test
21,Artur-P-G7002-P700444.s43-s44_reseg.1836,Artur-P-G7002,train,false,false,JI,JI,Artur-P-G7002-P700444,test
23,Artur-P-G7002-P700444.s45-s46_reseg.1837,Artur-P-G7002,train,false,false,JI,JI,Artur-P-G7002-P700444,test
21,Artur-P-G7002-P700444.s47_reseg.1838,Artur-P-G7002,train,false,false,JI,JI,Artur-P-G7002-P700444,test
25,Artur-P-G7002-P700444.s48-s51_reseg.1839,Artur-P-G7002,train,false,false,JI,JI,Artur-P-G7002-P700444,test
23,Artur-P-G7002-P700444.s52-s54_reseg.1840,Artur-P-G7002,train,false,false,JI,JI,Artur-P-G7002-P700444,test
11,Artur-P-G7002-P700444.s54_reseg.1841,Artur-P-G7002,train,false,false,JI,JI,Artur-P-G7002-P700444,test
9,Artur-P-G7002-P700444.s55-s56_reseg.1842,Artur-P-G7002,train,false,false,JI,JI,Artur-P-G7002-P700444,test
20,Artur-P-G7002-P700444.s57-s58_reseg.1843,Artur-P-G7002,train,false,false,JI,JI,Artur-P-G7002-P700444,test
15,Artur-P-G7002-P700444.s59-s60_reseg.1844,Artur-P-G7002,train,false,false,JI,JI,Artur-P-G7002-P700444,test
25,Artur-P-G7002-P700444.s61-s64_reseg.1845,Artur-P-G7002,train,false,false,JI,JI,Artur-P-G7002-P700444,test
20,Artur-P-G7002-P700444.s65-s67_reseg.1846,Artur-P-G7002,train,false,false,JI,JI,Artur-P-G7002-P700444,test
35,Artur-P-G7002-P700444.s68-s72_reseg.1847,Artur-P-G7002,train,false,false,JI,JI,Artur-P-G7002-P700444,test
22,Artur-P-G7002-P700444.s73_reseg.1848,Artur-P-G7002,train,false,false,JI,JI,Artur-P-G7002-P700444,test
36,Artur-P-G7002-P700444.s74-s78_reseg.1849,Artur-P-G7002,train,false,false,JI,JI,Artur-P-G7002-P700444,test
27,Artur-P-G7002-P700444.s79-s82_reseg.1850,Artur-P-G7002,train,false,false,JI,JI,Artur-P-G7002-P700444,test
23,Artur-P-G7002-P700444.s83-s86_reseg.1851,Artur-P-G7002,train,false,false,JI,JI,Artur-P-G7002-P700444,test
55,Artur-P-G7002-P700444.s87-s93_reseg.1852,Artur-P-G7002,train,false,false,JI,JI,Artur-P-G7002-P700444,test
32,Artur-P-G7002-P700444.s93-s96_reseg.1853,Artur-P-G7002,train,false,false,JI,JI,Artur-P-G7002-P700444,test
16,Artur-P-G7002-P700444.s97-s98_reseg.1854,Artur-P-G7002,train,false,false,JI,JI,Artur-P-G7002-P700444,test
23,Artur-P-G7002-P700444.s99-s101_reseg.1855,Artur-P-G7002,train,false,false,JI,JI,Artur-P-G7002-P700444,test
9,Artur-P-G7002-P700444.s102_reseg.1856,Artur-P-G7002,train,false,false,JI,JI,Artur-P-G7002-P700444,test
20,Artur-P-G7002-P700444.s103-s104_reseg.1857,Artur-P-G7002,train,false,false,JI,JI,Artur-P-G7002-P700444,test
8,Artur-J-Gvecg-P500001.s684-s685_reseg.1,Artur-J-G3003,train,false,false,JI,JI,Artur-J-Gvecg-P500001,dev
10,Artur-J-Gvecg-P500001.s686-s687_reseg.2,Artur-J-G3003,train,false,false,JI,JI,Artur-J-Gvecg-P500001,dev
15,Artur-J-Gvecg-P500001.s688_reseg.3,Artur-J-G3003,train,false,false,JI,JI,Artur-J-Gvecg-P500001,dev
83,Artur-J-Gvecg-P500001.s689-s697_reseg.4,Artur-J-G3003,train,false,false,JI,JI,Artur-J-Gvecg-P500001,dev
13,Artur-J-Gvecg-P500001.s698_reseg.5,Artur-J-G3003,train,false,false,JI,JI,Artur-J-Gvecg-P500001,dev
34,Artur-J-Gvecg-P500001.s699-s705_reseg.6,Artur-J-G3003,train,false,false,JI,JI,Artur-J-Gvecg-P500001,dev
10,Artur-J-Gvecg-P500001.s706_reseg.7,Artur-J-G3003,train,false,false,JI,JI,Artur-J-Gvecg-P500001,dev
6,Artur-J-Gvecg-P500001.s707-s709_reseg.8,Artur-J-G3003,train,false,false,JI,JI,Artur-J-Gvecg-P500001,dev
4,Artur-J-Gvecg-P500001.s710-s711_reseg.9,Artur-J-G3003,train,false,false,JI,JI,Artur-J-Gvecg-P500001,dev
2,Artur-J-Gvecg-P500001.s712_reseg.10,Artur-J-G3003,train,false,false,JI,JI,Artur-J-Gvecg-P500001,dev
2,Artur-J-Gvecg-P500001.s713_reseg.11,Artur-J-G3003,train,false,false,JI,JI,Artur-J-Gvecg-P500001,dev
4,Artur-J-Gvecg-P500001.s714_reseg.12,Artur-J-G3003,train,false,false,JI,JI,Artur-J-Gvecg-P500001,dev
14,Artur-J-Gvecg-P500001.s715_reseg.13,Artur-J-G3003,train,false,false,JI,JI,Artur-J-Gvecg-P500001,dev
17,Artur-J-Gvecg-P500001.s716-s717_reseg.14,Artur-J-G3003,train,false,false,JI,JI,Artur-J-Gvecg-P500001,dev
33,Artur-J-Gvecg-P500001.s718-s724_reseg.15,Artur-J-G3003,train,false,false,JI,JI,Artur-J-Gvecg-P500001,dev
55,Artur-J-Gvecg-P500001.s725-s734_reseg.16,Artur-J-G3003,train,false,false,JI,JI,Artur-J-Gvecg-P500001,dev
16,Artur-J-Gvecg-P500001.s735-s736_reseg.17,Artur-J-G3003,train,false,false,JI,JI,Artur-J-Gvecg-P500001,dev
23,Artur-J-Gvecg-P500001.s737-s741_reseg.18,Artur-J-G3003,train,false,false,JI,JI,Artur-J-Gvecg-P500001,dev
27,Artur-J-Gvecg-P500001.s742-s745_reseg.19,Artur-J-G3003,train,false,false,JI,JI,Artur-J-Gvecg-P500001,dev
10,Artur-J-Gvecg-P500001.s746-s747_reseg.20,Artur-J-G3003,train,false,false,JI,JI,Artur-J-Gvecg-P500001,dev
44,Artur-J-Gvecg-P500001.s748-s753_reseg.21,Artur-J-G3003,train,false,false,JI,JI,Artur-J-Gvecg-P500001,dev
33,Artur-J-Gvecg-P500001.s754-s757_reseg.22,Artur-J-G3003,train,false,false,JI,JI,Artur-J-Gvecg-P500001,dev
27,Artur-J-Gvecg-P500001.s757-s761_reseg.23,Artur-J-G3003,train,false,false,JI,JI,Artur-J-Gvecg-P500001,dev
8,Artur-J-Gvecg-P500001.s762-s763_reseg.24,Artur-J-G3003,train,false,false,JI,JI,Artur-J-Gvecg-P500001,dev
52,Artur-J-Gvecg-P500001.s764-s772_reseg.25,Artur-J-G3003,train,false,false,JI,JI,Artur-J-Gvecg-P500001,dev
41,Artur-J-Gvecg-P500001.s773-s776_reseg.26,Artur-J-G3003,train,false,false,JI,JI,Artur-J-Gvecg-P500001,dev
42,Artur-J-Gvecg-P500001.s777-s782_reseg.27,Artur-J-G3003,train,false,false,JI,JI,Artur-J-Gvecg-P500001,dev
62,Artur-J-Gvecg-P500001.s783-s789_reseg.28,Artur-J-G3003,train,false,false,JI,JI,Artur-J-Gvecg-P500001,dev
18,Artur-J-Gvecg-P500001.s790-s791_reseg.29,Artur-J-G3003,train,false,false,JI,JI,Artur-J-Gvecg-P500001,dev
29,Artur-J-Gvecg-P500001.s792-s797_reseg.30,Artur-J-G3003,train,false,false,JI,JI,Artur-J-Gvecg-P500001,dev
24,Artur-J-Gvecg-P500001.s797-s802_reseg.31,Artur-J-G3003,train,false,false,JI,JI,Artur-J-Gvecg-P500001,dev
6,Artur-J-Gvecg-P500001.s803_reseg.32,Artur-J-G3003,train,false,false,JI,JI,Artur-J-Gvecg-P500001,dev
58,Artur-J-Gvecg-P500001.s804-s815_reseg.33,Artur-J-G3003,train,false,false,JI,JI,Artur-J-Gvecg-P500001,dev
29,Artur-J-Gvecg-P500001.s816-s819_reseg.34,Artur-J-G3003,train,false,false,JI,JI,Artur-J-Gvecg-P500001,dev
41,Artur-J-Gvecg-P500001.s820-s825_reseg.35,Artur-J-G3003,train,false,false,JI,JI,Artur-J-Gvecg-P500001,dev
24,Artur-J-Gvecg-P500001.s826-s827_reseg.36,Artur-J-G3003,train,false,false,JI,JI,Artur-J-Gvecg-P500001,dev
43,Artur-J-Gvecg-P500001.s828-s831_reseg.37,Artur-J-G3003,train,false,false,JI,JI,Artur-J-Gvecg-P500001,dev
7,Artur-J-Gvecg-P500037.s1_reseg.268,Artur-J-G3070,train,false,false,JI,JI,Artur-J-Gvecg-P500037,dev
59,Artur-J-Gvecg-P500037.s2-s8_reseg.269,Artur-J-G3070,train,false,false,JI,JI,Artur-J-Gvecg-P500037,dev
23,Artur-J-Gvecg-P500037.s9_reseg.270,Artur-J-G3070,train,false,false,JI,JI,Artur-J-Gvecg-P500037,dev
18,Artur-J-Gvecg-P500037.s10-s12_reseg.271,Artur-J-G3070,train,false,false,JI,JI,Artur-J-Gvecg-P500037,dev
21,Artur-J-Gvecg-P500037.s13-s14_reseg.272,Artur-J-G3070,train,false,false,JI,JI,Artur-J-Gvecg-P500037,dev
74,Artur-J-Gvecg-P500037.s15-s23_reseg.273,Artur-J-G3070,train,false,false,JI,JI,Artur-J-Gvecg-P500037,dev
14,Artur-J-Gvecg-P500037.s24-s25_reseg.274,Artur-J-G3070,train,false,false,JI,JI,Artur-J-Gvecg-P500037,dev
25,Artur-J-Gvecg-P500037.s26-s27_reseg.275,Artur-J-G3070,train,false,false,JI,JI,Artur-J-Gvecg-P500037,dev
13,Artur-J-Gvecg-P500037.s28-s30_reseg.276,Artur-J-G3070,train,false,false,JI,JI,Artur-J-Gvecg-P500037,dev
33,Artur-J-Gvecg-P500037.s31-s38_reseg.277,Artur-J-G3070,train,false,false,JI,JI,Artur-J-Gvecg-P500037,dev
54,Artur-J-Gvecg-P500037.s39-s46_reseg.278,Artur-J-G3070,train,false,false,JI,JI,Artur-J-Gvecg-P500037,dev
15,Artur-J-Gvecg-P500037.s47-s48_reseg.279,Artur-J-G3070,train,false,false,JI,JI,Artur-J-Gvecg-P500037,dev
34,Artur-J-Gvecg-P500037.s49-s54_reseg.280,Artur-J-G3070,train,false,false,JI,JI,Artur-J-Gvecg-P500037,dev
14,Artur-J-Gvecg-P500037.s55-s56_reseg.281,Artur-J-G3070,train,false,false,JI,JI,Artur-J-Gvecg-P500037,dev
74,Artur-J-Gvecg-P500037.s57-s66_reseg.282,Artur-J-G3070,train,false,false,JI,JI,Artur-J-Gvecg-P500037,dev
11,Artur-J-Gvecg-P500037.s67_reseg.283,Artur-J-G3070,train,false,false,JI,JI,Artur-J-Gvecg-P500037,dev
14,Artur-J-Gvecg-P500037.s68-s69_reseg.284,Artur-J-G3070,train,false,false,JI,JI,Artur-J-Gvecg-P500037,dev
27,Artur-J-Gvecg-P500037.s70-s73_reseg.285,Artur-J-G3070,train,false,false,JI,JI,Artur-J-Gvecg-P500037,dev
9,Artur-J-Gvecg-P500037.s74-s75_reseg.286,Artur-J-G3070,train,false,false,JI,JI,Artur-J-Gvecg-P500037,dev
28,Artur-J-Gvecg-P500037.s76-s79_reseg.287,Artur-J-G3070,train,false,false,JI,JI,Artur-J-Gvecg-P500037,dev
7,Artur-J-Gvecg-P500037.s79_reseg.288,Artur-J-G3070,train,false,false,JI,JI,Artur-J-Gvecg-P500037,dev
34,Artur-J-Gvecg-P500037.s80-s83_reseg.289,Artur-J-G3070,train,false,false,JI,JI,Artur-J-Gvecg-P500037,dev
20,Artur-J-Gvecg-P500037.s84-s86_reseg.290,Artur-J-G3070,train,false,false,JI,JI,Artur-J-Gvecg-P500037,dev
24,Artur-J-Gvecg-P500037.s87-s89_reseg.291,Artur-J-G3070,train,false,false,JI,JI,Artur-J-Gvecg-P500037,dev
23,Artur-J-Gvecg-P500037.s90-s93_reseg.292,Artur-J-G3070,train,false,false,JI,JI,Artur-J-Gvecg-P500037,dev
52,Artur-J-Gvecg-P500037.s94-s100_reseg.293,Artur-J-G3070,train,false,false,JI,JI,Artur-J-Gvecg-P500037,dev
46,Artur-J-Gvecg-P500037.s101-s105_reseg.294,Artur-J-G3070,train,false,false,JI,JI,Artur-J-Gvecg-P500037,dev
29,Artur-J-Gvecg-P500037.s106-s110_reseg.295,Artur-J-G3070,train,false,false,JI,JI,Artur-J-Gvecg-P500037,dev
19,Artur-J-Gvecg-P500037.s111-s116_reseg.296,Artur-J-G3070,train,false,false,JI,JI,Artur-J-Gvecg-P500037,dev
57,Artur-J-Gvecg-P500037.s117-s125_reseg.297,Artur-J-G3070,train,false,false,JI,JI,Artur-J-Gvecg-P500037,dev
50,Artur-J-Gvecg-P500037.s126-s132_reseg.298,Artur-J-G3070,train,false,false,JI,JI,Artur-J-Gvecg-P500037,dev
13,Artur-J-Gvecg-P500037.s133-s134_reseg.299,Artur-J-G3070,train,false,false,JI,JI,Artur-J-Gvecg-P500037,dev
40,Artur-J-Gvecg-P500037.s135-s141_reseg.300,Artur-J-G3070,train,false,false,JI,JI,Artur-J-Gvecg-P500037,dev
3,Artur-P-G7155-P700259.s1_reseg.1932,Artur-P-G7155,train,false,false,JI,JI,Artur-P-G7155-P700259,test
434,Artur-P-G7155-P700259.s2-s71_reseg.1933,Artur-P-G7155,train,false,false,JI,JI,Artur-P-G7155-P700259,test
379,Artur-P-G7155-P700259.s71-s125_reseg.1934,Artur-P-G7155,train,false,false,JI,JI,Artur-P-G7155-P700259,test
52,Artur-N-G6103-P610302.s1-s3_reseg.1677,Artur-N-G6103,train,false,false,NZ,NZ,Artur-N-G6103-P610302,train
39,Artur-N-G6103-P610302.s4-s6_reseg.1678,Artur-N-G6103,train,false,false,NZ,NZ,Artur-N-G6103-P610302,train
21,Artur-N-G6103-P610302.s7-s8_reseg.1679,Artur-N-G6103,train,false,false,NZ,NZ,Artur-N-G6103-P610302,train
74,Artur-N-G6103-P610302.s9-s21_reseg.1680,Artur-N-G6103,train,false,false,NZ,NZ,Artur-N-G6103-P610302,train
48,Artur-N-G6103-P610302.s22-s26_reseg.1681,Artur-N-G6103,train,false,false,NZ,NZ,Artur-N-G6103-P610302,train
20,Artur-N-G6103-P610302.s27-s28_reseg.1682,Artur-N-G6103,train,false,false,NZ,NZ,Artur-N-G6103-P610302,train
38,Artur-N-G6103-P610302.s29-s31_reseg.1683,Artur-N-G6103,train,false,false,NZ,NZ,Artur-N-G6103-P610302,train
37,Artur-N-G6103-P610302.s32-s35_reseg.1684,Artur-N-G6103,train,false,false,NZ,NZ,Artur-N-G6103-P610302,train
34,Artur-N-G6103-P610302.s36-s39_reseg.1685,Artur-N-G6103,train,false,false,NZ,NZ,Artur-N-G6103-P610302,train
30,Artur-N-G6103-P610302.s40-s42_reseg.1686,Artur-N-G6103,train,false,false,NZ,NZ,Artur-N-G6103-P610302,train
45,Artur-N-G6103-P610302.s43-s46_reseg.1687,Artur-N-G6103,train,false,false,NZ,NZ,Artur-N-G6103-P610302,train
30,Artur-N-G6103-P610302.s47-s48_reseg.1688,Artur-N-G6103,train,false,false,NZ,NZ,Artur-N-G6103-P610302,train
49,Artur-N-G6103-P610302.s49-s52_reseg.1689,Artur-N-G6103,train,false,false,NZ,NZ,Artur-N-G6103-P610302,train
60,Artur-N-G6103-P610302.s53-s58_reseg.1690,Artur-N-G6103,train,false,false,NZ,NZ,Artur-N-G6103-P610302,train
38,Artur-N-G6103-P610302.s59-s61_reseg.1691,Artur-N-G6103,train,false,false,NZ,NZ,Artur-N-G6103-P610302,train
27,Artur-N-G6103-P610302.s61-s62_reseg.1692,Artur-N-G6103,train,false,false,NZ,NZ,Artur-N-G6103-P610302,train
16,Artur-N-G6103-P610302.s63-s65_reseg.1693,Artur-N-G6103,train,false,false,NZ,NZ,Artur-N-G6103-P610302,train
62,Artur-N-G6103-P610302.s66-s71_reseg.1694,Artur-N-G6103,train,false,false,NZ,NZ,Artur-N-G6103-P610302,train
16,Artur-N-G6103-P610302.s72_reseg.1695,Artur-N-G6103,train,false,false,NZ,NZ,Artur-N-G6103-P610302,train
33,Artur-N-G6103-P610302.s73_reseg.1696,Artur-N-G6103,train,false,false,NZ,NZ,Artur-N-G6103-P610302,train
53,Artur-N-G6103-P610302.s74-s80_reseg.1697,Artur-N-G6103,train,false,false,NZ,NZ,Artur-N-G6103-P610302,train
29,Artur-N-G6103-P610302.s81-s82_reseg.1698,Artur-N-G6103,train,false,false,NZ,NZ,Artur-N-G6103-P610302,train
23,Artur-N-G6103-P610302.s83-s84_reseg.1699,Artur-N-G6103,train,false,false,NZ,NZ,Artur-N-G6103-P610302,train
21,Artur-N-G6103-P610302.s85_reseg.1700,Artur-N-G6103,train,false,false,NZ,NZ,Artur-N-G6103-P610302,train
36,Artur-N-G6103-P610302.s86-s88_reseg.1701,Artur-N-G6103,train,false,false,NZ,NZ,Artur-N-G6103-P610302,train
15,Artur-N-G6043-P604301.s1-s3_reseg.1503,Artur-N-G6043,train,false,false,NZ,NZ,Artur-N-G6043-P604301,train
5,Artur-N-G6043-P604301.s4_reseg.1504,Artur-N-G6043,train,false,false,NZ,NZ,Artur-N-G6043-P604301,train
63,Artur-N-G6043-P604301.s4-s12_reseg.1505,Artur-N-G6043,train,false,false,NZ,NZ,Artur-N-G6043-P604301,train
71,Artur-N-G6043-P604301.s13-s17_reseg.1506,Artur-N-G6043,train,false,false,NZ,NZ,Artur-N-G6043-P604301,train
43,Artur-N-G6043-P604301.s17-s21_reseg.1507,Artur-N-G6043,train,false,false,NZ,NZ,Artur-N-G6043-P604301,train
8,Artur-N-G6043-P604301.s22_reseg.1508,Artur-N-G6043,train,false,false,NZ,NZ,Artur-N-G6043-P604301,train
53,Artur-N-G6043-P604301.s23-s28_reseg.1509,Artur-N-G6043,train,false,false,NZ,NZ,Artur-N-G6043-P604301,train
32,Artur-N-G6043-P604301.s29-s31_reseg.1510,Artur-N-G6043,train,false,false,NZ,NZ,Artur-N-G6043-P604301,train
18,Artur-N-G6043-P604301.s32-s33_reseg.1511,Artur-N-G6043,train,false,false,NZ,NZ,Artur-N-G6043-P604301,train
8,Artur-N-G6043-P604301.s34_reseg.1512,Artur-N-G6043,train,false,false,NZ,NZ,Artur-N-G6043-P604301,train
11,Artur-N-G6043-P604301.s35_reseg.1513,Artur-N-G6043,train,false,false,NZ,NZ,Artur-N-G6043-P604301,train
13,Artur-N-G6043-P604301.s36_reseg.1514,Artur-N-G6043,train,false,false,NZ,NZ,Artur-N-G6043-P604301,train
7,Artur-N-G6043-P604301.s37_reseg.1515,Artur-N-G6043,train,false,false,NZ,NZ,Artur-N-G6043-P604301,train
3,Artur-N-G6043-P604301.s38_reseg.1516,Artur-N-G6043,train,false,false,NZ,NZ,Artur-N-G6043-P604301,train
48,Artur-N-G6043-P604301.s39-s45_reseg.1517,Artur-N-G6043,train,false,false,NZ,NZ,Artur-N-G6043-P604301,train
14,Artur-N-G6043-P604301.s46_reseg.1518,Artur-N-G6043,train,false,false,NZ,NZ,Artur-N-G6043-P604301,train
16,Artur-N-G6043-P604301.s47-s48_reseg.1519,Artur-N-G6043,train,false,false,NZ,NZ,Artur-N-G6043-P604301,train
17,Artur-N-G6043-P604301.s49-s52_reseg.1520,Artur-N-G6043,train,false,false,NZ,NZ,Artur-N-G6043-P604301,train
7,Artur-N-G6043-P604301.s53_reseg.1521,Artur-N-G6043,train,false,false,NZ,NZ,Artur-N-G6043-P604301,train
6,Artur-N-G6043-P604301.s54_reseg.1522,Artur-N-G6043,train,false,false,NZ,NZ,Artur-N-G6043-P604301,train
46,Artur-N-G6043-P604301.s55-s57_reseg.1523,Artur-N-G6043,train,false,false,NZ,NZ,Artur-N-G6043-P604301,train
30,Artur-N-G6043-P604301.s57-s60_reseg.1524,Artur-N-G6043,train,false,false,NZ,NZ,Artur-N-G6043-P604301,train
34,Artur-N-G6043-P604301.s60-s62_reseg.1525,Artur-N-G6043,train,false,false,NZ,NZ,Artur-N-G6043-P604301,train
5,Artur-N-G6043-P604301.s63_reseg.1526,Artur-N-G6043,train,false,false,NZ,NZ,Artur-N-G6043-P604301,train
24,Artur-N-G6043-P604301.s64-s65_reseg.1527,Artur-N-G6043,train,false,false,NZ,NZ,Artur-N-G6043-P604301,train
4,Artur-N-G6043-P604301.s66_reseg.1528,Artur-N-G6043,train,false,false,NZ,NZ,Artur-N-G6043-P604301,train
6,Artur-N-G6043-P604301.s67_reseg.1529,Artur-N-G6043,train,false,false,NZ,NZ,Artur-N-G6043-P604301,train
27,Artur-N-G6043-P604301.s67-s68_reseg.1530,Artur-N-G6043,train,false,false,NZ,NZ,Artur-N-G6043-P604301,train
10,Artur-N-G6043-P604301.s69-s70_reseg.1531,Artur-N-G6043,train,false,false,NZ,NZ,Artur-N-G6043-P604301,train
35,Artur-N-G6043-P604301.s71-s76_reseg.1532,Artur-N-G6043,train,false,false,NZ,NZ,Artur-N-G6043-P604301,train
38,Artur-N-G6043-P604301.s77-s80_reseg.1533,Artur-N-G6043,train,false,false,NZ,NZ,Artur-N-G6043-P604301,train
13,Artur-N-G6043-P604301.s81-s82_reseg.1534,Artur-N-G6043,train,false,false,NZ,NZ,Artur-N-G6043-P604301,train
14,Artur-N-G6043-P604301.s82-s83_reseg.1535,Artur-N-G6043,train,false,false,NZ,NZ,Artur-N-G6043-P604301,train
25,Artur-N-G6043-P604301.s83-s85_reseg.1536,Artur-N-G6043,train,false,false,NZ,NZ,Artur-N-G6043-P604301,train
25,Artur-N-G6043-P604301.s86-s88_reseg.1537,Artur-N-G6043,train,false,false,NZ,NZ,Artur-N-G6043-P604301,train
2,Artur-N-G6043-P604301.s89_reseg.1538,Artur-N-G6043,train,false,false,NZ,NZ,Artur-N-G6043-P604301,train
3,Artur-N-G6043-P604301.s90_reseg.1539,Artur-N-G6043,train,false,false,NZ,NZ,Artur-N-G6043-P604301,train
20,Artur-N-G6043-P604301.s90-s92_reseg.1540,Artur-N-G6043,train,false,false,NZ,NZ,Artur-N-G6043-P604301,train
20,Artur-N-G6043-P604301.s92-s96_reseg.1541,Artur-N-G6043,train,false,false,NZ,NZ,Artur-N-G6043-P604301,train
83,Artur-N-G6043-P604301.s96-s103_reseg.1542,Artur-N-G6043,train,false,false,NZ,NZ,Artur-N-G6043-P604301,train
28,Artur-N-G6031-P603102.s1-s4_reseg.1477,Artur-N-G6031,train,false,false,NZ,NZ,Artur-N-G6031-P603102,train
25,Artur-N-G6031-P603102.s5-s7_reseg.1478,Artur-N-G6031,train,false,false,NZ,NZ,Artur-N-G6031-P603102,train
33,Artur-N-G6031-P603102.s8-s10_reseg.1479,Artur-N-G6031,train,false,false,NZ,NZ,Artur-N-G6031-P603102,train
18,Artur-N-G6031-P603102.s11-s13_reseg.1480,Artur-N-G6031,train,false,false,NZ,NZ,Artur-N-G6031-P603102,train
18,Artur-N-G6031-P603102.s14-s15_reseg.1481,Artur-N-G6031,train,false,false,NZ,NZ,Artur-N-G6031-P603102,train
37,Artur-N-G6031-P603102.s16-s19_reseg.1482,Artur-N-G6031,train,false,false,NZ,NZ,Artur-N-G6031-P603102,train
35,Artur-N-G6031-P603102.s20-s23_reseg.1483,Artur-N-G6031,train,false,false,NZ,NZ,Artur-N-G6031-P603102,train
16,Artur-N-G6031-P603102.s24_reseg.1484,Artur-N-G6031,train,false,false,NZ,NZ,Artur-N-G6031-P603102,train
13,Artur-N-G6031-P603102.s25-s26_reseg.1485,Artur-N-G6031,train,false,false,NZ,NZ,Artur-N-G6031-P603102,train
77,Artur-N-G6031-P603102.s27-s35_reseg.1486,Artur-N-G6031,train,false,false,NZ,NZ,Artur-N-G6031-P603102,train
16,Artur-N-G6031-P603102.s36-s39_reseg.1487,Artur-N-G6031,train,false,false,NZ,NZ,Artur-N-G6031-P603102,train
22,Artur-N-G6031-P603102.s40-s41_reseg.1488,Artur-N-G6031,train,false,false,NZ,NZ,Artur-N-G6031-P603102,train
18,Artur-N-G6031-P603102.s42-s43_reseg.1489,Artur-N-G6031,train,false,false,NZ,NZ,Artur-N-G6031-P603102,train
22,Artur-N-G6031-P603102.s44-s46_reseg.1490,Artur-N-G6031,train,false,false,NZ,NZ,Artur-N-G6031-P603102,train
75,Artur-N-G6031-P603102.s47-s58_reseg.1491,Artur-N-G6031,train,false,false,NZ,NZ,Artur-N-G6031-P603102,train
47,Artur-N-G6031-P603102.s59-s63_reseg.1492,Artur-N-G6031,train,false,false,NZ,NZ,Artur-N-G6031-P603102,train
78,Artur-N-G6031-P603102.s64-s71_reseg.1493,Artur-N-G6031,train,false,false,NZ,NZ,Artur-N-G6031-P603102,train
92,Artur-N-G6031-P603102.s72-s82_reseg.1494,Artur-N-G6031,train,false,false,NZ,NZ,Artur-N-G6031-P603102,train
31,Artur-N-G6031-P603102.s83-s84_reseg.1495,Artur-N-G6031,train,false,false,NZ,NZ,Artur-N-G6031-P603102,train
33,Artur-N-G6031-P603102.s85-s88_reseg.1496,Artur-N-G6031,train,false,false,NZ,NZ,Artur-N-G6031-P603102,train
60,Artur-N-G6031-P603102.s89-s95_reseg.1497,Artur-N-G6031,train,false,false,NZ,NZ,Artur-N-G6031-P603102,train
9,Artur-N-G6031-P603102.s96_reseg.1498,Artur-N-G6031,train,false,false,NZ,NZ,Artur-N-G6031-P603102,train
12,Artur-N-G6031-P603102.s97_reseg.1499,Artur-N-G6031,train,false,false,NZ,NZ,Artur-N-G6031-P603102,train
1,Artur-N-G6031-P603102.s98_reseg.1500,Artur-N-G6031,train,false,false,NZ,NZ,Artur-N-G6031-P603102,train
36,Artur-N-G6031-P603102.s98-s101_reseg.1501,Artur-N-G6031,train,false,false,NZ,NZ,Artur-N-G6031-P603102,train
70,Artur-N-G6031-P603102.s102-s108_reseg.1502,Artur-N-G6031,train,false,false,NZ,NZ,Artur-N-G6031-P603102,train
51,Artur-J-Gvecg-P500026.s143-s149_reseg.170,Artur-J-G3056,train,false,false,JI,JI,Artur-J-Gvecg-P500026,train
76,Artur-J-Gvecg-P500026.s150-s159_reseg.171,Artur-J-G3056,train,false,false,JI,JI,Artur-J-Gvecg-P500026,train
25,Artur-J-Gvecg-P500026.s160-s163_reseg.172,Artur-J-G3056,train,false,false,JI,JI,Artur-J-Gvecg-P500026,train
13,Artur-J-Gvecg-P500026.s164-s165_reseg.173,Artur-J-G3056,train,false,false,JI,JI,Artur-J-Gvecg-P500026,train
35,Artur-J-Gvecg-P500026.s166-s170_reseg.174,Artur-J-G3056,train,false,false,JI,JI,Artur-J-Gvecg-P500026,train
10,Artur-J-Gvecg-P500026.s171-s173_reseg.175,Artur-J-G3056,train,false,false,JI,JI,Artur-J-Gvecg-P500026,train
18,Artur-J-Gvecg-P500026.s174-s180_reseg.176,Artur-J-G3056,train,false,false,JI,JI,Artur-J-Gvecg-P500026,train
38,Artur-J-Gvecg-P500026.s181-s187_reseg.177,Artur-J-G3056,train,false,false,JI,JI,Artur-J-Gvecg-P500026,train
3,Artur-J-Gvecg-P500026.s188_reseg.178,Artur-J-G3056,train,false,false,JI,JI,Artur-J-Gvecg-P500026,train
28,Artur-J-Gvecg-P500026.s189-s192_reseg.179,Artur-J-G3056,train,false,false,JI,JI,Artur-J-Gvecg-P500026,train
8,Artur-J-Gvecg-P500026.s192-s194_reseg.180,Artur-J-G3056,train,false,false,JI,JI,Artur-J-Gvecg-P500026,train
55,Artur-J-Gvecg-P500026.s195-s204_reseg.181,Artur-J-G3056,train,false,false,JI,JI,Artur-J-Gvecg-P500026,train
15,Artur-J-Gvecg-P500026.s204-s205_reseg.182,Artur-J-G3056,train,false,false,JI,JI,Artur-J-Gvecg-P500026,train
36,Artur-J-Gvecg-P500026.s206-s211_reseg.183,Artur-J-G3056,train,false,false,JI,JI,Artur-J-Gvecg-P500026,train
48,Artur-J-Gvecg-P500026.s212-s222_reseg.184,Artur-J-G3056,train,false,false,JI,JI,Artur-J-Gvecg-P500026,train
40,Artur-J-Gvecg-P500026.s223-s229_reseg.185,Artur-J-G3056,train,false,false,JI,JI,Artur-J-Gvecg-P500026,train
25,Artur-J-Gvecg-P500026.s230-s235_reseg.186,Artur-J-G3056,train,false,false,JI,JI,Artur-J-Gvecg-P500026,train
48,Artur-J-Gvecg-P500026.s236-s248_reseg.187,Artur-J-G3056,train,false,false,JI,JI,Artur-J-Gvecg-P500026,train
14,Artur-J-Gvecg-P500026.s249-s253_reseg.188,Artur-J-G3056,train,false,false,JI,JI,Artur-J-Gvecg-P500026,train
11,Artur-J-Gvecg-P500026.s254-s255_reseg.189,Artur-J-G3056,train,false,false,JI,JI,Artur-J-Gvecg-P500026,train
10,Artur-J-Gvecg-P500026.s256_reseg.190,Artur-J-G3056,train,false,false,JI,JI,Artur-J-Gvecg-P500026,train
20,Artur-J-Gvecg-P500026.s257-s262_reseg.191,Artur-J-G3057,train,false,false,JI,JI,Artur-J-Gvecg-P500026,train
10,Artur-J-Gvecg-P500026.s263-s266_reseg.192,Artur-J-G3057,train,false,false,JI,JI,Artur-J-Gvecg-P500026,train
10,Artur-J-Gvecg-P500026.s267-s268_reseg.193,Artur-J-G3057,train,false,false,JI,JI,Artur-J-Gvecg-P500026,train
27,Artur-J-Gvecg-P500026.s269-s276_reseg.194,Artur-J-G3056,train,false,false,JI,JI,Artur-J-Gvecg-P500026,train
32,Artur-J-Gvecg-P500026.s277-s284_reseg.195,Artur-J-G3056,train,false,false,JI,JI,Artur-J-Gvecg-P500026,train
24,Artur-J-Gvecg-P500026.s285-s287_reseg.196,Artur-J-G3056,train,false,false,JI,JI,Artur-J-Gvecg-P500026,train
23,Artur-J-Gvecg-P500026.s288-s290_reseg.197,Artur-J-G3056,train,false,false,JI,JI,Artur-J-Gvecg-P500026,train
9,Artur-J-Gvecg-P500026.s291_reseg.198,Artur-J-G3056,train,false,false,JI,JI,Artur-J-Gvecg-P500026,train
18,Artur-J-Gvecg-P500026.s292-s298_reseg.199,Artur-J-G3056,train,false,false,JI,JI,Artur-J-Gvecg-P500026,train
43,Artur-J-Gvecg-P500026.s299-s307_reseg.200,Artur-J-G3057,train,false,false,JI,JI,Artur-J-Gvecg-P500026,train
15,Artur-J-Gvecg-P500026.s308-s310_reseg.201,Artur-J-G3056,train,false,false,JI,JI,Artur-J-Gvecg-P500026,train
42,Artur-J-Gvecg-P500026.s310-s313_reseg.202,Artur-J-G3056,train,false,false,JI,JI,Artur-J-Gvecg-P500026,train
15,Artur-J-Gvecg-P500026.s314-s316_reseg.203,Artur-J-G3056,train,false,false,JI,JI,Artur-J-Gvecg-P500026,train
17,Artur-J-Gvecg-P500026.s317-s318_reseg.204,Artur-J-G3056,train,false,false,JI,JI,Artur-J-Gvecg-P500026,train
29,Artur-J-Gvecg-P500026.s319-s323_reseg.205,Artur-J-G3056,train,false,false,JI,JI,Artur-J-Gvecg-P500026,train
9,Artur-J-Gvecg-P500026.s324_reseg.206,Artur-J-G3056,train,false,false,JI,JI,Artur-J-Gvecg-P500026,train
3,Artur-J-Gvecg-P500026.s325_reseg.207,Artur-J-G3057,train,false,false,JI,JI,Artur-J-Gvecg-P500026,train
4,Artur-J-Gvecg-P500026.s326_reseg.208,Artur-J-G3055,train,false,false,JI,JI,Artur-J-Gvecg-P500026,train
13,Artur-J-Gvecg-P500026.s327-s328_reseg.209,Artur-J-G3055,train,false,false,JI,JI,Artur-J-Gvecg-P500026,train
55,Artur-J-Gvecg-P500026.s328-s333_reseg.210,Artur-J-G3055,train,false,false,JI,JI,Artur-J-Gvecg-P500026,train
36,Artur-J-Gvecg-P500026.s334-s336_reseg.211,Artur-J-G3055,train,false,false,JI,JI,Artur-J-Gvecg-P500026,train
16,Artur-N-G6060-P606001.s1-s2_reseg.1584,Artur-N-G6060,train,false,false,NZ,NZ,Artur-N-G6060-P606001,test
26,Artur-N-G6060-P606001.s3-s5_reseg.1585,Artur-N-G6060,train,false,false,NZ,NZ,Artur-N-G6060-P606001,test
41,Artur-N-G6060-P606001.s6-s10_reseg.1586,Artur-N-G6060,train,false,false,NZ,NZ,Artur-N-G6060-P606001,test
55,Artur-N-G6060-P606001.s11-s18_reseg.1587,Artur-N-G6060,train,false,false,NZ,NZ,Artur-N-G6060-P606001,test
38,Artur-N-G6060-P606001.s19-s22_reseg.1588,Artur-N-G6060,train,false,false,NZ,NZ,Artur-N-G6060-P606001,test
41,Artur-N-G6060-P606001.s23-s26_reseg.1589,Artur-N-G6060,train,false,false,NZ,NZ,Artur-N-G6060-P606001,test
19,Artur-N-G6060-P606001.s27_reseg.1590,Artur-N-G6060,train,false,false,NZ,NZ,Artur-N-G6060-P606001,test
21,Artur-N-G6060-P606001.s28-s30_reseg.1591,Artur-N-G6060,train,false,false,NZ,NZ,Artur-N-G6060-P606001,test
16,Artur-N-G6060-P606001.s31_reseg.1592,Artur-N-G6060,train,false,false,NZ,NZ,Artur-N-G6060-P606001,test
18,Artur-N-G6060-P606001.s32_reseg.1593,Artur-N-G6060,train,false,false,NZ,NZ,Artur-N-G6060-P606001,test
50,Artur-N-G6060-P606001.s33-s37_reseg.1594,Artur-N-G6060,train,false,false,NZ,NZ,Artur-N-G6060-P606001,test
22,Artur-N-G6060-P606001.s38_reseg.1595,Artur-N-G6060,train,false,false,NZ,NZ,Artur-N-G6060-P606001,test
14,Artur-N-G6060-P606001.s39-s40_reseg.1596,Artur-N-G6060,train,false,false,NZ,NZ,Artur-N-G6060-P606001,test
13,Artur-N-G6060-P606001.s41-s42_reseg.1597,Artur-N-G6060,train,false,false,NZ,NZ,Artur-N-G6060-P606001,test
13,Artur-N-G6060-P606001.s43_reseg.1598,Artur-N-G6060,train,false,false,NZ,NZ,Artur-N-G6060-P606001,test
32,Artur-N-G6060-P606001.s44-s47_reseg.1599,Artur-N-G6060,train,false,false,NZ,NZ,Artur-N-G6060-P606001,test
44,Artur-N-G6060-P606001.s48-s53_reseg.1600,Artur-N-G6060,train,false,false,NZ,NZ,Artur-N-G6060-P606001,test
22,Artur-N-G6060-P606001.s54-s55_reseg.1601,Artur-N-G6060,train,false,false,NZ,NZ,Artur-N-G6060-P606001,test
8,Artur-N-G6060-P606001.s56_reseg.1602,Artur-N-G6060,train,false,false,NZ,NZ,Artur-N-G6060-P606001,test
22,Artur-N-G6060-P606001.s56-s58_reseg.1603,Artur-N-G6060,train,false,false,NZ,NZ,Artur-N-G6060-P606001,test
29,Artur-N-G6060-P606001.s59-s60_reseg.1604,Artur-N-G6060,train,false,false,NZ,NZ,Artur-N-G6060-P606001,test
35,Artur-N-G6060-P606001.s61-s62_reseg.1605,Artur-N-G6060,train,false,false,NZ,NZ,Artur-N-G6060-P606001,test
44,Artur-N-G6060-P606001.s63-s66_reseg.1606,Artur-N-G6060,train,false,false,NZ,NZ,Artur-N-G6060-P606001,test
23,Artur-N-G6060-P606001.s67_reseg.1607,Artur-N-G6060,train,false,false,NZ,NZ,Artur-N-G6060-P606001,test
56,Artur-N-G6060-P606001.s68-s73_reseg.1608,Artur-N-G6060,train,false,false,NZ,NZ,Artur-N-G6060-P606001,test
46,Artur-N-G6060-P606001.s74-s77_reseg.1609,Artur-N-G6060,train,false,false,NZ,NZ,Artur-N-G6060-P606001,test
30,Artur-N-G6060-P606001.s77-s79_reseg.1610,Artur-N-G6060,train,false,false,NZ,NZ,Artur-N-G6060-P606001,test
11,Artur-N-G6060-P606001.s80_reseg.1611,Artur-N-G6060,train,false,false,NZ,NZ,Artur-N-G6060-P606001,test
27,Artur-N-G6060-P606001.s81-s83_reseg.1612,Artur-N-G6060,train,false,false,NZ,NZ,Artur-N-G6060-P606001,test
46,Artur-N-G6060-P606001.s83-s87_reseg.1613,Artur-N-G6060,train,false,false,NZ,NZ,Artur-N-G6060-P606001,test
37,Artur-N-G6060-P606001.s88-s90_reseg.1614,Artur-N-G6060,train,false,false,NZ,NZ,Artur-N-G6060-P606001,test
18,Artur-N-G5036-P600034.s1-s5_reseg.1127,Artur-N-G5036,train,false,false,NZ,NZ,Artur-N-G5036-P600034,train
2,Artur-N-G5036-P600034.s6_reseg.1128,Artur-N-G5036,train,false,false,NZ,NZ,Artur-N-G5036-P600034,train
2,Artur-N-G5036-P600034.s7_reseg.1129,Artur-N-G5036,train,false,false,NZ,NZ,Artur-N-G5036-P600034,train
2,Artur-N-G5036-P600034.s8_reseg.1130,Artur-N-G5036,train,false,false,NZ,NZ,Artur-N-G5036-P600034,train
13,Artur-N-G5036-P600034.s9-s10_reseg.1131,Artur-N-G5036,train,false,false,NZ,NZ,Artur-N-G5036-P600034,train
12,Artur-N-G5036-P600034.s11-s13_reseg.1132,Artur-N-G5036,train,false,false,NZ,NZ,Artur-N-G5036-P600034,train
17,Artur-N-G5036-P600034.s14-s15_reseg.1133,Artur-N-G5036,train,false,false,NZ,NZ,Artur-N-G5036-P600034,train
11,Artur-N-G5036-P600034.s16-s17_reseg.1134,Artur-N-G5036,train,false,false,NZ,NZ,Artur-N-G5036-P600034,train
6,Artur-N-G5036-P600034.s18_reseg.1135,Artur-N-G5036,train,false,false,NZ,NZ,Artur-N-G5036-P600034,train
2,Artur-N-G5036-P600034.s19_reseg.1136,Artur-N-G5036,train,false,false,NZ,NZ,Artur-N-G5036-P600034,train
10,Artur-N-G5036-P600034.s20-s21_reseg.1137,Artur-N-G5036,train,false,false,NZ,NZ,Artur-N-G5036-P600034,train
5,Artur-N-G5036-P600034.s22_reseg.1138,Artur-N-G5036,train,false,false,NZ,NZ,Artur-N-G5036-P600034,train
6,Artur-N-G5036-P600034.s23_reseg.1139,Artur-N-G5036,train,false,false,NZ,NZ,Artur-N-G5036-P600034,train
14,Artur-N-G5036-P600034.s24-s26_reseg.1140,Artur-N-G5036,train,false,false,NZ,NZ,Artur-N-G5036-P600034,train
20,Artur-N-G5036-P600034.s27-s29_reseg.1141,Artur-N-G5036,train,false,false,NZ,NZ,Artur-N-G5036-P600034,train
19,Artur-N-G5036-P600034.s30_reseg.1142,Artur-N-G5036,train,false,false,NZ,NZ,Artur-N-G5036-P600034,train
3,Artur-N-G5036-P600034.s31_reseg.1143,Artur-N-G5036,train,false,false,NZ,NZ,Artur-N-G5036-P600034,train
5,Artur-N-G5036-P600034.s32_reseg.1144,Artur-N-G5036,train,false,false,NZ,NZ,Artur-N-G5036-P600034,train
20,Artur-N-G5036-P600034.s33_reseg.1145,Artur-N-G5036,train,false,false,NZ,NZ,Artur-N-G5036-P600034,train
11,Artur-N-G5036-P600034.s34_reseg.1146,Artur-N-G5036,train,false,false,NZ,NZ,Artur-N-G5036-P600034,train
2,Artur-N-G5036-P600034.s35_reseg.1147,Artur-N-G5036,train,false,false,NZ,NZ,Artur-N-G5036-P600034,train
6,Artur-N-G5036-P600034.s36_reseg.1148,Artur-N-G5036,train,false,false,NZ,NZ,Artur-N-G5036-P600034,train
38,Artur-N-G5036-P600034.s37-s39_reseg.1149,Artur-N-G5036,train,false,false,NZ,NZ,Artur-N-G5036-P600034,train
22,Artur-N-G5036-P600034.s40-s41_reseg.1150,Artur-N-G5036,train,false,false,NZ,NZ,Artur-N-G5036-P600034,train
13,Artur-N-G5036-P600034.s42-s44_reseg.1151,Artur-N-G5036,train,false,false,NZ,NZ,Artur-N-G5036-P600034,train
67,Artur-N-G5036-P600034.s44-s47_reseg.1152,Artur-N-G5036,train,false,false,NZ,NZ,Artur-N-G5036-P600034,train
21,Artur-N-G5036-P600034.s48-s49_reseg.1153,Artur-N-G5036,train,false,false,NZ,NZ,Artur-N-G5036-P600034,train
8,Artur-N-G5036-P600034.s50_reseg.1154,Artur-N-G5036,train,false,false,NZ,NZ,Artur-N-G5036-P600034,train
18,Artur-N-G5036-P600034.s51-s53_reseg.1155,Artur-N-G5036,train,false,false,NZ,NZ,Artur-N-G5036-P600034,train
7,Artur-N-G5036-P600034.s54_reseg.1156,Artur-N-G5036,train,false,false,NZ,NZ,Artur-N-G5036-P600034,train
7,Artur-N-G5036-P600034.s55_reseg.1157,Artur-N-G5036,train,false,false,NZ,NZ,Artur-N-G5036-P600034,train
19,Artur-N-G5014-P600007.s1-s2_reseg.864,Artur-N-G5014,train,false,false,NZ,NZ,Artur-N-G5014-P600007,train
9,Artur-N-G5014-P600007.s3_reseg.865,Artur-N-G5014,train,false,false,NZ,NZ,Artur-N-G5014-P600007,train
30,Artur-N-G5014-P600007.s4-s6_reseg.866,Artur-N-G5014,train,false,false,NZ,NZ,Artur-N-G5014-P600007,train
4,Artur-N-G5014-P600007.s7_reseg.867,Artur-N-G5014,train,false,false,NZ,NZ,Artur-N-G5014-P600007,train
2,Artur-N-G5014-P600007.s7_reseg.868,Artur-N-G5014,train,false,false,NZ,NZ,Artur-N-G5014-P600007,train
10,Artur-N-G5014-P600007.s8_reseg.869,Artur-N-G5014,train,false,false,NZ,NZ,Artur-N-G5014-P600007,train
13,Artur-N-G5014-P600007.s9-s10_reseg.870,Artur-N-G5014,train,false,false,NZ,NZ,Artur-N-G5014-P600007,train
9,Artur-N-G5014-P600007.s11_reseg.871,Artur-N-G5014,train,false,false,NZ,NZ,Artur-N-G5014-P600007,train
4,Artur-N-G5014-P600007.s12_reseg.872,Artur-N-G5014,train,false,false,NZ,NZ,Artur-N-G5014-P600007,train
27,Artur-N-G5014-P600007.s13-s14_reseg.873,Artur-N-G5014,train,false,false,NZ,NZ,Artur-N-G5014-P600007,train
19,Artur-N-G5014-P600007.s15_reseg.874,Artur-N-G5014,train,false,false,NZ,NZ,Artur-N-G5014-P600007,train
15,Artur-N-G5014-P600007.s16-s17_reseg.875,Artur-N-G5014,train,false,false,NZ,NZ,Artur-N-G5014-P600007,train
4,Artur-N-G5014-P600007.s18_reseg.876,Artur-N-G5014,train,false,false,NZ,NZ,Artur-N-G5014-P600007,train
15,Artur-N-G5014-P600007.s19_reseg.877,Artur-N-G5014,train,false,false,NZ,NZ,Artur-N-G5014-P600007,train
16,Artur-N-G5014-P600007.s20_reseg.878,Artur-N-G5014,train,false,false,NZ,NZ,Artur-N-G5014-P600007,train
8,Artur-N-G5014-P600007.s21_reseg.879,Artur-N-G5014,train,false,false,NZ,NZ,Artur-N-G5014-P600007,train
3,Artur-N-G5014-P600007.s22_reseg.880,Artur-N-G5014,train,false,false,NZ,NZ,Artur-N-G5014-P600007,train
2,Artur-N-G5014-P600007.s23_reseg.881,Artur-N-G5014,train,false,false,NZ,NZ,Artur-N-G5014-P600007,train
20,Artur-N-G5014-P600007.s23_reseg.882,Artur-N-G5014,train,false,false,NZ,NZ,Artur-N-G5014-P600007,train
2,Artur-N-G5014-P600007.s24_reseg.883,Artur-N-G5014,train,false,false,NZ,NZ,Artur-N-G5014-P600007,train
8,Artur-N-G5014-P600007.s25_reseg.884,Artur-N-G5014,train,false,false,NZ,NZ,Artur-N-G5014-P600007,train
4,Artur-N-G5014-P600007.s26_reseg.885,Artur-N-G5014,train,false,false,NZ,NZ,Artur-N-G5014-P600007,train
7,Artur-N-G5014-P600007.s26_reseg.886,Artur-N-G5014,train,false,false,NZ,NZ,Artur-N-G5014-P600007,train
2,Artur-N-G5014-P600007.s27_reseg.887,Artur-N-G5014,train,false,false,NZ,NZ,Artur-N-G5014-P600007,train
17,Artur-N-G5014-P600007.s28_reseg.888,Artur-N-G5014,train,false,false,NZ,NZ,Artur-N-G5014-P600007,train
1,Artur-N-G5014-P600007.s29_reseg.889,Artur-N-G5014,train,false,false,NZ,NZ,Artur-N-G5014-P600007,train
2,Artur-N-G5014-P600007.s30_reseg.890,Artur-N-G5014,train,false,false,NZ,NZ,Artur-N-G5014-P600007,train
20,Artur-N-G5014-P600007.s31-s33_reseg.891,Artur-N-G5014,train,false,false,NZ,NZ,Artur-N-G5014-P600007,train
6,Artur-N-G5014-P600007.s34_reseg.892,Artur-N-G5014,train,false,false,NZ,NZ,Artur-N-G5014-P600007,train
4,Artur-N-G5014-P600007.s34_reseg.893,Artur-N-G5014,train,false,false,NZ,NZ,Artur-N-G5014-P600007,train
9,Artur-N-G5014-P600007.s35_reseg.894,Artur-N-G5014,train,false,false,NZ,NZ,Artur-N-G5014-P600007,train
2,Artur-N-G5014-P600007.s36_reseg.895,Artur-N-G5014,train,false,false,NZ,NZ,Artur-N-G5014-P600007,train
4,Artur-N-G5014-P600007.s37_reseg.896,Artur-N-G5014,train,false,false,NZ,NZ,Artur-N-G5014-P600007,train
12,Artur-N-G5014-P600007.s38_reseg.897,Artur-N-G5014,train,false,false,NZ,NZ,Artur-N-G5014-P600007,train
49,Artur-N-G5014-P600007.s39-s41_reseg.898,Artur-N-G5014,train,false,false,NZ,NZ,Artur-N-G5014-P600007,train
19,Artur-N-G5014-P600007.s42_reseg.899,Artur-N-G5014,train,false,false,NZ,NZ,Artur-N-G5014-P600007,train
44,Artur-N-G5014-P600007.s43-s46_reseg.900,Artur-N-G5014,train,false,false,NZ,NZ,Artur-N-G5014-P600007,train
24,Artur-N-G5014-P600007.s47-s48_reseg.901,Artur-N-G5014,train,false,false,NZ,NZ,Artur-N-G5014-P600007,train
47,Artur-N-G5014-P600007.s49-s50_reseg.902,Artur-N-G5014,train,false,false,NZ,NZ,Artur-N-G5014-P600007,train
24,Artur-N-G5014-P600007.s51-s52_reseg.903,Artur-N-G5014,train,false,false,NZ,NZ,Artur-N-G5014-P600007,train
4,Artur-N-G5014-P600007.s52_reseg.904,Artur-N-G5014,train,false,false,NZ,NZ,Artur-N-G5014-P600007,train
9,Artur-J-Gvecg-P500054.s1_reseg.420,Artur-J-G3110,train,false,false,JI,JI,Artur-J-Gvecg-P500054,test
6,Artur-J-Gvecg-P500054.s2-s3_reseg.421,Artur-J-G3110,train,false,false,JI,JI,Artur-J-Gvecg-P500054,test
17,Artur-J-Gvecg-P500054.s4_reseg.422,Artur-J-G3110,train,false,false,JI,JI,Artur-J-Gvecg-P500054,test
21,Artur-J-Gvecg-P500054.s5_reseg.423,Artur-J-G3110,train,false,false,JI,JI,Artur-J-Gvecg-P500054,test
24,Artur-J-Gvecg-P500054.s6_reseg.424,Artur-J-G3110,train,false,false,JI,JI,Artur-J-Gvecg-P500054,test
50,Artur-J-Gvecg-P500054.s7-s13_reseg.425,Artur-J-G3110,train,false,false,JI,JI,Artur-J-Gvecg-P500054,test
18,Artur-J-Gvecg-P500054.s14-s15_reseg.426,Artur-J-G3110,train,false,false,JI,JI,Artur-J-Gvecg-P500054,test
85,Artur-J-Gvecg-P500054.s15-s24_reseg.427,Artur-J-G3110,train,false,false,JI,JI,Artur-J-Gvecg-P500054,test
23,Artur-J-Gvecg-P500054.s24-s25_reseg.428,Artur-J-G3110,train,false,false,JI,JI,Artur-J-Gvecg-P500054,test
30,Artur-J-Gvecg-P500054.s26-s30_reseg.429,Artur-J-G3110,train,false,false,JI,JI,Artur-J-Gvecg-P500054,test
22,Artur-J-Gvecg-P500054.s30-s32_reseg.430,Artur-J-G3110,train,false,false,JI,JI,Artur-J-Gvecg-P500054,test
12,Artur-J-Gvecg-P500054.s33_reseg.431,Artur-J-G3110,train,false,false,JI,JI,Artur-J-Gvecg-P500054,test
17,Artur-J-Gvecg-P500054.s34-s36_reseg.432,Artur-J-G3110,train,false,false,JI,JI,Artur-J-Gvecg-P500054,test
41,Artur-J-Gvecg-P500054.s37-s42_reseg.433,Artur-J-G3110,train,false,false,JI,JI,Artur-J-Gvecg-P500054,test
7,Artur-J-Gvecg-P500054.s43_reseg.434,Artur-J-G3110,train,false,false,JI,JI,Artur-J-Gvecg-P500054,test
60,Artur-J-Gvecg-P500054.s43-s47_reseg.435,Artur-J-G3110,train,false,false,JI,JI,Artur-J-Gvecg-P500054,test
5,Artur-J-Gvecg-P500054.s47_reseg.436,Artur-J-G3110,train,false,false,JI,JI,Artur-J-Gvecg-P500054,test
11,Artur-J-Gvecg-P500054.s48_reseg.437,Artur-J-G3110,train,false,false,JI,JI,Artur-J-Gvecg-P500054,test
33,Artur-J-Gvecg-P500054.s48-s52_reseg.438,Artur-J-G3110,train,false,false,JI,JI,Artur-J-Gvecg-P500054,test
27,Artur-J-Gvecg-P500054.s53-s54_reseg.439,Artur-J-G3110,train,false,false,JI,JI,Artur-J-Gvecg-P500054,test
31,Artur-J-Gvecg-P500054.s55-s56_reseg.440,Artur-J-G3110,train,false,false,JI,JI,Artur-J-Gvecg-P500054,test
14,Artur-J-Gvecg-P500054.s56-s57_reseg.441,Artur-J-G3110,train,false,false,JI,JI,Artur-J-Gvecg-P500054,test
24,Artur-J-Gvecg-P500054.s58-s59_reseg.442,Artur-J-G3110,train,false,false,JI,JI,Artur-J-Gvecg-P500054,test
77,Artur-J-Gvecg-P500054.s60-s65_reseg.443,Artur-J-G3110,train,false,false,JI,JI,Artur-J-Gvecg-P500054,test
13,Artur-J-Gvecg-P500054.s66-s67_reseg.444,Artur-J-G3110,train,false,false,JI,JI,Artur-J-Gvecg-P500054,test
42,Artur-J-Gvecg-P500054.s68-s73_reseg.445,Artur-J-G3110,train,false,false,JI,JI,Artur-J-Gvecg-P500054,test
8,Artur-J-Gvecg-P500054.s74-s75_reseg.446,Artur-J-G3110,train,false,false,JI,JI,Artur-J-Gvecg-P500054,test
6,Artur-J-Gvecg-P500054.s76_reseg.447,Artur-J-G3110,train,false,false,JI,JI,Artur-J-Gvecg-P500054,test
38,Artur-J-Gvecg-P500054.s77-s80_reseg.448,Artur-J-G3110,train,false,false,JI,JI,Artur-J-Gvecg-P500054,test
20,Artur-J-Gvecg-P500054.s81-s82_reseg.449,Artur-J-G3110,train,false,false,JI,JI,Artur-J-Gvecg-P500054,test
26,Artur-J-Gvecg-P500054.s83-s86_reseg.450,Artur-J-G3110,train,false,false,JI,JI,Artur-J-Gvecg-P500054,test
8,Artur-J-Gvecg-P500054.s86_reseg.451,Artur-J-G3110,train,false,false,JI,JI,Artur-J-Gvecg-P500054,test
5,Artur-J-Gvecg-P500054.s87_reseg.452,Artur-J-G3110,train,false,false,JI,JI,Artur-J-Gvecg-P500054,test
5,Artur-J-Gvecg-P500054.s88_reseg.453,Artur-J-G3109,train,false,false,JI,JI,Artur-J-Gvecg-P500054,test
17,Artur-J-Gvecg-P500054.s89-s90_reseg.454,Artur-J-G3109,train,false,false,JI,JI,Artur-J-Gvecg-P500054,test
7,Artur-J-Gvecg-P500054.s90_reseg.455,Artur-J-G3109,train,false,false,JI,JI,Artur-J-Gvecg-P500054,test
25,Artur-J-Gvecg-P500054.s91-s93_reseg.456,Artur-J-G3109,train,false,false,JI,JI,Artur-J-Gvecg-P500054,test
13,Artur-J-Gvecg-P500054.s93-s94_reseg.457,Artur-J-G3109,train,false,false,JI,JI,Artur-J-Gvecg-P500054,test
27,Artur-J-Gvecg-P500054.s95-s96_reseg.458,Artur-J-G3109,train,false,false,JI,JI,Artur-J-Gvecg-P500054,test
16,Artur-J-Gvecg-P500054.s96-s97_reseg.459,Artur-J-G3109,train,false,false,JI,JI,Artur-J-Gvecg-P500054,test
42,Artur-J-Gvecg-P500054.s98-s100_reseg.460,Artur-J-G3109,train,false,false,JI,JI,Artur-J-Gvecg-P500054,test
19,Artur-J-Gvecg-P500054.s101_reseg.461,Artur-J-G3109,train,false,false,JI,JI,Artur-J-Gvecg-P500054,test
33,Artur-J-Gvecg-P500054.s101-s104_reseg.462,Artur-J-G3109,train,false,false,JI,JI,Artur-J-Gvecg-P500054,test
6,Artur-J-Gvecg-P500054.s104_reseg.463,Artur-J-G3109,train,false,false,JI,JI,Artur-J-Gvecg-P500054,test
9,Artur-N-G5054-P600052.s1_reseg.1277,Artur-N-G5054,train,false,false,NZ,NZ,Artur-N-G5054-P600052,train
2,Artur-N-G5054-P600052.s2_reseg.1278,Artur-N-G5054,train,false,false,NZ,NZ,Artur-N-G5054-P600052,train
42,Artur-N-G5054-P600052.s3-s6_reseg.1279,Artur-N-G5054,train,false,false,NZ,NZ,Artur-N-G5054-P600052,train
5,Artur-N-G5054-P600052.s7_reseg.1280,Artur-N-G5054,train,false,false,NZ,NZ,Artur-N-G5054-P600052,train
3,Artur-N-G5054-P600052.s8_reseg.1281,Artur-N-G5054,train,false,false,NZ,NZ,Artur-N-G5054-P600052,train
5,Artur-N-G5054-P600052.s9_reseg.1282,Artur-N-G5054,train,false,false,NZ,NZ,Artur-N-G5054-P600052,train
1,Artur-N-G5054-P600052.s10_reseg.1283,Artur-N-G5054,train,false,false,NZ,NZ,Artur-N-G5054-P600052,train
9,Artur-N-G5054-P600052.s10_reseg.1284,Artur-N-G5054,train,false,false,NZ,NZ,Artur-N-G5054-P600052,train
14,Artur-N-G5054-P600052.s11_reseg.1285,Artur-N-G5054,train,false,false,NZ,NZ,Artur-N-G5054-P600052,train
4,Artur-N-G5054-P600052.s12_reseg.1286,Artur-N-G5054,train,false,false,NZ,NZ,Artur-N-G5054-P600052,train
4,Artur-N-G5054-P600052.s13_reseg.1287,Artur-N-G5054,train,false,false,NZ,NZ,Artur-N-G5054-P600052,train
36,Artur-N-G5054-P600052.s14_reseg.1288,Artur-N-G5054,train,false,false,NZ,NZ,Artur-N-G5054-P600052,train
36,Artur-N-G5054-P600052.s15_reseg.1289,Artur-N-G5054,train,false,false,NZ,NZ,Artur-N-G5054-P600052,train
15,Artur-N-G5054-P600052.s15-s16_reseg.1290,Artur-N-G5054,train,false,false,NZ,NZ,Artur-N-G5054-P600052,train
2,Artur-N-G5054-P600052.s17_reseg.1291,Artur-N-G5054,train,false,false,NZ,NZ,Artur-N-G5054-P600052,train
2,Artur-N-G5054-P600052.s18_reseg.1292,Artur-N-G5054,train,false,false,NZ,NZ,Artur-N-G5054-P600052,train
5,Artur-N-G5054-P600052.s19_reseg.1293,Artur-N-G5054,train,false,false,NZ,NZ,Artur-N-G5054-P600052,train
2,Artur-N-G5054-P600052.s20_reseg.1294,Artur-N-G5054,train,false,false,NZ,NZ,Artur-N-G5054-P600052,train
1,Artur-N-G5054-P600052.s21_reseg.1295,Artur-N-G5054,train,false,false,NZ,NZ,Artur-N-G5054-P600052,train
4,Artur-N-G5054-P600052.s21_reseg.1296,Artur-N-G5054,train,false,false,NZ,NZ,Artur-N-G5054-P600052,train
4,Artur-N-G5054-P600052.s21_reseg.1297,Artur-N-G5054,train,false,false,NZ,NZ,Artur-N-G5054-P600052,train
2,Artur-N-G5054-P600052.s22_reseg.1298,Artur-N-G5054,train,false,false,NZ,NZ,Artur-N-G5054-P600052,train
10,Artur-N-G5054-P600052.s23_reseg.1299,Artur-N-G5054,train,false,false,NZ,NZ,Artur-N-G5054-P600052,train
10,Artur-N-G5054-P600052.s24_reseg.1300,Artur-N-G5054,train,false,false,NZ,NZ,Artur-N-G5054-P600052,train
22,Artur-N-G5054-P600052.s25-s26_reseg.1301,Artur-N-G5054,train,false,false,NZ,NZ,Artur-N-G5054-P600052,train
11,Artur-N-G5054-P600052.s27_reseg.1302,Artur-N-G5054,train,false,false,NZ,NZ,Artur-N-G5054-P600052,train
4,Artur-N-G5054-P600052.s28_reseg.1303,Artur-N-G5054,train,false,false,NZ,NZ,Artur-N-G5054-P600052,train
4,Artur-N-G5054-P600052.s29_reseg.1304,Artur-N-G5054,train,false,false,NZ,NZ,Artur-N-G5054-P600052,train
12,Artur-N-G5054-P600052.s30_reseg.1305,Artur-N-G5054,train,false,false,NZ,NZ,Artur-N-G5054-P600052,train
33,Artur-N-G5054-P600052.s31-s33_reseg.1306,Artur-N-G5054,train,false,false,NZ,NZ,Artur-N-G5054-P600052,train
9,Artur-N-G5054-P600052.s34_reseg.1307,Artur-N-G5054,train,false,false,NZ,NZ,Artur-N-G5054-P600052,train
4,Artur-N-G5054-P600052.s35_reseg.1308,Artur-N-G5054,train,false,false,NZ,NZ,Artur-N-G5054-P600052,train
38,Artur-N-G5054-P600052.s36-s37_reseg.1309,Artur-N-G5054,train,false,false,NZ,NZ,Artur-N-G5054-P600052,train
12,Artur-N-G5054-P600052.s38_reseg.1310,Artur-N-G5054,train,false,false,NZ,NZ,Artur-N-G5054-P600052,train
15,Artur-N-G5054-P600052.s39_reseg.1311,Artur-N-G5054,train,false,false,NZ,NZ,Artur-N-G5054-P600052,train
14,Artur-N-G5054-P600052.s40_reseg.1312,Artur-N-G5054,train,false,false,NZ,NZ,Artur-N-G5054-P600052,train
38,Artur-N-G5054-P600052.s41-s43_reseg.1313,Artur-N-G5054,train,false,false,NZ,NZ,Artur-N-G5054-P600052,train
26,Artur-N-G5054-P600052.s44-s46_reseg.1314,Artur-N-G5054,train,false,false,NZ,NZ,Artur-N-G5054-P600052,train
16,Artur-N-G5054-P600052.s46_reseg.1315,Artur-N-G5054,train,false,false,NZ,NZ,Artur-N-G5054-P600052,train
14,Artur-N-G5054-P600052.s47_reseg.1316,Artur-N-G5054,train,false,false,NZ,NZ,Artur-N-G5054-P600052,train
4,Artur-N-G5054-P600052.s48_reseg.1317,Artur-N-G5054,train,false,false,NZ,NZ,Artur-N-G5054-P600052,train
33,Artur-N-G5054-P600052.s49_reseg.1318,Artur-N-G5054,train,false,false,NZ,NZ,Artur-N-G5054-P600052,train
21,Artur-N-G5054-P600052.s50-s51_reseg.1319,Artur-N-G5054,train,false,false,NZ,NZ,Artur-N-G5054-P600052,train
6,Artur-N-G5054-P600052.s52_reseg.1320,Artur-N-G5054,train,false,false,NZ,NZ,Artur-N-G5054-P600052,train
4,Artur-N-G5054-P600052.s53_reseg.1321,Artur-N-G5054,train,false,false,NZ,NZ,Artur-N-G5054-P600052,train
3,Artur-N-G5054-P600052.s54_reseg.1322,Artur-N-G5054,train,false,false,NZ,NZ,Artur-N-G5054-P600052,train
1,Artur-N-G5054-P600052.s55_reseg.1323,Artur-N-G5054,train,false,false,NZ,NZ,Artur-N-G5054-P600052,train
2,Artur-N-G5054-P600052.s56_reseg.1324,Artur-N-G5054,train,false,false,NZ,NZ,Artur-N-G5054-P600052,train
18,Artur-N-G5054-P600052.s57_reseg.1325,Artur-N-G5054,train,false,false,NZ,NZ,Artur-N-G5054-P600052,train
28,Artur-N-G5054-P600052.s58_reseg.1326,Artur-N-G5054,train,false,false,NZ,NZ,Artur-N-G5054-P600052,train
2,Artur-N-G5054-P600052.s59_reseg.1327,Artur-N-G5054,train,false,false,NZ,NZ,Artur-N-G5054-P600052,train
6,Artur-N-G5054-P600052.s60_reseg.1328,Artur-N-G5054,train,false,false,NZ,NZ,Artur-N-G5054-P600052,train
33,Artur-N-G5054-P600052.s61-s62_reseg.1329,Artur-N-G5054,train,false,false,NZ,NZ,Artur-N-G5054-P600052,train
11,Artur-N-G5054-P600052.s63_reseg.1330,Artur-N-G5054,train,false,false,NZ,NZ,Artur-N-G5054-P600052,train
14,Artur-N-G5054-P600052.s64_reseg.1331,Artur-N-G5054,train,false,false,NZ,NZ,Artur-N-G5054-P600052,train
5,Artur-N-G5054-P600052.s65_reseg.1332,Artur-N-G5054,train,false,false,NZ,NZ,Artur-N-G5054-P600052,train
9,Artur-J-Gvecg-P580023.s1_reseg.624,Artur-J-G4544,train,false,false,JI,JI,Artur-J-Gvecg-P580023,train
24,Artur-J-Gvecg-P580023.s2-s4_reseg.625,Artur-J-G4544,train,false,false,JI,JI,Artur-J-Gvecg-P580023,train
15,Artur-J-Gvecg-P580023.s5-s6_reseg.626,Artur-J-G4544,train,false,false,JI,JI,Artur-J-Gvecg-P580023,train
5,Artur-J-Gvecg-P580023.s7_reseg.627,Artur-J-G4544,train,false,false,JI,JI,Artur-J-Gvecg-P580023,train
11,Artur-J-Gvecg-P580023.s8-s10_reseg.628,Artur-J-G4544,train,false,false,JI,JI,Artur-J-Gvecg-P580023,train
7,Artur-J-Gvecg-P580023.s11_reseg.629,Artur-J-G4554,train,false,false,JI,JI,Artur-J-Gvecg-P580023,train
46,Artur-J-Gvecg-P580023.s12-s16_reseg.630,Artur-J-G4544,train,false,false,JI,JI,Artur-J-Gvecg-P580023,train
2,Artur-J-Gvecg-P580023.s17_reseg.631,Artur-J-G4544,train,false,false,JI,JI,Artur-J-Gvecg-P580023,train
40,Artur-J-Gvecg-P580023.s18-s26_reseg.632,Artur-J-G4544,train,false,false,JI,JI,Artur-J-Gvecg-P580023,train
17,Artur-J-Gvecg-P580023.s27-s28_reseg.633,Artur-J-G4554,train,false,false,JI,JI,Artur-J-Gvecg-P580023,train
14,Artur-J-Gvecg-P580023.s28-s29_reseg.634,Artur-J-G4554,train,false,false,JI,JI,Artur-J-Gvecg-P580023,train
34,Artur-J-Gvecg-P580023.s30-s32_reseg.635,Artur-J-G4554,train,false,false,JI,JI,Artur-J-Gvecg-P580023,train
44,Artur-J-Gvecg-P580023.s33-s35_reseg.636,Artur-J-G4554,train,false,false,JI,JI,Artur-J-Gvecg-P580023,train
21,Artur-J-Gvecg-P580023.s36_reseg.637,Artur-J-G4544,train,false,false,JI,JI,Artur-J-Gvecg-P580023,train
48,Artur-J-Gvecg-P580023.s37-s42_reseg.638,Artur-J-G4554,train,false,false,JI,JI,Artur-J-Gvecg-P580023,train
21,Artur-J-Gvecg-P580023.s43_reseg.639,Artur-J-G4554,train,false,false,JI,JI,Artur-J-Gvecg-P580023,train
19,Artur-J-Gvecg-P580023.s44-s45_reseg.640,Artur-J-G4544,train,false,false,JI,JI,Artur-J-Gvecg-P580023,train
25,Artur-J-Gvecg-P580023.s46-s47_reseg.641,Artur-J-G4544,train,false,false,JI,JI,Artur-J-Gvecg-P580023,train
7,Artur-J-Gvecg-P580023.s48_reseg.642,Artur-J-G4544,train,false,false,JI,JI,Artur-J-Gvecg-P580023,train
11,Artur-J-Gvecg-P580023.s49_reseg.643,Artur-J-G4554,train,false,false,JI,JI,Artur-J-Gvecg-P580023,train
14,Artur-J-Gvecg-P580023.s50-s51_reseg.644,Artur-J-G4554,train,false,false,JI,JI,Artur-J-Gvecg-P580023,train
44,Artur-J-Gvecg-P580023.s52-s56_reseg.645,Artur-J-G4554,train,false,false,JI,JI,Artur-J-Gvecg-P580023,train
20,Artur-J-Gvecg-P580023.s57-s58_reseg.646,Artur-J-G4554,train,false,false,JI,JI,Artur-J-Gvecg-P580023,train
25,Artur-J-Gvecg-P580023.s59_reseg.647,Artur-J-G4554,train,false,false,JI,JI,Artur-J-Gvecg-P580023,train
21,Artur-J-Gvecg-P580023.s60-s62_reseg.648,Artur-J-G4554,train,false,false,JI,JI,Artur-J-Gvecg-P580023,train
12,Artur-J-Gvecg-P580023.s63_reseg.649,Artur-J-G4544,train,false,false,JI,JI,Artur-J-Gvecg-P580023,train
3,Artur-J-Gvecg-P580023.s64_reseg.650,Artur-J-G4544,train,false,false,JI,JI,Artur-J-Gvecg-P580023,train
6,Artur-J-Gvecg-P580023.s65_reseg.651,Artur-J-G4554,train,false,false,JI,JI,Artur-J-Gvecg-P580023,train
38,Artur-J-Gvecg-P580023.s66-s69_reseg.652,Artur-J-G4554,train,false,false,JI,JI,Artur-J-Gvecg-P580023,train
26,Artur-J-Gvecg-P580023.s70-s71_reseg.653,Artur-J-G4554,train,false,false,JI,JI,Artur-J-Gvecg-P580023,train
15,Artur-J-Gvecg-P580023.s72_reseg.654,Artur-J-G4544,train,false,false,JI,JI,Artur-J-Gvecg-P580023,train
2,Artur-J-Gvecg-P580023.s73_reseg.655,Artur-J-G4554,train,false,false,JI,JI,Artur-J-Gvecg-P580023,train
15,Artur-J-Gvecg-P580023.s74-s75_reseg.656,Artur-J-G4554,train,false,false,JI,JI,Artur-J-Gvecg-P580023,train
20,Artur-J-Gvecg-P580023.s76-s78_reseg.657,Artur-J-G4554,train,false,false,JI,JI,Artur-J-Gvecg-P580023,train
26,Artur-J-Gvecg-P580023.s79-s80_reseg.658,Artur-J-G4554,train,false,false,JI,JI,Artur-J-Gvecg-P580023,train
20,Artur-J-Gvecg-P580023.s81-s82_reseg.659,Artur-J-G4554,train,false,false,JI,JI,Artur-J-Gvecg-P580023,train
21,Artur-J-Gvecg-P580023.s83-s84_reseg.660,Artur-J-G4544,train,false,false,JI,JI,Artur-J-Gvecg-P580023,train
17,Artur-J-Gvecg-P580023.s85-s86_reseg.661,Artur-J-G4554,train,false,false,JI,JI,Artur-J-Gvecg-P580023,train
14,Artur-J-Gvecg-P580023.s86-s88_reseg.662,Artur-J-G4554,train,false,false,JI,JI,Artur-J-Gvecg-P580023,train
25,Artur-J-Gvecg-P580023.s89-s92_reseg.663,Artur-J-G4554,train,false,false,JI,JI,Artur-J-Gvecg-P580023,train
18,Artur-J-Gvecg-P580023.s93-s94_reseg.664,Artur-J-G4544,train,false,false,JI,JI,Artur-J-Gvecg-P580023,train
13,Artur-J-Gvecg-P580023.s95_reseg.665,Artur-J-G4544,train,false,false,JI,JI,Artur-J-Gvecg-P580023,train
6,Artur-J-Gvecg-P580023.s96-s97_reseg.666,Artur-J-G4544,train,false,false,JI,JI,Artur-J-Gvecg-P580023,train
6,Artur-J-Gvecg-P580023.s98_reseg.667,Artur-J-G4554,train,false,false,JI,JI,Artur-J-Gvecg-P580023,train
16,Artur-J-Gvecg-P580023.s99_reseg.668,Artur-J-G4554,train,false,false,JI,JI,Artur-J-Gvecg-P580023,train
19,Artur-J-Gvecg-P580023.s100-s101_reseg.669,Artur-J-G4554,train,false,false,JI,JI,Artur-J-Gvecg-P580023,train
17,Artur-J-Gvecg-P580023.s102-s103_reseg.670,Artur-J-G4554,train,false,false,JI,JI,Artur-J-Gvecg-P580023,train
17,Artur-J-Gvecg-P580023.s104_reseg.671,Artur-J-G4554,train,false,false,JI,JI,Artur-J-Gvecg-P580023,train
14,Artur-J-Gvecg-P580023.s105-s107_reseg.672,Artur-J-G4554,train,false,false,JI,JI,Artur-J-Gvecg-P580023,train
43,Artur-J-Gvecg-P580023.s108-s111_reseg.673,Artur-J-G4554,train,false,false,JI,JI,Artur-J-Gvecg-P580023,train
4,Artur-J-Gvecg-P580023.s112-s113_reseg.674,Artur-J-G4554,train,false,false,JI,JI,Artur-J-Gvecg-P580023,train
11,Artur-J-Gvecg-P580023.s114-s115_reseg.675.0,Artur-J-G4544,train,false,false,JI,JI,Artur-J-Gvecg-P580023,train
2,Artur-J-Gvecg-P580023.s114-s115_reseg.675.1,Artur-J-G4554,train,false,false,JI,JI,Artur-J-Gvecg-P580023,train
6,Artur-J-Gvecg-P580023.s116_reseg.676,Artur-J-G4544,train,false,false,JI,JI,Artur-J-Gvecg-P580023,train
44,Artur-J-Gvecg-P580023.s117-s120_reseg.677,Artur-J-G4554,train,false,false,JI,JI,Artur-J-Gvecg-P580023,train
28,Artur-J-Gvecg-P580023.s121-s122_reseg.678,Artur-J-G4554,train,false,false,JI,JI,Artur-J-Gvecg-P580023,train
16,Artur-J-Gvecg-P580023.s123_reseg.679,Artur-J-G4554,train,false,false,JI,JI,Artur-J-Gvecg-P580023,train
14,Artur-J-Gvecg-P580023.s124-s125_reseg.680,Artur-J-G4554,train,false,false,JI,JI,Artur-J-Gvecg-P580023,train
11,Artur-J-Gvecg-P580023.s126_reseg.681,Artur-J-G4544,train,false,false,JI,JI,Artur-J-Gvecg-P580023,train
28,Artur-J-Gvecg-P580023.s127-s131_reseg.682,Artur-J-G4554,train,false,false,JI,JI,Artur-J-Gvecg-P580023,train
25,Artur-P-G7036-P701111.s1_reseg.1858,Artur-P-G7036,train,false,false,JI,JI,Artur-P-G7036-P701111,train
49,Artur-P-G7036-P701111.s2-s3_reseg.1859,Artur-P-G7036,train,false,false,JI,JI,Artur-P-G7036-P701111,train
29,Artur-P-G7036-P701111.s4-s7_reseg.1860,Artur-P-G7036,train,false,false,JI,JI,Artur-P-G7036-P701111,train
33,Artur-P-G7036-P701111.s8-s9_reseg.1861,Artur-P-G7036,train,false,false,JI,JI,Artur-P-G7036-P701111,train
22,Artur-P-G7036-P701111.s10-s11_reseg.1862,Artur-P-G7036,train,false,false,JI,JI,Artur-P-G7036-P701111,train
25,Artur-P-G7036-P701111.s11-s13_reseg.1863,Artur-P-G7036,train,false,false,JI,JI,Artur-P-G7036-P701111,train
13,Artur-P-G7036-P701111.s14_reseg.1864,Artur-P-G7036,train,false,false,JI,JI,Artur-P-G7036-P701111,train
18,Artur-P-G7036-P701111.s15-s17_reseg.1865,Artur-P-G7036,train,false,false,JI,JI,Artur-P-G7036-P701111,train
5,Artur-P-G7036-P701111.s18_reseg.1866,Artur-P-G7036,train,false,false,JI,JI,Artur-P-G7036-P701111,train
12,Artur-P-G7036-P701111.s19_reseg.1867,Artur-P-G7036,train,false,false,JI,JI,Artur-P-G7036-P701111,train
8,Artur-P-G7036-P701111.s20_reseg.1868,Artur-P-G7036,train,false,false,JI,JI,Artur-P-G7036-P701111,train
9,Artur-P-G7036-P701111.s21-s22_reseg.1869,Artur-P-G7036,train,false,false,JI,JI,Artur-P-G7036-P701111,train
4,Artur-P-G7036-P701111.s23_reseg.1870,Artur-P-G7036,train,false,false,JI,JI,Artur-P-G7036-P701111,train
10,Artur-P-G7036-P701111.s23_reseg.1871,Artur-P-G7036,train,false,false,JI,JI,Artur-P-G7036-P701111,train
13,Artur-P-G7036-P701111.s24_reseg.1872,Artur-P-G7036,train,false,false,JI,JI,Artur-P-G7036-P701111,train
34,Artur-P-G7036-P701111.s25-s28_reseg.1873,Artur-P-G7036,train,false,false,JI,JI,Artur-P-G7036-P701111,train
3,Artur-P-G7036-P701111.s29_reseg.1874,Artur-P-G7036,train,false,false,JI,JI,Artur-P-G7036-P701111,train
7,Artur-P-G7036-P701111.s30_reseg.1875,Artur-P-G7036,train,false,false,JI,JI,Artur-P-G7036-P701111,train
4,Artur-P-G7036-P701111.s30_reseg.1876,Artur-P-G7036,train,false,false,JI,JI,Artur-P-G7036-P701111,train
1,Artur-P-G7036-P701111.s31_reseg.1877,Artur-P-G7036,train,false,false,JI,JI,Artur-P-G7036-P701111,train
15,Artur-P-G7036-P701111.s32-s33_reseg.1878,Artur-P-G7036,train,false,false,JI,JI,Artur-P-G7036-P701111,train
13,Artur-P-G7036-P701111.s34_reseg.1879,Artur-P-G7036,train,false,false,JI,JI,Artur-P-G7036-P701111,train
9,Artur-P-G7036-P701111.s35_reseg.1880,Artur-P-G7036,train,false,false,JI,JI,Artur-P-G7036-P701111,train
25,Artur-P-G7036-P701111.s36-s38_reseg.1881,Artur-P-G7036,train,false,false,JI,JI,Artur-P-G7036-P701111,train
42,Artur-P-G7036-P701111.s39-s43_reseg.1882,Artur-P-G7036,train,false,false,JI,JI,Artur-P-G7036-P701111,train
1,Artur-P-G7036-P701111.s44_reseg.1883,Artur-P-G7036,train,false,false,JI,JI,Artur-P-G7036-P701111,train
8,Artur-P-G7036-P701111.s45_reseg.1884,Artur-P-G7036,train,false,false,JI,JI,Artur-P-G7036-P701111,train
35,Artur-P-G7036-P701111.s46-s47_reseg.1885,Artur-P-G7036,train,false,false,JI,JI,Artur-P-G7036-P701111,train
4,Artur-P-G7036-P701111.s48_reseg.1886,Artur-P-G7036,train,false,false,JI,JI,Artur-P-G7036-P701111,train
3,Artur-P-G7036-P701111.s49_reseg.1887,Artur-P-G7036,train,false,false,JI,JI,Artur-P-G7036-P701111,train
31,Artur-P-G7036-P701111.s50-s52_reseg.1888,Artur-P-G7036,train,false,false,JI,JI,Artur-P-G7036-P701111,train
61,Artur-P-G7036-P701111.s53-s59_reseg.1889,Artur-P-G7036,train,false,false,JI,JI,Artur-P-G7036-P701111,train
100,Artur-P-G7036-P701111.s60-s67_reseg.1890,Artur-P-G7036,train,false,false,JI,JI,Artur-P-G7036-P701111,train
10,Artur-P-G7036-P701111.s68_reseg.1891,Artur-P-G7036,train,false,false,JI,JI,Artur-P-G7036-P701111,train
36,Artur-P-G7036-P701111.s69-s74_reseg.1892,Artur-P-G7036,train,false,false,JI,JI,Artur-P-G7036-P701111,train
12,Artur-P-G7036-P701111.s75-s76_reseg.1893,Artur-P-G7036,train,false,false,JI,JI,Artur-P-G7036-P701111,train
35,Artur-P-G7036-P701111.s77-s80_reseg.1894,Artur-P-G7036,train,false,false,JI,JI,Artur-P-G7036-P701111,train
8,Artur-P-G7036-P701111.s81-s82_reseg.1895,Artur-P-G7036,train,false,false,JI,JI,Artur-P-G7036-P701111,train
7,Artur-P-G7036-P701111.s83-s84_reseg.1896,Artur-P-G7036,train,false,false,JI,JI,Artur-P-G7036-P701111,train
13,Artur-P-G7036-P701111.s85-s86_reseg.1897,Artur-P-G7036,train,false,false,JI,JI,Artur-P-G7036-P701111,train
12,Artur-P-G7036-P701111.s87-s88_reseg.1898,Artur-P-G7036,train,false,false,JI,JI,Artur-P-G7036-P701111,train
45,Artur-P-G7036-P701111.s89_reseg.1899,Artur-P-G7036,train,false,false,JI,JI,Artur-P-G7036-P701111,train
9,Artur-P-G7036-P701111.s90_reseg.1900,Artur-P-G7036,train,false,false,JI,JI,Artur-P-G7036-P701111,train
8,Artur-N-G5025-P600021.s1_reseg.989,Artur-N-G5025,train,false,false,NZ,NZ,Artur-N-G5025-P600021,train
8,Artur-N-G5025-P600021.s2-s3_reseg.990,Artur-N-G5025,train,false,false,NZ,NZ,Artur-N-G5025-P600021,train
6,Artur-N-G5025-P600021.s4_reseg.991,Artur-N-G5025,train,false,false,NZ,NZ,Artur-N-G5025-P600021,train
6,Artur-N-G5025-P600021.s5_reseg.992,Artur-N-G5025,train,false,false,NZ,NZ,Artur-N-G5025-P600021,train
2,Artur-N-G5025-P600021.s6_reseg.993,Artur-N-G5025,train,false,false,NZ,NZ,Artur-N-G5025-P600021,train
5,Artur-N-G5025-P600021.s7_reseg.994,Artur-N-G5025,train,false,false,NZ,NZ,Artur-N-G5025-P600021,train
8,Artur-N-G5025-P600021.s8-s9_reseg.995,Artur-N-G5025,train,false,false,NZ,NZ,Artur-N-G5025-P600021,train
2,Artur-N-G5025-P600021.s10_reseg.996,Artur-N-G5025,train,false,false,NZ,NZ,Artur-N-G5025-P600021,train
8,Artur-N-G5025-P600021.s11-s12_reseg.997,Artur-N-G5025,train,false,false,NZ,NZ,Artur-N-G5025-P600021,train
2,Artur-N-G5025-P600021.s13_reseg.998,Artur-N-G5025,train,false,false,NZ,NZ,Artur-N-G5025-P600021,train
10,Artur-N-G5025-P600021.s14-s17_reseg.999,Artur-N-G5025,train,false,false,NZ,NZ,Artur-N-G5025-P600021,train
7,Artur-N-G5025-P600021.s18_reseg.1000,Artur-N-G5025,train,false,false,NZ,NZ,Artur-N-G5025-P600021,train
4,Artur-N-G5025-P600021.s19_reseg.1001,Artur-N-G5025,train,false,false,NZ,NZ,Artur-N-G5025-P600021,train
7,Artur-N-G5025-P600021.s20-s21_reseg.1002,Artur-N-G5025,train,false,false,NZ,NZ,Artur-N-G5025-P600021,train
3,Artur-N-G5025-P600021.s22_reseg.1003,Artur-N-G5025,train,false,false,NZ,NZ,Artur-N-G5025-P600021,train
2,Artur-N-G5025-P600021.s23_reseg.1004,Artur-N-G5025,train,false,false,NZ,NZ,Artur-N-G5025-P600021,train
6,Artur-N-G5025-P600021.s24_reseg.1005,Artur-N-G5025,train,false,false,NZ,NZ,Artur-N-G5025-P600021,train
4,Artur-N-G5025-P600021.s25-s27_reseg.1006,Artur-N-G5025,train,false,false,NZ,NZ,Artur-N-G5025-P600021,train
2,Artur-N-G5025-P600021.s28_reseg.1007,Artur-N-G5025,train,false,false,NZ,NZ,Artur-N-G5025-P600021,train
5,Artur-N-G5025-P600021.s29-s30_reseg.1008,Artur-N-G5025,train,false,false,NZ,NZ,Artur-N-G5025-P600021,train
10,Artur-N-G5025-P600021.s31_reseg.1009,Artur-N-G5025,train,false,false,NZ,NZ,Artur-N-G5025-P600021,train
7,Artur-N-G5025-P600021.s32_reseg.1010,Artur-N-G5025,train,false,false,NZ,NZ,Artur-N-G5025-P600021,train
16,Artur-N-G5025-P600021.s33-s34_reseg.1011,Artur-N-G5025,train,false,false,NZ,NZ,Artur-N-G5025-P600021,train
2,Artur-N-G5025-P600021.s35_reseg.1012,Artur-N-G5025,train,false,false,NZ,NZ,Artur-N-G5025-P600021,train
5,Artur-N-G5025-P600021.s36_reseg.1013,Artur-N-G5025,train,false,false,NZ,NZ,Artur-N-G5025-P600021,train
13,Artur-N-G5025-P600021.s37_reseg.1014,Artur-N-G5025,train,false,false,NZ,NZ,Artur-N-G5025-P600021,train
5,Artur-N-G5025-P600021.s38_reseg.1015,Artur-N-G5025,train,false,false,NZ,NZ,Artur-N-G5025-P600021,train
15,Artur-N-G5025-P600021.s39-s40_reseg.1016,Artur-N-G5025,train,false,false,NZ,NZ,Artur-N-G5025-P600021,train
25,Artur-N-G5025-P600021.s41-s47_reseg.1017,Artur-N-G5025,train,false,false,NZ,NZ,Artur-N-G5025-P600021,train
23,Artur-N-G5025-P600021.s48-s51_reseg.1018,Artur-N-G5025,train,false,false,NZ,NZ,Artur-N-G5025-P600021,train
8,Artur-N-G5025-P600021.s52-s53_reseg.1019,Artur-N-G5025,train,false,false,NZ,NZ,Artur-N-G5025-P600021,train
13,Artur-N-G5025-P600021.s54-s55_reseg.1020,Artur-N-G5025,train,false,false,NZ,NZ,Artur-N-G5025-P600021,train
26,Artur-N-G5025-P600021.s56-s60_reseg.1021,Artur-N-G5025,train,false,false,NZ,NZ,Artur-N-G5025-P600021,train
39,Artur-N-G5025-P600021.s60-s66_reseg.1022,Artur-N-G5025,train,false,false,NZ,NZ,Artur-N-G5025-P600021,train
11,Artur-N-G5025-P600021.s67-s68_reseg.1023,Artur-N-G5025,train,false,false,NZ,NZ,Artur-N-G5025-P600021,train
17,Artur-N-G5025-P600021.s69-s72_reseg.1024,Artur-N-G5025,train,false,false,NZ,NZ,Artur-N-G5025-P600021,train
6,Artur-N-G5025-P600021.s73_reseg.1025,Artur-N-G5025,train,false,false,NZ,NZ,Artur-N-G5025-P600021,train
7,Artur-N-G5025-P600021.s74_reseg.1026,Artur-N-G5025,train,false,false,NZ,NZ,Artur-N-G5025-P600021,train
16,Artur-N-G5025-P600021.s75-s78_reseg.1027,Artur-N-G5025,train,false,false,NZ,NZ,Artur-N-G5025-P600021,train
10,Artur-N-G5025-P600021.s79-s80_reseg.1028,Artur-N-G5025,train,false,false,NZ,NZ,Artur-N-G5025-P600021,train
29,Artur-N-G5025-P600021.s81-s84_reseg.1029,Artur-N-G5025,train,false,false,NZ,NZ,Artur-N-G5025-P600021,train
23,Artur-N-G5025-P600021.s85_reseg.1030,Artur-N-G5025,train,false,false,NZ,NZ,Artur-N-G5025-P600021,train
18,Artur-N-G5025-P600021.s86-s88_reseg.1031,Artur-N-G5025,train,false,false,NZ,NZ,Artur-N-G5025-P600021,train
1,Artur-N-G5025-P600021.s89_reseg.1032,Artur-N-G5025,train,false,false,NZ,NZ,Artur-N-G5025-P600021,train
2,Artur-N-G5025-P600021.s90_reseg.1033,Artur-N-G5025,train,false,false,NZ,NZ,Artur-N-G5025-P600021,train
7,Artur-J-Gvecg-P580009.s1_reseg.582,Artur-J-G4539,train,false,false,JI,JI,Artur-J-Gvecg-P580009,train
22,Artur-J-Gvecg-P580009.s2-s4_reseg.583,Artur-J-G4539,train,false,false,JI,JI,Artur-J-Gvecg-P580009,train
8,Artur-J-Gvecg-P580009.s5-s6_reseg.584,Artur-J-G4539,train,false,false,JI,JI,Artur-J-Gvecg-P580009,train
3,Artur-J-Gvecg-P580009.s7_reseg.585,Artur-J-G4538,train,false,false,JI,JI,Artur-J-Gvecg-P580009,train
12,Artur-J-Gvecg-P580009.s8_reseg.586,Artur-J-G4539,train,false,false,JI,JI,Artur-J-Gvecg-P580009,train
2,Artur-J-Gvecg-P580009.s9_reseg.587,Artur-J-G4538,train,false,false,JI,JI,Artur-J-Gvecg-P580009,train
27,Artur-J-Gvecg-P580009.s10-s11_reseg.588,Artur-J-G4539,train,false,false,JI,JI,Artur-J-Gvecg-P580009,train
2,Artur-J-Gvecg-P580009.s12_reseg.589,Artur-J-G4538,train,false,false,JI,JI,Artur-J-Gvecg-P580009,train
2,Artur-J-Gvecg-P580009.s13_reseg.590,Artur-J-G4538,train,false,false,JI,JI,Artur-J-Gvecg-P580009,train
29,Artur-J-Gvecg-P580009.s14-s15_reseg.591,Artur-J-G4538,train,false,false,JI,JI,Artur-J-Gvecg-P580009,train
20,Artur-J-Gvecg-P580009.s16-s17_reseg.592,Artur-J-G4539,train,false,false,JI,JI,Artur-J-Gvecg-P580009,train
13,Artur-J-Gvecg-P580009.s18_reseg.593,Artur-J-G4538,train,false,false,JI,JI,Artur-J-Gvecg-P580009,train
8,Artur-J-Gvecg-P580009.s19_reseg.594,Artur-J-G4538,train,false,false,JI,JI,Artur-J-Gvecg-P580009,train
17,Artur-J-Gvecg-P580009.s20-s21_reseg.595,Artur-J-G4538,train,false,false,JI,JI,Artur-J-Gvecg-P580009,train
17,Artur-J-Gvecg-P580009.s22-s23_reseg.596,Artur-J-G4538,train,false,false,JI,JI,Artur-J-Gvecg-P580009,train
47,Artur-J-Gvecg-P580009.s24-s26_reseg.597,Artur-J-G4538,train,false,false,JI,JI,Artur-J-Gvecg-P580009,train
28,Artur-J-Gvecg-P580009.s27-s28_reseg.598,Artur-J-G4539,train,false,false,JI,JI,Artur-J-Gvecg-P580009,train
29,Artur-J-Gvecg-P580009.s29-s31_reseg.599,Artur-J-G4539,train,false,false,JI,JI,Artur-J-Gvecg-P580009,train
4,Artur-J-Gvecg-P580009.s32_reseg.600,Artur-J-G4539,train,false,false,JI,JI,Artur-J-Gvecg-P580009,train
4,Artur-J-Gvecg-P580009.s33_reseg.601,Artur-J-G4539,train,false,false,JI,JI,Artur-J-Gvecg-P580009,train
12,Artur-J-Gvecg-P580009.s34_reseg.602,Artur-J-G4538,train,false,false,JI,JI,Artur-J-Gvecg-P580009,train
52,Artur-J-Gvecg-P580009.s35-s38_reseg.603,Artur-J-G4538,train,false,false,JI,JI,Artur-J-Gvecg-P580009,train
23,Artur-J-Gvecg-P580009.s39-s40_reseg.604,Artur-J-G4538,train,false,false,JI,JI,Artur-J-Gvecg-P580009,train
24,Artur-J-Gvecg-P580009.s41-s42_reseg.605,Artur-J-G4538,train,false,false,JI,JI,Artur-J-Gvecg-P580009,train
7,Artur-J-Gvecg-P580009.s43_reseg.606,Artur-J-G4538,train,false,false,JI,JI,Artur-J-Gvecg-P580009,train
17,Artur-J-Gvecg-P580009.s44_reseg.607,Artur-J-G4538,train,false,false,JI,JI,Artur-J-Gvecg-P580009,train
67,Artur-J-Gvecg-P580009.s45-s50_reseg.608,Artur-J-G4538,train,false,false,JI,JI,Artur-J-Gvecg-P580009,train
8,Artur-J-Gvecg-P580009.s51_reseg.609,Artur-J-G4539,train,false,false,JI,JI,Artur-J-Gvecg-P580009,train
5,Artur-J-Gvecg-P580009.s52_reseg.610,Artur-J-G4539,train,false,false,JI,JI,Artur-J-Gvecg-P580009,train
21,Artur-J-Gvecg-P580009.s53-s54_reseg.611,Artur-J-G4538,train,false,false,JI,JI,Artur-J-Gvecg-P580009,train
42,Artur-J-Gvecg-P580009.s55_reseg.612,Artur-J-G4538,train,false,false,JI,JI,Artur-J-Gvecg-P580009,train
78,Artur-J-Gvecg-P580009.s56-s60_reseg.613,Artur-J-G4538,train,false,false,JI,JI,Artur-J-Gvecg-P580009,train
30,Artur-J-Gvecg-P580009.s61-s62_reseg.614,Artur-J-G4538,train,false,false,JI,JI,Artur-J-Gvecg-P580009,train
24,Artur-J-Gvecg-P580009.s63-s66_reseg.615,Artur-J-G4538,train,false,false,JI,JI,Artur-J-Gvecg-P580009,train
51,Artur-J-Gvecg-P580009.s66-s68_reseg.616,Artur-J-G4538,train,false,false,JI,JI,Artur-J-Gvecg-P580009,train
65,Artur-J-Gvecg-P580009.s69-s73_reseg.617,Artur-J-G4538,train,false,false,JI,JI,Artur-J-Gvecg-P580009,train
39,Artur-J-Gvecg-P580009.s74-s76_reseg.618,Artur-J-G4539,train,false,false,JI,JI,Artur-J-Gvecg-P580009,train
35,Artur-J-Gvecg-P580009.s77_reseg.619,Artur-J-G4538,train,false,false,JI,JI,Artur-J-Gvecg-P580009,train
23,Artur-J-Gvecg-P580009.s78_reseg.620,Artur-J-G4538,train,false,false,JI,JI,Artur-J-Gvecg-P580009,train
86,Artur-J-Gvecg-P580009.s79-s85_reseg.621,Artur-J-G4538,train,false,false,JI,JI,Artur-J-Gvecg-P580009,train
25,Artur-J-Gvecg-P580009.s86_reseg.622,Artur-J-G4538,train,false,false,JI,JI,Artur-J-Gvecg-P580009,train
19,Artur-J-Gvecg-P580009.s87_reseg.623,Artur-J-G4539,train,false,false,JI,JI,Artur-J-Gvecg-P580009,train
6,Artur-N-G5020-P600012.s1_reseg.931,Artur-N-G5020,train,false,false,NZ,NZ,Artur-N-G5020-P600012,train
41,Artur-N-G5020-P600012.s2-s9_reseg.932,Artur-N-G5020,train,false,false,NZ,NZ,Artur-N-G5020-P600012,train
5,Artur-N-G5020-P600012.s10_reseg.933,Artur-N-G5020,train,false,false,NZ,NZ,Artur-N-G5020-P600012,train
27,Artur-N-G5020-P600012.s11-s13_reseg.934,Artur-N-G5020,train,false,false,NZ,NZ,Artur-N-G5020-P600012,train
9,Artur-N-G5020-P600012.s14-s16_reseg.935,Artur-N-G5020,train,false,false,NZ,NZ,Artur-N-G5020-P600012,train
31,Artur-N-G5020-P600012.s17-s19_reseg.936,Artur-N-G5020,train,false,false,NZ,NZ,Artur-N-G5020-P600012,train
22,Artur-N-G5020-P600012.s20-s23_reseg.937,Artur-N-G5020,train,false,false,NZ,NZ,Artur-N-G5020-P600012,train
41,Artur-N-G5020-P600012.s24-s30_reseg.938,Artur-N-G5020,train,false,false,NZ,NZ,Artur-N-G5020-P600012,train
5,Artur-N-G5020-P600012.s31_reseg.939,Artur-N-G5020,train,false,false,NZ,NZ,Artur-N-G5020-P600012,train
47,Artur-N-G5020-P600012.s32-s34_reseg.940,Artur-N-G5020,train,false,false,NZ,NZ,Artur-N-G5020-P600012,train
6,Artur-N-G5020-P600012.s35_reseg.941,Artur-N-G5020,train,false,false,NZ,NZ,Artur-N-G5020-P600012,train
24,Artur-N-G5020-P600012.s36-s38_reseg.942,Artur-N-G5020,train,false,false,NZ,NZ,Artur-N-G5020-P600012,train
19,Artur-N-G5020-P600012.s39-s40_reseg.943,Artur-N-G5020,train,false,false,NZ,NZ,Artur-N-G5020-P600012,train
12,Artur-N-G5020-P600012.s41_reseg.944,Artur-N-G5020,train,false,false,NZ,NZ,Artur-N-G5020-P600012,train
9,Artur-N-G5020-P600012.s42_reseg.945,Artur-N-G5020,train,false,false,NZ,NZ,Artur-N-G5020-P600012,train
12,Artur-N-G5020-P600012.s43_reseg.946,Artur-N-G5020,train,false,false,NZ,NZ,Artur-N-G5020-P600012,train
20,Artur-N-G5020-P600012.s44-s46_reseg.947,Artur-N-G5020,train,false,false,NZ,NZ,Artur-N-G5020-P600012,train
5,Artur-N-G5020-P600012.s47_reseg.948,Artur-N-G5020,train,false,false,NZ,NZ,Artur-N-G5020-P600012,train
1,Artur-N-G5020-P600012.s48_reseg.949,Artur-N-G5020,train,false,false,NZ,NZ,Artur-N-G5020-P600012,train
22,Artur-N-G5020-P600012.s49-s50_reseg.950,Artur-N-G5020,train,false,false,NZ,NZ,Artur-N-G5020-P600012,train
2,Artur-N-G5020-P600012.s51_reseg.951,Artur-N-G5020,train,false,false,NZ,NZ,Artur-N-G5020-P600012,train
22,Artur-N-G5020-P600012.s52-s53_reseg.952,Artur-N-G5020,train,false,false,NZ,NZ,Artur-N-G5020-P600012,train
4,Artur-N-G5020-P600012.s54_reseg.953,Artur-N-G5020,train,false,false,NZ,NZ,Artur-N-G5020-P600012,train
9,Artur-N-G5020-P600012.s55-s56_reseg.954,Artur-N-G5020,train,false,false,NZ,NZ,Artur-N-G5020-P600012,train
6,Artur-N-G5020-P600012.s57-s58_reseg.955,Artur-N-G5020,train,false,false,NZ,NZ,Artur-N-G5020-P600012,train
17,Artur-N-G5020-P600012.s59-s62_reseg.956,Artur-N-G5020,train,false,false,NZ,NZ,Artur-N-G5020-P600012,train
5,Artur-N-G5020-P600012.s63_reseg.957,Artur-N-G5020,train,false,false,NZ,NZ,Artur-N-G5020-P600012,train
14,Artur-N-G5020-P600012.s64_reseg.958,Artur-N-G5020,train,false,false,NZ,NZ,Artur-N-G5020-P600012,train
10,Artur-N-G5020-P600012.s65_reseg.959,Artur-N-G5020,train,false,false,NZ,NZ,Artur-N-G5020-P600012,train
7,Artur-N-G5020-P600012.s66-s67_reseg.960,Artur-N-G5020,train,false,false,NZ,NZ,Artur-N-G5020-P600012,train
4,Artur-N-G5020-P600012.s68_reseg.961,Artur-N-G5020,train,false,false,NZ,NZ,Artur-N-G5020-P600012,train
9,Artur-N-G5020-P600012.s69_reseg.962,Artur-N-G5020,train,false,false,NZ,NZ,Artur-N-G5020-P600012,train
6,Artur-N-G5020-P600012.s70_reseg.963,Artur-N-G5020,train,false,false,NZ,NZ,Artur-N-G5020-P600012,train
10,Artur-N-G5020-P600012.s71-s72_reseg.964,Artur-N-G5020,train,false,false,NZ,NZ,Artur-N-G5020-P600012,train
11,Artur-N-G5020-P600012.s73_reseg.965,Artur-N-G5020,train,false,false,NZ,NZ,Artur-N-G5020-P600012,train
5,Artur-N-G5020-P600012.s74_reseg.966,Artur-N-G5020,train,false,false,NZ,NZ,Artur-N-G5020-P600012,train
7,Artur-N-G5020-P600012.s75_reseg.967,Artur-N-G5020,train,false,false,NZ,NZ,Artur-N-G5020-P600012,train
9,Artur-N-G5020-P600012.s76-s77_reseg.968,Artur-N-G5020,train,false,false,NZ,NZ,Artur-N-G5020-P600012,train
22,Artur-N-G5020-P600012.s78-s79_reseg.969,Artur-N-G5020,train,false,false,NZ,NZ,Artur-N-G5020-P600012,train
17,Artur-N-G5020-P600012.s80_reseg.970,Artur-N-G5020,train,false,false,NZ,NZ,Artur-N-G5020-P600012,train
17,Artur-N-G5020-P600012.s81-s83_reseg.971,Artur-N-G5020,train,false,false,NZ,NZ,Artur-N-G5020-P600012,train
12,Artur-N-G5020-P600012.s84-s86_reseg.972,Artur-N-G5020,train,false,false,NZ,NZ,Artur-N-G5020-P600012,train
14,Artur-N-G5020-P600012.s87_reseg.973,Artur-N-G5020,train,false,false,NZ,NZ,Artur-N-G5020-P600012,train
12,Artur-N-G5020-P600012.s88-s89_reseg.974,Artur-N-G5020,train,false,false,NZ,NZ,Artur-N-G5020-P600012,train
3,Artur-N-G5020-P600012.s90_reseg.975,Artur-N-G5020,train,false,false,NZ,NZ,Artur-N-G5020-P600012,train
8,Artur-N-G5020-P600012.s91-s92_reseg.976,Artur-N-G5020,train,false,false,NZ,NZ,Artur-N-G5020-P600012,train
5,Artur-N-G5020-P600012.s93_reseg.977,Artur-N-G5020,train,false,false,NZ,NZ,Artur-N-G5020-P600012,train
12,Artur-N-G5020-P600012.s94-s96_reseg.978,Artur-N-G5020,train,false,false,NZ,NZ,Artur-N-G5020-P600012,train
2,Artur-N-G5020-P600012.s97_reseg.979,Artur-N-G5020,train,false,false,NZ,NZ,Artur-N-G5020-P600012,train
1,Artur-N-G5020-P600012.s98_reseg.980,Artur-N-G5020,train,false,false,NZ,NZ,Artur-N-G5020-P600012,train
12,Artur-N-G5020-P600012.s99-s100_reseg.981,Artur-N-G5020,train,false,false,NZ,NZ,Artur-N-G5020-P600012,train
6,Artur-N-G5020-P600012.s101_reseg.982,Artur-N-G5020,train,false,false,NZ,NZ,Artur-N-G5020-P600012,train
8,Artur-N-G5020-P600012.s102_reseg.983,Artur-N-G5020,train,false,false,NZ,NZ,Artur-N-G5020-P600012,train
9,Artur-N-G5020-P600012.s103_reseg.984,Artur-N-G5020,train,false,false,NZ,NZ,Artur-N-G5020-P600012,train
3,Artur-N-G5020-P600012.s104_reseg.985,Artur-N-G5020,train,false,false,NZ,NZ,Artur-N-G5020-P600012,train
22,Artur-N-G5020-P600012.s105_reseg.986,Artur-N-G5020,train,false,false,NZ,NZ,Artur-N-G5020-P600012,train
15,Artur-N-G5020-P600012.s106-s108_reseg.987,Artur-N-G5020,train,false,false,NZ,NZ,Artur-N-G5020-P600012,train
6,Artur-N-G5020-P600012.s109_reseg.988,Artur-N-G5020,train,false,false,NZ,NZ,Artur-N-G5020-P600012,train
34,Artur-J-Gvecg-P580051.s171-s174_reseg.789,Artur-J-G4604,train,false,false,JI,JI,Artur-J-Gvecg-P580051,train
28,Artur-J-Gvecg-P580051.s175-s178_reseg.790,Artur-J-G4604,train,false,false,JI,JI,Artur-J-Gvecg-P580051,train
32,Artur-J-Gvecg-P580051.s179-s184_reseg.791,Artur-J-G4604,train,false,false,JI,JI,Artur-J-Gvecg-P580051,train
23,Artur-J-Gvecg-P580051.s185-s187_reseg.792,Artur-J-G4604,train,false,false,JI,JI,Artur-J-Gvecg-P580051,train
24,Artur-J-Gvecg-P580051.s188-s189_reseg.793,Artur-J-G4604,train,false,false,JI,JI,Artur-J-Gvecg-P580051,train
39,Artur-J-Gvecg-P580051.s190-s194_reseg.794,Artur-J-G4604,train,false,false,JI,JI,Artur-J-Gvecg-P580051,train
20,Artur-J-Gvecg-P580051.s195-s197_reseg.795,Artur-J-G4604,train,false,false,JI,JI,Artur-J-Gvecg-P580051,train
110,Artur-J-Gvecg-P580051.s198-s212_reseg.796,Artur-J-G4604,train,false,false,JI,JI,Artur-J-Gvecg-P580051,train
33,Artur-J-Gvecg-P580051.s213-s217_reseg.797,Artur-J-G4604,train,false,false,JI,JI,Artur-J-Gvecg-P580051,train
15,Artur-J-Gvecg-P580051.s218-s221_reseg.798,Artur-J-G4604,train,false,false,JI,JI,Artur-J-Gvecg-P580051,train
19,Artur-J-Gvecg-P580051.s222-s225_reseg.799,Artur-J-G4604,train,false,false,JI,JI,Artur-J-Gvecg-P580051,train
30,Artur-J-Gvecg-P580051.s226-s230_reseg.800,Artur-J-G4604,train,false,false,JI,JI,Artur-J-Gvecg-P580051,train
40,Artur-J-Gvecg-P580051.s231-s234_reseg.801,Artur-J-G4604,train,false,false,JI,JI,Artur-J-Gvecg-P580051,train
19,Artur-J-Gvecg-P580051.s235-s236_reseg.802,Artur-J-G4604,train,false,false,JI,JI,Artur-J-Gvecg-P580051,train
33,Artur-J-Gvecg-P580051.s237-s244_reseg.803,Artur-J-G4604,train,false,false,JI,JI,Artur-J-Gvecg-P580051,train
9,Artur-J-Gvecg-P580051.s245-s246_reseg.804,Artur-J-G4604,train,false,false,JI,JI,Artur-J-Gvecg-P580051,train
33,Artur-J-Gvecg-P580051.s247-s254_reseg.805,Artur-J-G4604,train,false,false,JI,JI,Artur-J-Gvecg-P580051,train
12,Artur-J-Gvecg-P580051.s255_reseg.806,Artur-J-G4604,train,false,false,JI,JI,Artur-J-Gvecg-P580051,train
14,Artur-J-Gvecg-P580051.s256-s257_reseg.807,Artur-J-G4604,train,false,false,JI,JI,Artur-J-Gvecg-P580051,train
22,Artur-J-Gvecg-P580051.s258-s262_reseg.808,Artur-J-G4604,train,false,false,JI,JI,Artur-J-Gvecg-P580051,train
32,Artur-J-Gvecg-P580051.s263-s268_reseg.809,Artur-J-G4604,train,false,false,JI,JI,Artur-J-Gvecg-P580051,train
17,Artur-J-Gvecg-P580051.s269-s270_reseg.810,Artur-J-G4604,train,false,false,JI,JI,Artur-J-Gvecg-P580051,train
24,Artur-J-Gvecg-P580051.s271-s273_reseg.811,Artur-J-G4604,train,false,false,JI,JI,Artur-J-Gvecg-P580051,train
29,Artur-J-Gvecg-P580051.s274-s280_reseg.812,Artur-J-G4604,train,false,false,JI,JI,Artur-J-Gvecg-P580051,train
30,Artur-J-Gvecg-P580051.s281-s288_reseg.813,Artur-J-G4604,train,false,false,JI,JI,Artur-J-Gvecg-P580051,train
16,Artur-J-Gvecg-P580051.s289-s291_reseg.814,Artur-J-G4604,train,false,false,JI,JI,Artur-J-Gvecg-P580051,train
13,Artur-J-Gvecg-P580051.s292-s295_reseg.815,Artur-J-G4604,train,false,false,JI,JI,Artur-J-Gvecg-P580051,train
33,Artur-J-Gvecg-P580051.s296-s298_reseg.816,Artur-J-G4604,train,false,false,JI,JI,Artur-J-Gvecg-P580051,train
5,Artur-J-Gvecg-P580051.s299_reseg.817,Artur-J-G4604,train,false,false,JI,JI,Artur-J-Gvecg-P580051,train
5,Artur-J-Gvecg-P580051.s299-s300_reseg.818,Artur-J-G4604,train,false,false,JI,JI,Artur-J-Gvecg-P580051,train
26,Artur-J-Gvecg-P580051.s301_reseg.819,Artur-J-G4602,train,false,false,JI,JI,Artur-J-Gvecg-P580051,train
44,Artur-J-Gvecg-P580051.s302-s305_reseg.820,Artur-J-G4602,train,false,false,JI,JI,Artur-J-Gvecg-P580051,train
70,Artur-J-Gvecg-P580051.s306-s313_reseg.821,Artur-J-G4602,train,false,false,JI,JI,Artur-J-Gvecg-P580051,train
29,Artur-J-Gvecg-P580051.s314-s318_reseg.822,Artur-J-G4605,train,false,false,JI,JI,Artur-J-Gvecg-P580051,train
16,Artur-J-Gvecg-P580051.s319-s321_reseg.823,Artur-J-G4605,train,false,false,JI,JI,Artur-J-Gvecg-P580051,train
24,Artur-J-Gvecg-P580051.s322-s326_reseg.824,Artur-J-G4605,train,false,false,JI,JI,Artur-J-Gvecg-P580051,train
30,Artur-J-Gvecg-P580002.s1-s4_reseg.515,Artur-J-G4529,train,false,false,JI,JI,Artur-J-Gvecg-P580002,train
7,Artur-J-Gvecg-P580002.s5_reseg.516,Artur-J-G4529,train,false,false,JI,JI,Artur-J-Gvecg-P580002,train
2,Artur-J-Gvecg-P580002.s6_reseg.517,Artur-J-G4528,train,false,false,JI,JI,Artur-J-Gvecg-P580002,train
18,Artur-J-Gvecg-P580002.s7-s9_reseg.518,Artur-J-G4529,train,false,false,JI,JI,Artur-J-Gvecg-P580002,train
17,Artur-J-Gvecg-P580002.s10_reseg.519,Artur-J-G4528,train,false,false,JI,JI,Artur-J-Gvecg-P580002,train
24,Artur-J-Gvecg-P580002.s11-s12_reseg.520,Artur-J-G4528,train,false,false,JI,JI,Artur-J-Gvecg-P580002,train
27,Artur-J-Gvecg-P580002.s13-s16_reseg.521,Artur-J-G4528,train,false,false,JI,JI,Artur-J-Gvecg-P580002,train
52,Artur-J-Gvecg-P580002.s17-s19_reseg.522,Artur-J-G4528,train,false,false,JI,JI,Artur-J-Gvecg-P580002,train
41,Artur-J-Gvecg-P580002.s20-s24_reseg.523,Artur-J-G4528,train,false,false,JI,JI,Artur-J-Gvecg-P580002,train
16,Artur-J-Gvecg-P580002.s25-s27_reseg.524,Artur-J-G4529,train,false,false,JI,JI,Artur-J-Gvecg-P580002,train
30,Artur-J-Gvecg-P580002.s28-s29_reseg.525,Artur-J-G4529,train,false,false,JI,JI,Artur-J-Gvecg-P580002,train
35,Artur-J-Gvecg-P580002.s30_reseg.526,Artur-J-G4528,train,false,false,JI,JI,Artur-J-Gvecg-P580002,train
48,Artur-J-Gvecg-P580002.s31-s32_reseg.527,Artur-J-G4528,train,false,false,JI,JI,Artur-J-Gvecg-P580002,train
63,Artur-J-Gvecg-P580002.s33-s34_reseg.528,Artur-J-G4528,train,false,false,JI,JI,Artur-J-Gvecg-P580002,train
27,Artur-J-Gvecg-P580002.s35_reseg.529,Artur-J-G4528,train,false,false,JI,JI,Artur-J-Gvecg-P580002,train
38,Artur-J-Gvecg-P580002.s35-s36_reseg.530,Artur-J-G4528,train,false,false,JI,JI,Artur-J-Gvecg-P580002,train
21,Artur-J-Gvecg-P580002.s37_reseg.531,Artur-J-G4529,train,false,false,JI,JI,Artur-J-Gvecg-P580002,train
15,Artur-J-Gvecg-P580002.s38_reseg.532,Artur-J-G4529,train,false,false,JI,JI,Artur-J-Gvecg-P580002,train
14,Artur-J-Gvecg-P580002.s39-s40_reseg.533,Artur-J-G4529,train,false,false,JI,JI,Artur-J-Gvecg-P580002,train
12,Artur-J-Gvecg-P580002.s41-s42_reseg.534,Artur-J-G4529,train,false,false,JI,JI,Artur-J-Gvecg-P580002,train
16,Artur-J-Gvecg-P580002.s43-s44_reseg.535,Artur-J-G4529,train,false,false,JI,JI,Artur-J-Gvecg-P580002,train
13,Artur-J-Gvecg-P580002.s45_reseg.536,Artur-J-G4529,train,false,false,JI,JI,Artur-J-Gvecg-P580002,train
3,Artur-J-Gvecg-P580002.s46_reseg.537,Artur-J-G4528,train,false,false,JI,JI,Artur-J-Gvecg-P580002,train
29,Artur-J-Gvecg-P580002.s46-s47_reseg.538,Artur-J-G4528,train,false,false,JI,JI,Artur-J-Gvecg-P580002,train
43,Artur-J-Gvecg-P580002.s48-s49_reseg.539,Artur-J-G4528,train,false,false,JI,JI,Artur-J-Gvecg-P580002,train
16,Artur-J-Gvecg-P580002.s50_reseg.540,Artur-J-G4528,train,false,false,JI,JI,Artur-J-Gvecg-P580002,train
42,Artur-J-Gvecg-P580002.s51-s53_reseg.541,Artur-J-G4528,train,false,false,JI,JI,Artur-J-Gvecg-P580002,train
82,Artur-J-Gvecg-P580002.s54-s58_reseg.542,Artur-J-G4528,train,false,false,JI,JI,Artur-J-Gvecg-P580002,train
29,Artur-J-Gvecg-P580002.s59-s60_reseg.543,Artur-J-G4528,train,false,false,JI,JI,Artur-J-Gvecg-P580002,train
30,Artur-J-Gvecg-P580002.s61-s63_reseg.544,Artur-J-G4529,train,false,false,JI,JI,Artur-J-Gvecg-P580002,train
11,Artur-J-Gvecg-P580002.s64_reseg.545,Artur-J-G4529,train,false,false,JI,JI,Artur-J-Gvecg-P580002,train
5,Artur-J-Gvecg-P580002.s65_reseg.546,Artur-J-G4528,train,false,false,JI,JI,Artur-J-Gvecg-P580002,train
47,Artur-J-Gvecg-P580002.s66-s67_reseg.547,Artur-J-G4528,train,false,false,JI,JI,Artur-J-Gvecg-P580002,train
13,Artur-J-Gvecg-P580002.s68_reseg.548,Artur-J-G4528,train,false,false,JI,JI,Artur-J-Gvecg-P580002,train
17,Artur-J-Gvecg-P580002.s69_reseg.549,Artur-J-G4528,train,false,false,JI,JI,Artur-J-Gvecg-P580002,train
38,Artur-J-Gvecg-P580002.s70-s71_reseg.550,Artur-J-G4528,train,false,false,JI,JI,Artur-J-Gvecg-P580002,train
40,Artur-J-Gvecg-P580002.s72-s73_reseg.551,Artur-J-G4528,train,false,false,JI,JI,Artur-J-Gvecg-P580002,train
51,Artur-J-Gvecg-P500046.s139-s141_reseg.325,Artur-J-G3091,train,false,false,JI,JI,Artur-J-Gvecg-P500046,train
77,Artur-J-Gvecg-P500046.s142-s147_reseg.326,Artur-J-G3091,train,false,false,JI,JI,Artur-J-Gvecg-P500046,train
11,Artur-J-Gvecg-P500046.s147_reseg.327,Artur-J-G3091,train,false,false,JI,JI,Artur-J-Gvecg-P500046,train
40,Artur-J-Gvecg-P500046.s148-s149_reseg.329,Artur-J-G3091,train,false,false,JI,JI,Artur-J-Gvecg-P500046,train
30,Artur-J-Gvecg-P500046.s150-s151_reseg.330,Artur-J-G3091,train,false,false,JI,JI,Artur-J-Gvecg-P500046,train
106,Artur-J-Gvecg-P500046.s152-s156_reseg.332,Artur-J-G3091,train,false,false,JI,JI,Artur-J-Gvecg-P500046,train
35,Artur-J-Gvecg-P500046.s156-s159_reseg.333,Artur-J-G3091,train,false,false,JI,JI,Artur-J-Gvecg-P500046,train
30,Artur-J-Gvecg-P500046.s160-s161_reseg.334,Artur-J-G3018,train,false,false,JI,JI,Artur-J-Gvecg-P500046,train
82,Artur-J-Gvecg-P500046.s162-s166_reseg.335,Artur-J-G3091,train,false,false,JI,JI,Artur-J-Gvecg-P500046,train
54,Artur-J-Gvecg-P500046.s167-s170_reseg.337,Artur-J-G3091,train,false,false,JI,JI,Artur-J-Gvecg-P500046,train
16,Artur-J-Gvecg-P500046.s171-s172_reseg.338,Artur-J-G3018,train,false,false,JI,JI,Artur-J-Gvecg-P500046,train
12,Artur-J-Gvecg-P500046.s173_reseg.339,Artur-J-G3018,train,false,false,JI,JI,Artur-J-Gvecg-P500046,train
89,Artur-J-Gvecg-P500046.s174-s180_reseg.340,Artur-J-G3018,train,false,false,JI,JI,Artur-J-Gvecg-P500046,train
27,Artur-J-Gvecg-P500046.s181-s185_reseg.341,Artur-J-G3090,train,false,false,JI,JI,Artur-J-Gvecg-P500046,train
35,Artur-J-Gvecg-P500046.s186-s188_reseg.342,Artur-J-G3090,train,false,false,JI,JI,Artur-J-Gvecg-P500046,train
52,Artur-J-Gvecg-P500046.s189-s193_reseg.343,Artur-J-G3090,train,false,false,JI,JI,Artur-J-Gvecg-P500046,train
79,Artur-J-Gvecg-P500046.s194-s199_reseg.344,Artur-J-G3090,train,false,false,JI,JI,Artur-J-Gvecg-P500046,train
46,Artur-J-Gvecg-P500046.s200-s201_reseg.345,Artur-J-G3090,train,false,false,JI,JI,Artur-J-Gvecg-P500046,train
57,Artur-J-Gvecg-P500046.s202-s206_reseg.346,Artur-J-G3090,train,false,false,JI,JI,Artur-J-Gvecg-P500046,train
61,Artur-J-Gvecg-P500046.s207-s210_reseg.347,Artur-J-G3090,train,false,false,JI,JI,Artur-J-Gvecg-P500046,train
8,Artur-J-Gvecg-P500046.s211_reseg.348,Artur-J-G3090,train,false,false,JI,JI,Artur-J-Gvecg-P500046,train
46,Artur-J-Gvecg-P500046.s212-s217_reseg.349,Artur-J-G3018,train,false,false,JI,JI,Artur-J-Gvecg-P500046,train
7,Artur-N-G5044-P600044.s1_reseg.1192,Artur-N-G5044,train,false,false,NZ,NZ,Artur-N-G5044-P600044,train
9,Artur-N-G5044-P600044.s2_reseg.1193,Artur-N-G5044,train,false,false,NZ,NZ,Artur-N-G5044-P600044,train
5,Artur-N-G5044-P600044.s3_reseg.1194,Artur-N-G5044,train,false,false,NZ,NZ,Artur-N-G5044-P600044,train
20,Artur-N-G5044-P600044.s4_reseg.1195,Artur-N-G5044,train,false,false,NZ,NZ,Artur-N-G5044-P600044,train
3,Artur-N-G5044-P600044.s5_reseg.1196,Artur-N-G5044,train,false,false,NZ,NZ,Artur-N-G5044-P600044,train
29,Artur-N-G5044-P600044.s6-s7_reseg.1197,Artur-N-G5044,train,false,false,NZ,NZ,Artur-N-G5044-P600044,train
32,Artur-N-G5044-P600044.s8-s12_reseg.1198,Artur-N-G5044,train,false,false,NZ,NZ,Artur-N-G5044-P600044,train
3,Artur-N-G5044-P600044.s13_reseg.1199,Artur-N-G5044,train,false,false,NZ,NZ,Artur-N-G5044-P600044,train
10,Artur-N-G5044-P600044.s14_reseg.1200,Artur-N-G5044,train,false,false,NZ,NZ,Artur-N-G5044-P600044,train
7,Artur-N-G5044-P600044.s15_reseg.1201,Artur-N-G5044,train,false,false,NZ,NZ,Artur-N-G5044-P600044,train
44,Artur-N-G5044-P600044.s15-s18_reseg.1202,Artur-N-G5044,train,false,false,NZ,NZ,Artur-N-G5044-P600044,train
17,Artur-N-G5044-P600044.s19-s21_reseg.1203,Artur-N-G5044,train,false,false,NZ,NZ,Artur-N-G5044-P600044,train
10,Artur-N-G5044-P600044.s22_reseg.1204,Artur-N-G5044,train,false,false,NZ,NZ,Artur-N-G5044-P600044,train
12,Artur-N-G5044-P600044.s23_reseg.1205,Artur-N-G5044,train,false,false,NZ,NZ,Artur-N-G5044-P600044,train
37,Artur-N-G5044-P600044.s24-s25_reseg.1206,Artur-N-G5044,train,false,false,NZ,NZ,Artur-N-G5044-P600044,train
9,Artur-N-G5044-P600044.s25-s26_reseg.1207,Artur-N-G5044,train,false,false,NZ,NZ,Artur-N-G5044-P600044,train
5,Artur-N-G5044-P600044.s27_reseg.1208,Artur-N-G5044,train,false,false,NZ,NZ,Artur-N-G5044-P600044,train
11,Artur-N-G5044-P600044.s28_reseg.1209,Artur-N-G5044,train,false,false,NZ,NZ,Artur-N-G5044-P600044,train
30,Artur-N-G5044-P600044.s29-s30_reseg.1210,Artur-N-G5044,train,false,false,NZ,NZ,Artur-N-G5044-P600044,train
7,Artur-N-G5044-P600044.s31_reseg.1211,Artur-N-G5044,train,false,false,NZ,NZ,Artur-N-G5044-P600044,train
4,Artur-N-G5044-P600044.s31_reseg.1212,Artur-N-G5044,train,false,false,NZ,NZ,Artur-N-G5044-P600044,train
16,Artur-N-G5044-P600044.s32_reseg.1213,Artur-N-G5044,train,false,false,NZ,NZ,Artur-N-G5044-P600044,train
21,Artur-N-G5044-P600044.s33_reseg.1214,Artur-N-G5044,train,false,false,NZ,NZ,Artur-N-G5044-P600044,train
14,Artur-N-G5044-P600044.s34_reseg.1215,Artur-N-G5044,train,false,false,NZ,NZ,Artur-N-G5044-P600044,train
14,Artur-N-G5044-P600044.s35-s36_reseg.1216,Artur-N-G5044,train,false,false,NZ,NZ,Artur-N-G5044-P600044,train
5,Artur-N-G5044-P600044.s36_reseg.1217,Artur-N-G5044,train,false,false,NZ,NZ,Artur-N-G5044-P600044,train
31,Artur-N-G5044-P600044.s37-s39_reseg.1218,Artur-N-G5044,train,false,false,NZ,NZ,Artur-N-G5044-P600044,train
8,Artur-N-G5044-P600044.s40_reseg.1219,Artur-N-G5044,train,false,false,NZ,NZ,Artur-N-G5044-P600044,train
7,Artur-N-G5044-P600044.s41_reseg.1220,Artur-N-G5044,train,false,false,NZ,NZ,Artur-N-G5044-P600044,train
15,Artur-N-G5044-P600044.s42_reseg.1221,Artur-N-G5044,train,false,false,NZ,NZ,Artur-N-G5044-P600044,train
5,Artur-N-G5044-P600044.s43-s44_reseg.1222,Artur-N-G5044,train,false,false,NZ,NZ,Artur-N-G5044-P600044,train
18,Artur-N-G5044-P600044.s45-s46_reseg.1223,Artur-N-G5044,train,false,false,NZ,NZ,Artur-N-G5044-P600044,train
29,Artur-N-G6100-P610002.s1-s2_reseg.1654,Artur-N-G6100,train,false,false,NZ,NZ,Artur-N-G6100-P610002,test
74,Artur-N-G6100-P610002.s3-s7_reseg.1655,Artur-N-G6100,train,false,false,NZ,NZ,Artur-N-G6100-P610002,test
77,Artur-N-G6100-P610002.s8-s14_reseg.1656,Artur-N-G6100,train,false,false,NZ,NZ,Artur-N-G6100-P610002,test
107,Artur-N-G6100-P610002.s15-s22_reseg.1657,Artur-N-G6100,train,false,false,NZ,NZ,Artur-N-G6100-P610002,test
32,Artur-N-G6100-P610002.s23_reseg.1658,Artur-N-G6100,train,false,false,NZ,NZ,Artur-N-G6100-P610002,test
8,Artur-N-G6100-P610002.s24_reseg.1659,Artur-N-G6100,train,false,false,NZ,NZ,Artur-N-G6100-P610002,test
12,Artur-N-G6100-P610002.s24_reseg.1660,Artur-N-G6100,train,false,false,NZ,NZ,Artur-N-G6100-P610002,test
49,Artur-N-G6100-P610002.s25-s28_reseg.1661,Artur-N-G6100,train,false,false,NZ,NZ,Artur-N-G6100-P610002,test
9,Artur-N-G6100-P610002.s29_reseg.1662,Artur-N-G6100,train,false,false,NZ,NZ,Artur-N-G6100-P610002,test
21,Artur-N-G6100-P610002.s30_reseg.1663,Artur-N-G6100,train,false,false,NZ,NZ,Artur-N-G6100-P610002,test
54,Artur-N-G6100-P610002.s31-s32_reseg.1664,Artur-N-G6100,train,false,false,NZ,NZ,Artur-N-G6100-P610002,test
20,Artur-N-G6100-P610002.s33_reseg.1665,Artur-N-G6100,train,false,false,NZ,NZ,Artur-N-G6100-P610002,test
25,Artur-N-G6100-P610002.s34-s35_reseg.1666,Artur-N-G6100,train,false,false,NZ,NZ,Artur-N-G6100-P610002,test
26,Artur-N-G6100-P610002.s36-s37_reseg.1667,Artur-N-G6100,train,false,false,NZ,NZ,Artur-N-G6100-P610002,test
64,Artur-N-G6100-P610002.s38-s42_reseg.1668,Artur-N-G6100,train,false,false,NZ,NZ,Artur-N-G6100-P610002,test
10,Artur-N-G6100-P610002.s43_reseg.1669,Artur-N-G6100,train,false,false,NZ,NZ,Artur-N-G6100-P610002,test
37,Artur-N-G6100-P610002.s44_reseg.1670,Artur-N-G6100,train,false,false,NZ,NZ,Artur-N-G6100-P610002,test
43,Artur-N-G6100-P610002.s45-s48_reseg.1671,Artur-N-G6100,train,false,false,NZ,NZ,Artur-N-G6100-P610002,test
7,Artur-N-G6100-P610002.s49_reseg.1672,Artur-N-G6100,train,false,false,NZ,NZ,Artur-N-G6100-P610002,test
84,Artur-N-G6100-P610002.s49-s56_reseg.1673,Artur-N-G6100,train,false,false,NZ,NZ,Artur-N-G6100-P610002,test
9,Artur-N-G6100-P610002.s56_reseg.1674,Artur-N-G6100,train,false,false,NZ,NZ,Artur-N-G6100-P610002,test
37,Artur-N-G6100-P610002.s57-s58_reseg.1675,Artur-N-G6100,train,false,false,NZ,NZ,Artur-N-G6100-P610002,test
131,Artur-N-G6100-P610002.s59-s65_reseg.1676,Artur-N-G6100,train,false,false,NZ,NZ,Artur-N-G6100-P610002,test
7,Artur-J-Gvecg-P500028.s104_reseg.212,Artur-J-G3063,train,false,false,JI,JI,Artur-J-Gvecg-P500028,test
9,Artur-J-Gvecg-P500028.s105_reseg.213,Artur-J-G3063,train,false,false,JI,JI,Artur-J-Gvecg-P500028,test
27,Artur-J-Gvecg-P500028.s106-s108_reseg.214,Artur-J-G3063,train,false,false,JI,JI,Artur-J-Gvecg-P500028,test
23,Artur-J-Gvecg-P500028.s109-s112_reseg.215,Artur-J-G3063,train,false,false,JI,JI,Artur-J-Gvecg-P500028,test
18,Artur-J-Gvecg-P500028.s113_reseg.216,Artur-J-G3063,train,false,false,JI,JI,Artur-J-Gvecg-P500028,test
54,Artur-J-Gvecg-P500028.s114-s116_reseg.217,Artur-J-G3063,train,false,false,JI,JI,Artur-J-Gvecg-P500028,test
44,Artur-J-Gvecg-P500028.s117-s120_reseg.218,Artur-J-G3063,train,false,false,JI,JI,Artur-J-Gvecg-P500028,test
33,Artur-J-Gvecg-P500028.s121-s124_reseg.219,Artur-J-G3063,train,false,false,JI,JI,Artur-J-Gvecg-P500028,test
51,Artur-J-Gvecg-P500028.s125-s130_reseg.220,Artur-J-G3063,train,false,false,JI,JI,Artur-J-Gvecg-P500028,test
40,Artur-J-Gvecg-P500028.s131-s134_reseg.221,Artur-J-G3063,train,false,false,JI,JI,Artur-J-Gvecg-P500028,test
42,Artur-J-Gvecg-P500028.s135-s140_reseg.222,Artur-J-G3063,train,false,false,JI,JI,Artur-J-Gvecg-P500028,test
44,Artur-J-Gvecg-P500028.s141-s148_reseg.223,Artur-J-G3063,train,false,false,JI,JI,Artur-J-Gvecg-P500028,test
11,Artur-J-Gvecg-P500028.s149_reseg.224,Artur-J-G3063,train,false,false,JI,JI,Artur-J-Gvecg-P500028,test
13,Artur-J-Gvecg-P500028.s150-s151_reseg.225,Artur-J-G3063,train,false,false,JI,JI,Artur-J-Gvecg-P500028,test
22,Artur-J-Gvecg-P500028.s152-s155_reseg.226,Artur-J-G3063,train,false,false,JI,JI,Artur-J-Gvecg-P500028,test
46,Artur-J-Gvecg-P500028.s156-s159_reseg.227,Artur-J-G3063,train,false,false,JI,JI,Artur-J-Gvecg-P500028,test
45,Artur-J-Gvecg-P500028.s160-s164_reseg.228,Artur-J-G3063,train,false,false,JI,JI,Artur-J-Gvecg-P500028,test
46,Artur-J-Gvecg-P500028.s165-s172_reseg.229,Artur-J-G3062,train,false,false,JI,JI,Artur-J-Gvecg-P500028,test
54,Artur-J-Gvecg-P500028.s173-s176_reseg.230,Artur-J-G3062,train,false,false,JI,JI,Artur-J-Gvecg-P500028,test
57,Artur-J-Gvecg-P500028.s177-s180_reseg.231,Artur-J-G3062,train,false,false,JI,JI,Artur-J-Gvecg-P500028,test
32,Artur-J-Gvecg-P500028.s181-s183_reseg.232,Artur-J-G3062,train,false,false,JI,JI,Artur-J-Gvecg-P500028,test
88,Artur-J-Gvecg-P500028.s184-s190_reseg.233,Artur-J-G3062,train,false,false,JI,JI,Artur-J-Gvecg-P500028,test
60,Artur-J-Gvecg-P500028.s191-s198_reseg.234,Artur-J-G3062,train,false,false,JI,JI,Artur-J-Gvecg-P500028,test
124,Artur-J-Gvecg-P500028.s199-s212_reseg.235,Artur-J-G3062,train,false,false,JI,JI,Artur-J-Gvecg-P500028,test
16,Artur-J-Gvecg-P500028.s213-s214_reseg.236,Artur-J-G3062,train,false,false,JI,JI,Artur-J-Gvecg-P500028,test
70,Artur-J-Gvecg-P500028.s214-s224_reseg.237,Artur-J-G3062,train,false,false,JI,JI,Artur-J-Gvecg-P500028,test
4,Artur-N-G5013-P600007.s1_reseg.825,Artur-N-G5013,train,false,false,NZ,NZ,Artur-N-G5013-P600007,train
21,Artur-N-G5013-P600007.s2-s3_reseg.826,Artur-N-G5013,train,false,false,NZ,NZ,Artur-N-G5013-P600007,train
11,Artur-N-G5013-P600007.s4-s6_reseg.827,Artur-N-G5013,train,false,false,NZ,NZ,Artur-N-G5013-P600007,train
14,Artur-N-G5013-P600007.s7_reseg.828,Artur-N-G5013,train,false,false,NZ,NZ,Artur-N-G5013-P600007,train
11,Artur-N-G5013-P600007.s8_reseg.829,Artur-N-G5013,train,false,false,NZ,NZ,Artur-N-G5013-P600007,train
8,Artur-N-G5013-P600007.s9_reseg.830,Artur-N-G5013,train,false,false,NZ,NZ,Artur-N-G5013-P600007,train
42,Artur-N-G5013-P600007.s10-s12_reseg.831,Artur-N-G5013,train,false,false,NZ,NZ,Artur-N-G5013-P600007,train
14,Artur-N-G5013-P600007.s13_reseg.832,Artur-N-G5013,train,false,false,NZ,NZ,Artur-N-G5013-P600007,train
3,Artur-N-G5013-P600007.s14_reseg.833,Artur-N-G5013,train,false,false,NZ,NZ,Artur-N-G5013-P600007,train
4,Artur-N-G5013-P600007.s15_reseg.834,Artur-N-G5013,train,false,false,NZ,NZ,Artur-N-G5013-P600007,train
4,Artur-N-G5013-P600007.s16_reseg.835,Artur-N-G5013,train,false,false,NZ,NZ,Artur-N-G5013-P600007,train
33,Artur-N-G5013-P600007.s17-s19_reseg.836,Artur-N-G5013,train,false,false,NZ,NZ,Artur-N-G5013-P600007,train
38,Artur-N-G5013-P600007.s20-s21_reseg.837,Artur-N-G5013,train,false,false,NZ,NZ,Artur-N-G5013-P600007,train
28,Artur-N-G5013-P600007.s22-s23_reseg.838,Artur-N-G5013,train,false,false,NZ,NZ,Artur-N-G5013-P600007,train
17,Artur-N-G5013-P600007.s24-s25_reseg.839,Artur-N-G5013,train,false,false,NZ,NZ,Artur-N-G5013-P600007,train
46,Artur-N-G5013-P600007.s26-s29_reseg.840,Artur-N-G5013,train,false,false,NZ,NZ,Artur-N-G5013-P600007,train
75,Artur-N-G5013-P600007.s30-s37_reseg.841,Artur-N-G5013,train,false,false,NZ,NZ,Artur-N-G5013-P600007,train
2,Artur-N-G5013-P600007.s38_reseg.842,Artur-N-G5013,train,false,false,NZ,NZ,Artur-N-G5013-P600007,train
5,Artur-N-G5013-P600007.s38_reseg.843,Artur-N-G5013,train,false,false,NZ,NZ,Artur-N-G5013-P600007,train
4,Artur-N-G5013-P600007.s39_reseg.844,Artur-N-G5013,train,false,false,NZ,NZ,Artur-N-G5013-P600007,train
2,Artur-N-G5013-P600007.s40_reseg.845,Artur-N-G5013,train,false,false,NZ,NZ,Artur-N-G5013-P600007,train
35,Artur-N-G5013-P600007.s41-s46_reseg.846,Artur-N-G5013,train,false,false,NZ,NZ,Artur-N-G5013-P600007,train
5,Artur-N-G5013-P600007.s47_reseg.847,Artur-N-G5013,train,false,false,NZ,NZ,Artur-N-G5013-P600007,train
46,Artur-N-G5013-P600007.s48-s52_reseg.848,Artur-N-G5013,train,false,false,NZ,NZ,Artur-N-G5013-P600007,train
2,Artur-N-G5013-P600007.s53_reseg.849,Artur-N-G5013,train,false,false,NZ,NZ,Artur-N-G5013-P600007,train
29,Artur-N-G5013-P600007.s54_reseg.850,Artur-N-G5013,train,false,false,NZ,NZ,Artur-N-G5013-P600007,train
30,Artur-N-G5013-P600007.s55-s56_reseg.851,Artur-N-G5013,train,false,false,NZ,NZ,Artur-N-G5013-P600007,train
31,Artur-N-G5013-P600007.s57-s59_reseg.852,Artur-N-G5013,train,false,false,NZ,NZ,Artur-N-G5013-P600007,train
11,Artur-N-G5013-P600007.s60_reseg.853,Artur-N-G5013,train,false,false,NZ,NZ,Artur-N-G5013-P600007,train
2,Artur-N-G5013-P600007.s61_reseg.854,Artur-N-G5013,train,false,false,NZ,NZ,Artur-N-G5013-P600007,train
11,Artur-N-G5013-P600007.s62_reseg.855,Artur-N-G5013,train,false,false,NZ,NZ,Artur-N-G5013-P600007,train
2,Artur-N-G5013-P600007.s63_reseg.856,Artur-N-G5013,train,false,false,NZ,NZ,Artur-N-G5013-P600007,train
2,Artur-N-G5013-P600007.s64_reseg.857,Artur-N-G5013,train,false,false,NZ,NZ,Artur-N-G5013-P600007,train
6,Artur-N-G5013-P600007.s65_reseg.858,Artur-N-G5013,train,false,false,NZ,NZ,Artur-N-G5013-P600007,train
11,Artur-N-G5013-P600007.s66_reseg.859,Artur-N-G5013,train,false,false,NZ,NZ,Artur-N-G5013-P600007,train
18,Artur-N-G5013-P600007.s67_reseg.860,Artur-N-G5013,train,false,false,NZ,NZ,Artur-N-G5013-P600007,train
11,Artur-N-G5013-P600007.s68_reseg.861,Artur-N-G5013,train,false,false,NZ,NZ,Artur-N-G5013-P600007,train
4,Artur-N-G5013-P600007.s69_reseg.862,Artur-N-G5013,train,false,false,NZ,NZ,Artur-N-G5013-P600007,train
10,Artur-N-G5013-P600007.s70_reseg.863,Artur-N-G5013,train,false,false,NZ,NZ,Artur-N-G5013-P600007,train
4,Artur-N-G5019-P600012.s1_reseg.905,Artur-N-G5019,train,false,false,NZ,NZ,Artur-N-G5019-P600012,train
4,Artur-N-G5019-P600012.s2_reseg.906,Artur-N-G5019,train,false,false,NZ,NZ,Artur-N-G5019-P600012,train
12,Artur-N-G5019-P600012.s3-s4_reseg.907,Artur-N-G5019,train,false,false,NZ,NZ,Artur-N-G5019-P600012,train
2,Artur-N-G5019-P600012.s5_reseg.908,Artur-N-G5019,train,false,false,NZ,NZ,Artur-N-G5019-P600012,train
8,Artur-N-G5019-P600012.s6_reseg.909,Artur-N-G5019,train,false,false,NZ,NZ,Artur-N-G5019-P600012,train
23,Artur-N-G5019-P600012.s7_reseg.910,Artur-N-G5019,train,false,false,NZ,NZ,Artur-N-G5019-P600012,train
11,Artur-N-G5019-P600012.s8_reseg.911,Artur-N-G5019,train,false,false,NZ,NZ,Artur-N-G5019-P600012,train
6,Artur-N-G5019-P600012.s9_reseg.912,Artur-N-G5019,train,false,false,NZ,NZ,Artur-N-G5019-P600012,train
6,Artur-N-G5019-P600012.s10_reseg.913,Artur-N-G5019,train,false,false,NZ,NZ,Artur-N-G5019-P600012,train
12,Artur-N-G5019-P600012.s11_reseg.914,Artur-N-G5019,train,false,false,NZ,NZ,Artur-N-G5019-P600012,train
1,Artur-N-G5019-P600012.s12_reseg.915,Artur-N-G5019,train,false,false,NZ,NZ,Artur-N-G5019-P600012,train
3,Artur-N-G5019-P600012.s13_reseg.916,Artur-N-G5019,train,false,false,NZ,NZ,Artur-N-G5019-P600012,train
4,Artur-N-G5019-P600012.s14_reseg.917,Artur-N-G5019,train,false,false,NZ,NZ,Artur-N-G5019-P600012,train
2,Artur-N-G5019-P600012.s15_reseg.918,Artur-N-G5019,train,false,false,NZ,NZ,Artur-N-G5019-P600012,train
4,Artur-N-G5019-P600012.s16_reseg.919,Artur-N-G5019,train,false,false,NZ,NZ,Artur-N-G5019-P600012,train
17,Artur-N-G5019-P600012.s17_reseg.920,Artur-N-G5019,train,false,false,NZ,NZ,Artur-N-G5019-P600012,train
26,Artur-N-G5019-P600012.s18-s20_reseg.921,Artur-N-G5019,train,false,false,NZ,NZ,Artur-N-G5019-P600012,train
12,Artur-N-G5019-P600012.s21-s23_reseg.922,Artur-N-G5019,train,false,false,NZ,NZ,Artur-N-G5019-P600012,train
20,Artur-N-G5019-P600012.s24-s25_reseg.923,Artur-N-G5019,train,false,false,NZ,NZ,Artur-N-G5019-P600012,train
7,Artur-N-G5019-P600012.s26_reseg.924,Artur-N-G5019,train,false,false,NZ,NZ,Artur-N-G5019-P600012,train
7,Artur-N-G5019-P600012.s27_reseg.925,Artur-N-G5019,train,false,false,NZ,NZ,Artur-N-G5019-P600012,train
16,Artur-N-G5019-P600012.s28_reseg.926,Artur-N-G5019,train,false,false,NZ,NZ,Artur-N-G5019-P600012,train
7,Artur-N-G5019-P600012.s29_reseg.927,Artur-N-G5019,train,false,false,NZ,NZ,Artur-N-G5019-P600012,train
7,Artur-N-G5019-P600012.s30_reseg.928,Artur-N-G5019,train,false,false,NZ,NZ,Artur-N-G5019-P600012,train
7,Artur-N-G5019-P600012.s31_reseg.929,Artur-N-G5019,train,false,false,NZ,NZ,Artur-N-G5019-P600012,train
18,Artur-N-G5019-P600012.s32_reseg.930,Artur-N-G5019,train,false,false,NZ,NZ,Artur-N-G5019-P600012,train
9,Artur-J-Gvecg-P580047.s1_reseg.748,Artur-J-G4529,train,false,false,JI,JI,Artur-J-Gvecg-P580047,train
18,Artur-J-Gvecg-P580047.s1-s2_reseg.749,Artur-J-G4529,train,false,false,JI,JI,Artur-J-Gvecg-P580047,train
7,Artur-J-Gvecg-P580047.s2_reseg.750,Artur-J-G4529,train,false,false,JI,JI,Artur-J-Gvecg-P580047,train
5,Artur-J-Gvecg-P580047.s3_reseg.751,Artur-J-G4586,train,false,false,JI,JI,Artur-J-Gvecg-P580047,train
18,Artur-J-Gvecg-P580047.s4_reseg.752,Artur-J-G4529,train,false,false,JI,JI,Artur-J-Gvecg-P580047,train
29,Artur-J-Gvecg-P580047.s5-s7_reseg.753,Artur-J-G4529,train,false,false,JI,JI,Artur-J-Gvecg-P580047,train
5,Artur-J-Gvecg-P580047.s8_reseg.754,Artur-J-G4529,train,false,false,JI,JI,Artur-J-Gvecg-P580047,train
10,Artur-J-Gvecg-P580047.s8_reseg.755,Artur-J-G4529,train,false,false,JI,JI,Artur-J-Gvecg-P580047,train
67,Artur-J-Gvecg-P580047.s9-s13_reseg.756,Artur-J-G4586,train,false,false,JI,JI,Artur-J-Gvecg-P580047,train
45,Artur-J-Gvecg-P580047.s14-s19_reseg.757,Artur-J-G4586,train,false,false,JI,JI,Artur-J-Gvecg-P580047,train
7,Artur-J-Gvecg-P580047.s19_reseg.758,Artur-J-G4586,train,false,false,JI,JI,Artur-J-Gvecg-P580047,train
12,Artur-J-Gvecg-P580047.s19_reseg.759,Artur-J-G4586,train,false,false,JI,JI,Artur-J-Gvecg-P580047,train
18,Artur-J-Gvecg-P580047.s19-s20_reseg.760,Artur-J-G4586,train,false,false,JI,JI,Artur-J-Gvecg-P580047,train
10,Artur-J-Gvecg-P580047.s21_reseg.761,Artur-J-G4529,train,false,false,JI,JI,Artur-J-Gvecg-P580047,train
8,Artur-J-Gvecg-P580047.s21_reseg.762,Artur-J-G4529,train,false,false,JI,JI,Artur-J-Gvecg-P580047,train
9,Artur-J-Gvecg-P580047.s21_reseg.763,Artur-J-G4529,train,false,false,JI,JI,Artur-J-Gvecg-P580047,train
16,Artur-J-Gvecg-P580047.s22_reseg.764,Artur-J-G4586,train,false,false,JI,JI,Artur-J-Gvecg-P580047,train
75,Artur-J-Gvecg-P580047.s23-s26_reseg.765,Artur-J-G4586,train,false,false,JI,JI,Artur-J-Gvecg-P580047,train
27,Artur-J-Gvecg-P580047.s27-s31_reseg.766,Artur-J-G4586,train,false,false,JI,JI,Artur-J-Gvecg-P580047,train
3,Artur-J-Gvecg-P580047.s32_reseg.767,Artur-J-G4529,train,false,false,JI,JI,Artur-J-Gvecg-P580047,train
62,Artur-J-Gvecg-P580047.s33-s37_reseg.768,Artur-J-G4586,train,false,false,JI,JI,Artur-J-Gvecg-P580047,train
16,Artur-J-Gvecg-P580047.s38_reseg.769,Artur-J-G4529,train,false,false,JI,JI,Artur-J-Gvecg-P580047,train
13,Artur-J-Gvecg-P580047.s39_reseg.770,Artur-J-G4529,train,false,false,JI,JI,Artur-J-Gvecg-P580047,train
63,Artur-J-Gvecg-P580047.s40-s44_reseg.771,Artur-J-G4586,train,false,false,JI,JI,Artur-J-Gvecg-P580047,train
15,Artur-J-Gvecg-P580047.s45_reseg.772,Artur-J-G4586,train,false,false,JI,JI,Artur-J-Gvecg-P580047,train
20,Artur-J-Gvecg-P580047.s46-s47_reseg.773,Artur-J-G4586,train,false,false,JI,JI,Artur-J-Gvecg-P580047,train
14,Artur-J-Gvecg-P580047.s48_reseg.774,Artur-J-G4529,train,false,false,JI,JI,Artur-J-Gvecg-P580047,train
7,Artur-J-Gvecg-P580047.s49-s50_reseg.775,Artur-J-G4529,train,false,false,JI,JI,Artur-J-Gvecg-P580047,train
15,Artur-J-Gvecg-P580047.s51_reseg.776,Artur-J-G4529,train,false,false,JI,JI,Artur-J-Gvecg-P580047,train
20,Artur-J-Gvecg-P580047.s51_reseg.777,Artur-J-G4529,train,false,false,JI,JI,Artur-J-Gvecg-P580047,train
8,Artur-J-Gvecg-P580047.s52_reseg.778,Artur-J-G4586,train,false,false,JI,JI,Artur-J-Gvecg-P580047,train
12,Artur-J-Gvecg-P580047.s52_reseg.779,Artur-J-G4586,train,false,false,JI,JI,Artur-J-Gvecg-P580047,train
17,Artur-J-Gvecg-P580047.s53_reseg.780,Artur-J-G4586,train,false,false,JI,JI,Artur-J-Gvecg-P580047,train
34,Artur-J-Gvecg-P580047.s54-s55_reseg.781,Artur-J-G4586,train,false,false,JI,JI,Artur-J-Gvecg-P580047,train
19,Artur-J-Gvecg-P580047.s56_reseg.782,Artur-J-G4586,train,false,false,JI,JI,Artur-J-Gvecg-P580047,train
47,Artur-J-Gvecg-P580047.s57-s60_reseg.783,Artur-J-G4586,train,false,false,JI,JI,Artur-J-Gvecg-P580047,train
10,Artur-J-Gvecg-P580047.s60_reseg.784,Artur-J-G4586,train,false,false,JI,JI,Artur-J-Gvecg-P580047,train
22,Artur-J-Gvecg-P580047.s61-s62_reseg.785,Artur-J-G4586,train,false,false,JI,JI,Artur-J-Gvecg-P580047,train
21,Artur-J-Gvecg-P580047.s63_reseg.786,Artur-J-G4586,train,false,false,JI,JI,Artur-J-Gvecg-P580047,train
9,Artur-J-Gvecg-P580047.s64_reseg.787,Artur-J-G4529,train,false,false,JI,JI,Artur-J-Gvecg-P580047,train
151,Artur-J-Gvecg-P580047.s65-s75_reseg.788,Artur-J-G4586,train,false,false,JI,JI,Artur-J-Gvecg-P580047,train
9,Artur-N-G6116-P611601.s1-s2_reseg.1737,Artur-N-G6116,train,false,false,NZ,NZ,Artur-N-G6116-P611601,train
23,Artur-N-G6116-P611601.s3-s5_reseg.1738,Artur-N-G6116,train,false,false,NZ,NZ,Artur-N-G6116-P611601,train
18,Artur-N-G6116-P611601.s6-s7_reseg.1739,Artur-N-G6116,train,false,false,NZ,NZ,Artur-N-G6116-P611601,train
14,Artur-N-G6116-P611601.s8_reseg.1740,Artur-N-G6116,train,false,false,NZ,NZ,Artur-N-G6116-P611601,train
18,Artur-N-G6116-P611601.s9-s11_reseg.1741,Artur-N-G6116,train,false,false,NZ,NZ,Artur-N-G6116-P611601,train
14,Artur-N-G6116-P611601.s12-s13_reseg.1742,Artur-N-G6116,train,false,false,NZ,NZ,Artur-N-G6116-P611601,train
27,Artur-N-G6116-P611601.s13-s17_reseg.1743,Artur-N-G6116,train,false,false,NZ,NZ,Artur-N-G6116-P611601,train
33,Artur-N-G6116-P611601.s18-s22_reseg.1744,Artur-N-G6116,train,false,false,NZ,NZ,Artur-N-G6116-P611601,train
14,Artur-N-G6116-P611601.s23-s24_reseg.1745,Artur-N-G6116,train,false,false,NZ,NZ,Artur-N-G6116-P611601,train
32,Artur-N-G6116-P611601.s25-s28_reseg.1746,Artur-N-G6116,train,false,false,NZ,NZ,Artur-N-G6116-P611601,train
13,Artur-N-G6116-P611601.s29-s30_reseg.1747,Artur-N-G6116,train,false,false,NZ,NZ,Artur-N-G6116-P611601,train
3,Artur-N-G6116-P611601.s31_reseg.1748,Artur-N-G6116,train,false,false,NZ,NZ,Artur-N-G6116-P611601,train
4,Artur-N-G6116-P611601.s32_reseg.1749,Artur-N-G6116,train,false,false,NZ,NZ,Artur-N-G6116-P611601,train
20,Artur-N-G6116-P611601.s33-s35_reseg.1750,Artur-N-G6116,train,false,false,NZ,NZ,Artur-N-G6116-P611601,train
19,Artur-N-G6116-P611601.s36-s37_reseg.1751,Artur-N-G6116,train,false,false,NZ,NZ,Artur-N-G6116-P611601,train
8,Artur-N-G6116-P611601.s38-s39_reseg.1752,Artur-N-G6116,train,false,false,NZ,NZ,Artur-N-G6116-P611601,train
16,Artur-N-G6116-P611601.s40_reseg.1753,Artur-N-G6116,train,false,false,NZ,NZ,Artur-N-G6116-P611601,train
18,Artur-N-G6116-P611601.s41-s43_reseg.1754,Artur-N-G6116,train,false,false,NZ,NZ,Artur-N-G6116-P611601,train
27,Artur-N-G6116-P611601.s44-s46_reseg.1755,Artur-N-G6116,train,false,false,NZ,NZ,Artur-N-G6116-P611601,train
6,Artur-N-G6116-P611601.s47_reseg.1756,Artur-N-G6116,train,false,false,NZ,NZ,Artur-N-G6116-P611601,train
2,Artur-N-G6116-P611601.s48_reseg.1757,Artur-N-G6116,train,false,false,NZ,NZ,Artur-N-G6116-P611601,train
14,Artur-N-G6116-P611601.s49-s50_reseg.1758,Artur-N-G6116,train,false,false,NZ,NZ,Artur-N-G6116-P611601,train
25,Artur-N-G6116-P611601.s51-s54_reseg.1759,Artur-N-G6116,train,false,false,NZ,NZ,Artur-N-G6116-P611601,train
33,Artur-N-G6116-P611601.s55-s58_reseg.1760,Artur-N-G6116,train,false,false,NZ,NZ,Artur-N-G6116-P611601,train
88,Artur-N-G6116-P611601.s59-s68_reseg.1761,Artur-N-G6116,train,false,false,NZ,NZ,Artur-N-G6116-P611601,train
19,Artur-N-G6116-P611601.s69-s70_reseg.1762,Artur-N-G6116,train,false,false,NZ,NZ,Artur-N-G6116-P611601,train
14,Artur-N-G6116-P611601.s71-s72_reseg.1763,Artur-N-G6116,train,false,false,NZ,NZ,Artur-N-G6116-P611601,train
30,Artur-N-G6116-P611601.s73-s75_reseg.1764,Artur-N-G6116,train,false,false,NZ,NZ,Artur-N-G6116-P611601,train
9,Artur-N-G6116-P611601.s75-s76_reseg.1765,Artur-N-G6116,train,false,false,NZ,NZ,Artur-N-G6116-P611601,train
8,Artur-N-G6116-P611601.s77_reseg.1766,Artur-N-G6116,train,false,false,NZ,NZ,Artur-N-G6116-P611601,train
27,Artur-N-G6116-P611601.s78-s80_reseg.1767,Artur-N-G6116,train,false,false,NZ,NZ,Artur-N-G6116-P611601,train
9,Artur-N-G6116-P611601.s81-s82_reseg.1768,Artur-N-G6116,train,false,false,NZ,NZ,Artur-N-G6116-P611601,train
25,Artur-N-G6116-P611601.s82-s85_reseg.1769,Artur-N-G6116,train,false,false,NZ,NZ,Artur-N-G6116-P611601,train
42,Artur-N-G6116-P611601.s86-s87_reseg.1770,Artur-N-G6116,train,false,false,NZ,NZ,Artur-N-G6116-P611601,train
18,Artur-N-G6116-P611601.s88_reseg.1771,Artur-N-G6116,train,false,false,NZ,NZ,Artur-N-G6116-P611601,train
12,Artur-N-G6116-P611601.s89_reseg.1772,Artur-N-G6116,train,false,false,NZ,NZ,Artur-N-G6116-P611601,train
32,Artur-N-G6116-P611601.s90-s92_reseg.1773,Artur-N-G6116,train,false,false,NZ,NZ,Artur-N-G6116-P611601,train
5,Artur-N-G6116-P611601.s93_reseg.1774,Artur-N-G6116,train,false,false,NZ,NZ,Artur-N-G6116-P611601,train
25,Artur-N-G6116-P611601.s94-s96_reseg.1775,Artur-N-G6116,train,false,false,NZ,NZ,Artur-N-G6116-P611601,train
41,Artur-N-G6116-P611601.s97-s100_reseg.1776,Artur-N-G6116,train,false,false,NZ,NZ,Artur-N-G6116-P611601,train
10,Artur-N-G6116-P611601.s101_reseg.1777,Artur-N-G6116,train,false,false,NZ,NZ,Artur-N-G6116-P611601,train
4,Artur-N-G6116-P611601.s102-s103_reseg.1778,Artur-N-G6116,train,false,false,NZ,NZ,Artur-N-G6116-P611601,train
10,Artur-N-G6116-P611601.s104_reseg.1779,Artur-N-G6116,train,false,false,NZ,NZ,Artur-N-G6116-P611601,train
10,Artur-N-G6116-P611601.s105_reseg.1780,Artur-N-G6116,train,false,false,NZ,NZ,Artur-N-G6116-P611601,train
19,Artur-N-G6116-P611601.s106-s107_reseg.1781,Artur-N-G6116,train,false,false,NZ,NZ,Artur-N-G6116-P611601,train
19,Artur-N-G6116-P611601.s108_reseg.1782,Artur-N-G6116,train,false,false,NZ,NZ,Artur-N-G6116-P611601,train
16,Artur-N-G6116-P611601.s109-s110_reseg.1783,Artur-N-G6116,train,false,false,NZ,NZ,Artur-N-G6116-P611601,train
28,Artur-N-G6116-P611601.s111-s113_reseg.1784,Artur-N-G6116,train,false,false,NZ,NZ,Artur-N-G6116-P611601,train
14,Artur-N-G6012-P601201.s1_reseg.1449,Artur-N-G6012,train,false,false,NZ,NZ,Artur-N-G6012-P601201,train
30,Artur-N-G6012-P601201.s2-s4_reseg.1450,Artur-N-G6012,train,false,false,NZ,NZ,Artur-N-G6012-P601201,train
4,Artur-N-G6012-P601201.s5_reseg.1451,Artur-N-G6012,train,false,false,NZ,NZ,Artur-N-G6012-P601201,train
38,Artur-N-G6012-P601201.s5-s10_reseg.1452,Artur-N-G6012,train,false,false,NZ,NZ,Artur-N-G6012-P601201,train
19,Artur-N-G6012-P601201.s11-s12_reseg.1453,Artur-N-G6012,train,false,false,NZ,NZ,Artur-N-G6012-P601201,train
11,Artur-N-G6012-P601201.s13_reseg.1454,Artur-N-G6012,train,false,false,NZ,NZ,Artur-N-G6012-P601201,train
24,Artur-N-G6012-P601201.s14-s16_reseg.1455,Artur-N-G6012,train,false,false,NZ,NZ,Artur-N-G6012-P601201,train
33,Artur-N-G6012-P601201.s17-s20_reseg.1456,Artur-N-G6012,train,false,false,NZ,NZ,Artur-N-G6012-P601201,train
75,Artur-N-G6012-P601201.s21-s28_reseg.1457,Artur-N-G6012,train,false,false,NZ,NZ,Artur-N-G6012-P601201,train
271,Artur-N-G6012-P601201.s29-s52_reseg.1458,Artur-N-G6012,train,false,false,NZ,NZ,Artur-N-G6012-P601201,train
5,Artur-N-G6012-P601201.s53_reseg.1459,Artur-N-G6012,train,false,false,NZ,NZ,Artur-N-G6012-P601201,train
18,Artur-N-G6012-P601201.s54-s56_reseg.1460,Artur-N-G6012,train,false,false,NZ,NZ,Artur-N-G6012-P601201,train
13,Artur-N-G6012-P601201.s57_reseg.1461,Artur-N-G6012,train,false,false,NZ,NZ,Artur-N-G6012-P601201,train
46,Artur-N-G6012-P601201.s58-s62_reseg.1462,Artur-N-G6012,train,false,false,NZ,NZ,Artur-N-G6012-P601201,train
77,Artur-N-G6012-P601201.s63-s67_reseg.1463,Artur-N-G6012,train,false,false,NZ,NZ,Artur-N-G6012-P601201,train
97,Artur-N-G6012-P601201.s68-s78_reseg.1464,Artur-N-G6012,train,false,false,NZ,NZ,Artur-N-G6012-P601201,train
7,Artur-N-G6012-P601201.s79_reseg.1465,Artur-N-G6012,train,false,false,NZ,NZ,Artur-N-G6012-P601201,train
5,Artur-N-G6012-P601201.s80_reseg.1466,Artur-N-G6012,train,false,false,NZ,NZ,Artur-N-G6012-P601201,train
6,Artur-N-G6012-P601201.s81_reseg.1467,Artur-N-G6012,train,false,false,NZ,NZ,Artur-N-G6012-P601201,train
2,Artur-N-G6012-P601201.s82_reseg.1468,Artur-N-G6012,train,false,false,NZ,NZ,Artur-N-G6012-P601201,train
35,Artur-N-G6012-P601201.s83-s84_reseg.1469,Artur-N-G6012,train,false,false,NZ,NZ,Artur-N-G6012-P601201,train
20,Artur-N-G6012-P601201.s85-s86_reseg.1470,Artur-N-G6012,train,false,false,NZ,NZ,Artur-N-G6012-P601201,train
2,Artur-N-G6012-P601201.s87_reseg.1471,Artur-N-G6012,train,false,false,NZ,NZ,Artur-N-G6012-P601201,train
50,Artur-N-G6012-P601201.s88-s91_reseg.1472,Artur-N-G6012,train,false,false,NZ,NZ,Artur-N-G6012-P601201,train
9,Artur-N-G6012-P601201.s91_reseg.1473,Artur-N-G6012,train,false,false,NZ,NZ,Artur-N-G6012-P601201,train
18,Artur-N-G6012-P601201.s92-s93_reseg.1474,Artur-N-G6012,train,false,false,NZ,NZ,Artur-N-G6012-P601201,train
12,Artur-N-G6012-P601201.s94_reseg.1475,Artur-N-G6012,train,false,false,NZ,NZ,Artur-N-G6012-P601201,train
20,Artur-N-G6012-P601201.s95-s100_reseg.1476,Artur-N-G6012,train,false,false,NZ,NZ,Artur-N-G6012-P601201,train
2,Artur-N-G6007-P600702.s1_reseg.1428,Artur-N-G6007,dev,false,false,NZ,NZ,Artur-N-G6007-P600702,test
11,Artur-N-G6007-P600702.s2_reseg.1429,Artur-N-G6007,dev,false,false,NZ,NZ,Artur-N-G6007-P600702,test
32,Artur-N-G6007-P600702.s3-s4_reseg.1430,Artur-N-G6007,dev,false,false,NZ,NZ,Artur-N-G6007-P600702,test
38,Artur-N-G6007-P600702.s5-s8_reseg.1431,Artur-N-G6007,dev,false,false,NZ,NZ,Artur-N-G6007-P600702,test
29,Artur-N-G6007-P600702.s9-s11_reseg.1432,Artur-N-G6007,dev,false,false,NZ,NZ,Artur-N-G6007-P600702,test
90,Artur-N-G6007-P600702.s12-s18_reseg.1433,Artur-N-G6007,dev,false,false,NZ,NZ,Artur-N-G6007-P600702,test
8,Artur-N-G6007-P600702.s19_reseg.1434,Artur-N-G6007,dev,false,false,NZ,NZ,Artur-N-G6007-P600702,test
9,Artur-N-G6007-P600702.s20_reseg.1435,Artur-N-G6007,dev,false,false,NZ,NZ,Artur-N-G6007-P600702,test
20,Artur-N-G6007-P600702.s21-s23_reseg.1436,Artur-N-G6007,dev,false,false,NZ,NZ,Artur-N-G6007-P600702,test
189,Artur-N-G6007-P600702.s24-s43_reseg.1437,Artur-N-G6007,dev,false,false,NZ,NZ,Artur-N-G6007-P600702,test
28,Artur-N-G6007-P600702.s44-s45_reseg.1438,Artur-N-G6007,dev,false,false,NZ,NZ,Artur-N-G6007-P600702,test
10,Artur-N-G6007-P600702.s46_reseg.1439,Artur-N-G6007,dev,false,false,NZ,NZ,Artur-N-G6007-P600702,test
31,Artur-N-G6007-P600702.s47-s49_reseg.1440,Artur-N-G6007,dev,false,false,NZ,NZ,Artur-N-G6007-P600702,test
35,Artur-N-G6007-P600702.s50-s54_reseg.1441,Artur-N-G6007,dev,false,false,NZ,NZ,Artur-N-G6007-P600702,test
75,Artur-N-G6007-P600702.s55-s61_reseg.1442,Artur-N-G6007,dev,false,false,NZ,NZ,Artur-N-G6007-P600702,test
13,Artur-N-G6007-P600702.s62_reseg.1443,Artur-N-G6007,dev,false,false,NZ,NZ,Artur-N-G6007-P600702,test
19,Artur-N-G6007-P600702.s63-s66_reseg.1444,Artur-N-G6007,dev,false,false,NZ,NZ,Artur-N-G6007-P600702,test
15,Artur-N-G6007-P600702.s67_reseg.1445,Artur-N-G6007,dev,false,false,NZ,NZ,Artur-N-G6007-P600702,test
47,Artur-N-G6007-P600702.s68-s73_reseg.1446,Artur-N-G6007,dev,false,false,NZ,NZ,Artur-N-G6007-P600702,test
22,Artur-N-G6007-P600702.s73-s75_reseg.1447,Artur-N-G6007,dev,false,false,NZ,NZ,Artur-N-G6007-P600702,test
47,Artur-N-G6007-P600702.s76-s79_reseg.1448,Artur-N-G6007,dev,false,false,NZ,NZ,Artur-N-G6007-P600702,test
10,Artur-J-Gvecg-P580003.s1_reseg.552,Artur-J-G4531,dev,false,false,JI,JI,Artur-J-Gvecg-P580003,train
28,Artur-J-Gvecg-P580003.s1-s3_reseg.553,Artur-J-G4531,dev,false,false,JI,JI,Artur-J-Gvecg-P580003,train
31,Artur-J-Gvecg-P580003.s4-s7_reseg.554,Artur-J-G4531,dev,false,false,JI,JI,Artur-J-Gvecg-P580003,train
11,Artur-J-Gvecg-P580003.s8_reseg.555,Artur-J-G4531,dev,false,false,JI,JI,Artur-J-Gvecg-P580003,train
3,Artur-J-Gvecg-P580003.s9-s11_reseg.556.0,Artur-J-G4531,dev,false,false,JI,JI,Artur-J-Gvecg-P580003,train
5,Artur-J-Gvecg-P580003.s9-s11_reseg.556.1,Artur-J-G4530,dev,false,false,JI,JI,Artur-J-Gvecg-P580003,train
8,Artur-J-Gvecg-P580003.s9-s11_reseg.556.2,Artur-J-G4531,dev,false,false,JI,JI,Artur-J-Gvecg-P580003,train
12,Artur-J-Gvecg-P580003.s12_reseg.557,Artur-J-G4531,dev,false,false,JI,JI,Artur-J-Gvecg-P580003,train
58,Artur-J-Gvecg-P580003.s13-s19_reseg.558,Artur-J-G4530,dev,false,false,JI,JI,Artur-J-Gvecg-P580003,train
39,Artur-J-Gvecg-P580003.s20-s22_reseg.559,Artur-J-G4531,dev,false,false,JI,JI,Artur-J-Gvecg-P580003,train
14,Artur-J-Gvecg-P580003.s22_reseg.560,Artur-J-G4531,dev,false,false,JI,JI,Artur-J-Gvecg-P580003,train
38,Artur-J-Gvecg-P580003.s23-s26_reseg.561,Artur-J-G4530,dev,false,false,JI,JI,Artur-J-Gvecg-P580003,train
93,Artur-J-Gvecg-P580003.s27-s40_reseg.562,Artur-J-G4530,dev,false,false,JI,JI,Artur-J-Gvecg-P580003,train
8,Artur-J-Gvecg-P580003.s41_reseg.563,Artur-J-G4531,dev,false,false,JI,JI,Artur-J-Gvecg-P580003,train
42,Artur-J-Gvecg-P580003.s42-s44_reseg.564,Artur-J-G4530,dev,false,false,JI,JI,Artur-J-Gvecg-P580003,train
81,Artur-J-Gvecg-P580003.s45-s51_reseg.565,Artur-J-G4530,dev,false,false,JI,JI,Artur-J-Gvecg-P580003,train
64,Artur-J-Gvecg-P580003.s52-s59_reseg.566,Artur-J-G4530,dev,false,false,JI,JI,Artur-J-Gvecg-P580003,train
16,Artur-J-Gvecg-P580003.s60-s62_reseg.567,Artur-J-G4530,dev,false,false,JI,JI,Artur-J-Gvecg-P580003,train
12,Artur-J-Gvecg-P580003.s63-s64_reseg.568,Artur-J-G4531,dev,false,false,JI,JI,Artur-J-Gvecg-P580003,train
31,Artur-J-Gvecg-P580003.s65-s66_reseg.569,Artur-J-G4530,dev,false,false,JI,JI,Artur-J-Gvecg-P580003,train
15,Artur-J-Gvecg-P580003.s67-s68_reseg.570,Artur-J-G4531,dev,false,false,JI,JI,Artur-J-Gvecg-P580003,train
24,Artur-J-Gvecg-P580003.s69-s72_reseg.571.0,Artur-J-G4530,dev,false,false,JI,JI,Artur-J-Gvecg-P580003,train
3,Artur-J-Gvecg-P580003.s72_reseg.572.1,Artur-J-G4531,dev,false,false,JI,JI,Artur-J-Gvecg-P580003,train
18,Artur-J-Gvecg-P580003.s73_reseg.572.3,Artur-J-G4530,dev,false,false,JI,JI,Artur-J-Gvecg-P580003,train
60,Artur-J-Gvecg-P580003.s73-s81_reseg.573,Artur-J-G4530,dev,false,false,JI,JI,Artur-J-Gvecg-P580003,train
11,Artur-J-Gvecg-P580003.s82-s83_reseg.574,Artur-J-G4531,dev,false,false,JI,JI,Artur-J-Gvecg-P580003,train
10,Artur-J-Gvecg-P580003.s84-s85_reseg.575,Artur-J-G4531,dev,false,false,JI,JI,Artur-J-Gvecg-P580003,train
38,Artur-J-Gvecg-P580003.s86-s89_reseg.576,Artur-J-G4531,dev,false,false,JI,JI,Artur-J-Gvecg-P580003,train
41,Artur-J-Gvecg-P580003.s90-s94_reseg.577,Artur-J-G4530,dev,false,false,JI,JI,Artur-J-Gvecg-P580003,train
72,Artur-J-Gvecg-P580003.s95-s99_reseg.578,Artur-J-G4530,dev,false,false,JI,JI,Artur-J-Gvecg-P580003,train
53,Artur-J-Gvecg-P580003.s100-s103_reseg.579,Artur-J-G4531,dev,false,false,JI,JI,Artur-J-Gvecg-P580003,train
5,Artur-J-Gvecg-P580003.s104-s105_reseg.580,Artur-J-G4531,dev,false,false,JI,JI,Artur-J-Gvecg-P580003,train
82,Artur-J-Gvecg-P580003.s106-s113_reseg.581,Artur-J-G4530,dev,false,false,JI,JI,Artur-J-Gvecg-P580003,train
35,Artur-N-G5035-P600034.s1-s3_reseg.1098,Artur-N-G5035,dev,false,false,NZ,NZ,Artur-N-G5035-P600034,train
21,Artur-N-G5035-P600034.s4_reseg.1099,Artur-N-G5035,dev,false,false,NZ,NZ,Artur-N-G5035-P600034,train
16,Artur-N-G5035-P600034.s5_reseg.1100,Artur-N-G5035,dev,false,false,NZ,NZ,Artur-N-G5035-P600034,train
10,Artur-N-G5035-P600034.s6_reseg.1101,Artur-N-G5035,dev,false,false,NZ,NZ,Artur-N-G5035-P600034,train
2,Artur-N-G5035-P600034.s7_reseg.1102,Artur-N-G5035,dev,false,false,NZ,NZ,Artur-N-G5035-P600034,train
63,Artur-N-G5035-P600034.s8-s12_reseg.1103,Artur-N-G5035,dev,false,false,NZ,NZ,Artur-N-G5035-P600034,train
29,Artur-N-G5035-P600034.s13-s15_reseg.1104,Artur-N-G5035,dev,false,false,NZ,NZ,Artur-N-G5035-P600034,train
23,Artur-N-G5035-P600034.s16-s18_reseg.1105,Artur-N-G5035,dev,false,false,NZ,NZ,Artur-N-G5035-P600034,train
7,Artur-N-G5035-P600034.s19_reseg.1106,Artur-N-G5035,dev,false,false,NZ,NZ,Artur-N-G5035-P600034,train
5,Artur-N-G5035-P600034.s20_reseg.1107,Artur-N-G5035,dev,false,false,NZ,NZ,Artur-N-G5035-P600034,train
10,Artur-N-G5035-P600034.s21_reseg.1108,Artur-N-G5035,dev,false,false,NZ,NZ,Artur-N-G5035-P600034,train
30,Artur-N-G5035-P600034.s22-s24_reseg.1109,Artur-N-G5035,dev,false,false,NZ,NZ,Artur-N-G5035-P600034,train
12,Artur-N-G5035-P600034.s25_reseg.1110,Artur-N-G5035,dev,false,false,NZ,NZ,Artur-N-G5035-P600034,train
27,Artur-N-G5035-P600034.s26_reseg.1111,Artur-N-G5035,dev,false,false,NZ,NZ,Artur-N-G5035-P600034,train
24,Artur-N-G5035-P600034.s27-s28_reseg.1112,Artur-N-G5035,dev,false,false,NZ,NZ,Artur-N-G5035-P600034,train
8,Artur-N-G5035-P600034.s29-s30_reseg.1113,Artur-N-G5035,dev,false,false,NZ,NZ,Artur-N-G5035-P600034,train
15,Artur-N-G5035-P600034.s31_reseg.1114,Artur-N-G5035,dev,false,false,NZ,NZ,Artur-N-G5035-P600034,train
91,Artur-N-G5035-P600034.s32-s38_reseg.1115,Artur-N-G5035,dev,false,false,NZ,NZ,Artur-N-G5035-P600034,train
27,Artur-N-G5035-P600034.s39-s41_reseg.1116,Artur-N-G5035,dev,false,false,NZ,NZ,Artur-N-G5035-P600034,train
26,Artur-N-G5035-P600034.s42-s43_reseg.1117,Artur-N-G5035,dev,false,false,NZ,NZ,Artur-N-G5035-P600034,train
14,Artur-N-G5035-P600034.s44_reseg.1118,Artur-N-G5035,dev,false,false,NZ,NZ,Artur-N-G5035-P600034,train
14,Artur-N-G5035-P600034.s45_reseg.1119,Artur-N-G5035,dev,false,false,NZ,NZ,Artur-N-G5035-P600034,train
39,Artur-N-G5035-P600034.s46-s48_reseg.1120,Artur-N-G5035,dev,false,false,NZ,NZ,Artur-N-G5035-P600034,train
37,Artur-N-G5035-P600034.s49-s50_reseg.1121,Artur-N-G5035,dev,false,false,NZ,NZ,Artur-N-G5035-P600034,train
14,Artur-N-G5035-P600034.s51-s52_reseg.1122,Artur-N-G5035,dev,false,false,NZ,NZ,Artur-N-G5035-P600034,train
8,Artur-N-G5035-P600034.s53_reseg.1123,Artur-N-G5035,dev,false,false,NZ,NZ,Artur-N-G5035-P600034,train
8,Artur-N-G5035-P600034.s54_reseg.1124,Artur-N-G5035,dev,false,false,NZ,NZ,Artur-N-G5035-P600034,train
33,Artur-N-G5035-P600034.s55-s57_reseg.1125,Artur-N-G5035,dev,false,false,NZ,NZ,Artur-N-G5035-P600034,train
9,Artur-N-G5035-P600034.s57-s58_reseg.1126,Artur-N-G5035,dev,false,false,NZ,NZ,Artur-N-G5035-P600034,train
8,Artur-J-Gvecg-P500048.s1_reseg.350,Artur-J-G3098,dev,false,false,JI,JI,Artur-J-Gvecg-P500048,train
21,Artur-J-Gvecg-P500048.s1-s2_reseg.351,Artur-J-G3098,dev,false,false,JI,JI,Artur-J-Gvecg-P500048,train
36,Artur-J-Gvecg-P500048.s3-s6_reseg.352,Artur-J-G3098,dev,false,false,JI,JI,Artur-J-Gvecg-P500048,train
61,Artur-J-Gvecg-P500048.s7-s12_reseg.353,Artur-J-G3098,dev,false,false,JI,JI,Artur-J-Gvecg-P500048,train
6,Artur-J-Gvecg-P500048.s13_reseg.354,Artur-J-G3097,dev,false,false,JI,JI,Artur-J-Gvecg-P500048,train
34,Artur-J-Gvecg-P500048.s14-s16_reseg.355,Artur-J-G3097,dev,false,false,JI,JI,Artur-J-Gvecg-P500048,train
24,Artur-J-Gvecg-P500048.s17-s19_reseg.356,Artur-J-G3097,dev,false,false,JI,JI,Artur-J-Gvecg-P500048,train
25,Artur-J-Gvecg-P500048.s20-s21_reseg.357,Artur-J-G3097,dev,false,false,JI,JI,Artur-J-Gvecg-P500048,train
26,Artur-J-Gvecg-P500048.s22-s23_reseg.358,Artur-J-G3097,dev,false,false,JI,JI,Artur-J-Gvecg-P500048,train
9,Artur-J-Gvecg-P500048.s24_reseg.359,Artur-J-G3097,dev,false,false,JI,JI,Artur-J-Gvecg-P500048,train
27,Artur-J-Gvecg-P500048.s25-s26_reseg.360,Artur-J-G3097,dev,false,false,JI,JI,Artur-J-Gvecg-P500048,train
42,Artur-J-Gvecg-P500048.s27-s30_reseg.361,Artur-J-G3097,dev,false,false,JI,JI,Artur-J-Gvecg-P500048,train
9,Artur-J-Gvecg-P500048.s31_reseg.362,Artur-J-G3023,dev,false,false,JI,JI,Artur-J-Gvecg-P500048,train
23,Artur-J-Gvecg-P500048.s32-s33_reseg.363,Artur-J-G3023,dev,false,false,JI,JI,Artur-J-Gvecg-P500048,train
16,Artur-J-Gvecg-P500048.s34-s36_reseg.364,Artur-J-G3023,dev,false,false,JI,JI,Artur-J-Gvecg-P500048,train
57,Artur-J-Gvecg-P500048.s37-s41_reseg.365,Artur-J-G3023,dev,false,false,JI,JI,Artur-J-Gvecg-P500048,train
79,Artur-J-Gvecg-P500048.s42-s48_reseg.366,Artur-J-G3023,dev,false,false,JI,JI,Artur-J-Gvecg-P500048,train
13,Artur-J-Gvecg-P500048.s49_reseg.367,Artur-J-G3023,dev,false,false,JI,JI,Artur-J-Gvecg-P500048,train
14,Artur-J-Gvecg-P500048.s49-s50_reseg.368,Artur-J-G3023,dev,false,false,JI,JI,Artur-J-Gvecg-P500048,train
60,Artur-J-Gvecg-P500048.s51-s55_reseg.369,Artur-J-G3023,dev,false,false,JI,JI,Artur-J-Gvecg-P500048,train
54,Artur-J-Gvecg-P500048.s56-s60_reseg.370,Artur-J-G3023,dev,false,false,JI,JI,Artur-J-Gvecg-P500048,train
57,Artur-J-Gvecg-P500048.s61-s66_reseg.371,Artur-J-G3023,dev,false,false,JI,JI,Artur-J-Gvecg-P500048,train
48,Artur-J-Gvecg-P500048.s66-s71_reseg.372,Artur-J-G3023,dev,false,false,JI,JI,Artur-J-Gvecg-P500048,train
15,Artur-J-Gvecg-P500048.s71_reseg.373,Artur-J-G3023,dev,false,false,JI,JI,Artur-J-Gvecg-P500048,train
53,Artur-J-Gvecg-P500048.s72-s74_reseg.374,Artur-J-G3023,dev,false,false,JI,JI,Artur-J-Gvecg-P500048,train
58,Artur-J-Gvecg-P500048.s74-s78_reseg.375,Artur-J-G3023,dev,false,false,JI,JI,Artur-J-Gvecg-P500048,train
65,Artur-J-Gvecg-P500048.s79-s83_reseg.376,Artur-J-G3023,dev,false,false,JI,JI,Artur-J-Gvecg-P500048,train
64,Artur-J-Gvecg-P500048.s83-s85_reseg.377,Artur-J-G3023,dev,false,false,JI,JI,Artur-J-Gvecg-P500048,train
52,Artur-J-Gvecg-P500048.s86-s88_reseg.378,Artur-J-G3023,dev,false,false,JI,JI,Artur-J-Gvecg-P500048,train
17,Artur-J-Gvecg-P500048.s89_reseg.379,Artur-J-G3023,dev,false,false,JI,JI,Artur-J-Gvecg-P500048,train
4,Artur-J-Gvecg-P500048.s90_reseg.380,Artur-J-G3098,dev,false,false,JI,JI,Artur-J-Gvecg-P500048,train
32,Artur-J-Gvecg-P500048.s90-s92_reseg.381,Artur-J-G3098,dev,false,false,JI,JI,Artur-J-Gvecg-P500048,train
18,Artur-N-G6001-P600102.s1-s3_reseg.1401,Artur-N-G6001,dev,false,false,NZ,NZ,Artur-N-G6001-P600102,train
24,Artur-N-G6001-P600102.s4-s6_reseg.1402,Artur-N-G6001,dev,false,false,NZ,NZ,Artur-N-G6001-P600102,train
29,Artur-N-G6001-P600102.s7-s8_reseg.1403,Artur-N-G6001,dev,false,false,NZ,NZ,Artur-N-G6001-P600102,train
11,Artur-N-G6001-P600102.s9_reseg.1404,Artur-N-G6001,dev,false,false,NZ,NZ,Artur-N-G6001-P600102,train
21,Artur-N-G6001-P600102.s10_reseg.1405,Artur-N-G6001,dev,false,false,NZ,NZ,Artur-N-G6001-P600102,train
35,Artur-N-G6001-P600102.s11-s13_reseg.1406,Artur-N-G6001,dev,false,false,NZ,NZ,Artur-N-G6001-P600102,train
7,Artur-N-G6001-P600102.s13-s14_reseg.1407,Artur-N-G6001,dev,false,false,NZ,NZ,Artur-N-G6001-P600102,train
38,Artur-N-G6001-P600102.s15-s17_reseg.1408,Artur-N-G6001,dev,false,false,NZ,NZ,Artur-N-G6001-P600102,train
20,Artur-N-G6001-P600102.s18_reseg.1409,Artur-N-G6001,dev,false,false,NZ,NZ,Artur-N-G6001-P600102,train
84,Artur-N-G6001-P600102.s19-s25_reseg.1410,Artur-N-G6001,dev,false,false,NZ,NZ,Artur-N-G6001-P600102,train
28,Artur-N-G6001-P600102.s25-s29_reseg.1411,Artur-N-G6001,dev,false,false,NZ,NZ,Artur-N-G6001-P600102,train
32,Artur-N-G6001-P600102.s30-s32_reseg.1412,Artur-N-G6001,dev,false,false,NZ,NZ,Artur-N-G6001-P600102,train
37,Artur-N-G6001-P600102.s33-s37_reseg.1413,Artur-N-G6001,dev,false,false,NZ,NZ,Artur-N-G6001-P600102,train
20,Artur-N-G6001-P600102.s38-s40_reseg.1414,Artur-N-G6001,dev,false,false,NZ,NZ,Artur-N-G6001-P600102,train
10,Artur-N-G6001-P600102.s41-s42_reseg.1415,Artur-N-G6001,dev,false,false,NZ,NZ,Artur-N-G6001-P600102,train
43,Artur-N-G6001-P600102.s43-s45_reseg.1416,Artur-N-G6001,dev,false,false,NZ,NZ,Artur-N-G6001-P600102,train
49,Artur-N-G6001-P600102.s46-s53_reseg.1417,Artur-N-G6001,dev,false,false,NZ,NZ,Artur-N-G6001-P600102,train
44,Artur-N-G6001-P600102.s54-s58_reseg.1418,Artur-N-G6001,dev,false,false,NZ,NZ,Artur-N-G6001-P600102,train
11,Artur-N-G6001-P600102.s59_reseg.1419,Artur-N-G6001,dev,false,false,NZ,NZ,Artur-N-G6001-P600102,train
18,Artur-N-G6001-P600102.s60-s62_reseg.1420,Artur-N-G6001,dev,false,false,NZ,NZ,Artur-N-G6001-P600102,train
66,Artur-N-G6001-P600102.s63-s67_reseg.1421,Artur-N-G6001,dev,false,false,NZ,NZ,Artur-N-G6001-P600102,train
37,Artur-N-G6001-P600102.s68-s73_reseg.1422,Artur-N-G6001,dev,false,false,NZ,NZ,Artur-N-G6001-P600102,train
12,Artur-N-G6001-P600102.s74-s77_reseg.1423,Artur-N-G6001,dev,false,false,NZ,NZ,Artur-N-G6001-P600102,train
26,Artur-N-G6001-P600102.s78-s81_reseg.1424,Artur-N-G6001,dev,false,false,NZ,NZ,Artur-N-G6001-P600102,train
43,Artur-N-G6001-P600102.s82-s87_reseg.1425,Artur-N-G6001,dev,false,false,NZ,NZ,Artur-N-G6001-P600102,train
35,Artur-N-G6001-P600102.s88-s89_reseg.1426,Artur-N-G6001,dev,false,false,NZ,NZ,Artur-N-G6001-P600102,train
58,Artur-N-G6001-P600102.s90-s96_reseg.1427,Artur-N-G6001,dev,false,false,NZ,NZ,Artur-N-G6001-P600102,train
81,Artur-N-G6083-P608301.s1-s14_reseg.1615,Artur-N-G6083,dev,false,false,NZ,NZ,Artur-N-G6083-P608301,dev
18,Artur-N-G6083-P608301.s15-s16_reseg.1616,Artur-N-G6083,dev,false,false,NZ,NZ,Artur-N-G6083-P608301,dev
26,Artur-N-G6083-P608301.s17-s20_reseg.1617,Artur-N-G6083,dev,false,false,NZ,NZ,Artur-N-G6083-P608301,dev
33,Artur-N-G6083-P608301.s21-s24_reseg.1618,Artur-N-G6083,dev,false,false,NZ,NZ,Artur-N-G6083-P608301,dev
42,Artur-N-G6083-P608301.s25-s29_reseg.1619,Artur-N-G6083,dev,false,false,NZ,NZ,Artur-N-G6083-P608301,dev
3,Artur-N-G6083-P608301.s30_reseg.1620,Artur-N-G6083,dev,false,false,NZ,NZ,Artur-N-G6083-P608301,dev
18,Artur-N-G6083-P608301.s31-s33_reseg.1621,Artur-N-G6083,dev,false,false,NZ,NZ,Artur-N-G6083-P608301,dev
16,Artur-N-G6083-P608301.s33-s36_reseg.1622,Artur-N-G6083,dev,false,false,NZ,NZ,Artur-N-G6083-P608301,dev
2,Artur-N-G6083-P608301.s37_reseg.1623,Artur-N-G6083,dev,false,false,NZ,NZ,Artur-N-G6083-P608301,dev
5,Artur-N-G6083-P608301.s38_reseg.1624,Artur-N-G6083,dev,false,false,NZ,NZ,Artur-N-G6083-P608301,dev
14,Artur-N-G6083-P608301.s38-s39_reseg.1625,Artur-N-G6083,dev,false,false,NZ,NZ,Artur-N-G6083-P608301,dev
47,Artur-N-G6083-P608301.s40-s47_reseg.1626,Artur-N-G6083,dev,false,false,NZ,NZ,Artur-N-G6083-P608301,dev
13,Artur-N-G6083-P608301.s48-s49_reseg.1627,Artur-N-G6083,dev,false,false,NZ,NZ,Artur-N-G6083-P608301,dev
19,Artur-N-G6083-P608301.s49-s51_reseg.1628,Artur-N-G6083,dev,false,false,NZ,NZ,Artur-N-G6083-P608301,dev
2,Artur-N-G6083-P608301.s52_reseg.1629,Artur-N-G6083,dev,false,false,NZ,NZ,Artur-N-G6083-P608301,dev
5,Artur-N-G6083-P608301.s53_reseg.1630,Artur-N-G6083,dev,false,false,NZ,NZ,Artur-N-G6083-P608301,dev
28,Artur-N-G6083-P608301.s54-s58_reseg.1631,Artur-N-G6083,dev,false,false,NZ,NZ,Artur-N-G6083-P608301,dev
33,Artur-N-G6083-P608301.s59-s63_reseg.1632,Artur-N-G6083,dev,false,false,NZ,NZ,Artur-N-G6083-P608301,dev
7,Artur-N-G6083-P608301.s64_reseg.1633,Artur-N-G6083,dev,false,false,NZ,NZ,Artur-N-G6083-P608301,dev
35,Artur-N-G6083-P608301.s64-s67_reseg.1634,Artur-N-G6083,dev,false,false,NZ,NZ,Artur-N-G6083-P608301,dev
2,Artur-N-G6083-P608301.s68_reseg.1635,Artur-N-G6083,dev,false,false,NZ,NZ,Artur-N-G6083-P608301,dev
5,Artur-N-G6083-P608301.s69_reseg.1636,Artur-N-G6083,dev,false,false,NZ,NZ,Artur-N-G6083-P608301,dev
5,Artur-N-G6083-P608301.s70_reseg.1637,Artur-N-G6083,dev,false,false,NZ,NZ,Artur-N-G6083-P608301,dev
48,Artur-N-G6083-P608301.s70-s77_reseg.1638,Artur-N-G6083,dev,false,false,NZ,NZ,Artur-N-G6083-P608301,dev
11,Artur-N-G6083-P608301.s78-s79_reseg.1639,Artur-N-G6083,dev,false,false,NZ,NZ,Artur-N-G6083-P608301,dev
35,Artur-N-G6083-P608301.s80-s83_reseg.1640,Artur-N-G6083,dev,false,false,NZ,NZ,Artur-N-G6083-P608301,dev
9,Artur-N-G6083-P608301.s84_reseg.1641,Artur-N-G6083,dev,false,false,NZ,NZ,Artur-N-G6083-P608301,dev
21,Artur-N-G6083-P608301.s85-s87_reseg.1642,Artur-N-G6083,dev,false,false,NZ,NZ,Artur-N-G6083-P608301,dev
13,Artur-N-G6083-P608301.s88-s89_reseg.1643,Artur-N-G6083,dev,false,false,NZ,NZ,Artur-N-G6083-P608301,dev
23,Artur-N-G6083-P608301.s90-s91_reseg.1644,Artur-N-G6083,dev,false,false,NZ,NZ,Artur-N-G6083-P608301,dev
56,Artur-N-G6083-P608301.s92-s95_reseg.1645,Artur-N-G6083,dev,false,false,NZ,NZ,Artur-N-G6083-P608301,dev
15,Artur-N-G6083-P608301.s95-s96_reseg.1646,Artur-N-G6083,dev,false,false,NZ,NZ,Artur-N-G6083-P608301,dev
22,Artur-N-G6083-P608301.s97-s101_reseg.1647,Artur-N-G6083,dev,false,false,NZ,NZ,Artur-N-G6083-P608301,dev
10,Artur-N-G6083-P608301.s101-s102_reseg.1648,Artur-N-G6083,dev,false,false,NZ,NZ,Artur-N-G6083-P608301,dev
7,Artur-N-G6083-P608301.s102_reseg.1649,Artur-N-G6083,dev,false,false,NZ,NZ,Artur-N-G6083-P608301,dev
12,Artur-N-G6083-P608301.s103-s104_reseg.1650,Artur-N-G6083,dev,false,false,NZ,NZ,Artur-N-G6083-P608301,dev
2,Artur-N-G6083-P608301.s105_reseg.1651,Artur-N-G6083,dev,false,false,NZ,NZ,Artur-N-G6083-P608301,dev
69,Artur-N-G6083-P608301.s105-s110_reseg.1652,Artur-N-G6083,dev,false,false,NZ,NZ,Artur-N-G6083-P608301,dev
49,Artur-N-G6083-P608301.s111-s116_reseg.1653,Artur-N-G6083,dev,false,false,NZ,NZ,Artur-N-G6083-P608301,dev
7,Artur-P-G7065-P701064.s1-s2_reseg.1901,Artur-P-G7065,dev,false,false,JI,JI,Artur-P-G7065-P701064,train
30,Artur-P-G7065-P701064.s3-s8_reseg.1902,Artur-P-G7065,dev,false,false,JI,JI,Artur-P-G7065-P701064,train
17,Artur-P-G7065-P701064.s9-s11_reseg.1903,Artur-P-G7065,dev,false,false,JI,JI,Artur-P-G7065-P701064,train
58,Artur-P-G7065-P701064.s12-s23_reseg.1904,Artur-P-G7065,dev,false,false,JI,JI,Artur-P-G7065-P701064,train
84,Artur-P-G7065-P701064.s24-s41_reseg.1905,Artur-P-G7065,dev,false,false,JI,JI,Artur-P-G7065-P701064,train
13,Artur-P-G7065-P701064.s42-s44_reseg.1906,Artur-P-G7065,dev,false,false,JI,JI,Artur-P-G7065-P701064,train
35,Artur-P-G7065-P701064.s45-s51_reseg.1907,Artur-P-G7065,dev,false,false,JI,JI,Artur-P-G7065-P701064,train
33,Artur-P-G7065-P701064.s52-s60_reseg.1908,Artur-P-G7065,dev,false,false,JI,JI,Artur-P-G7065-P701064,train
21,Artur-P-G7065-P701064.s61-s63_reseg.1909,Artur-P-G7065,dev,false,false,JI,JI,Artur-P-G7065-P701064,train
25,Artur-P-G7065-P701064.s64-s70_reseg.1910,Artur-P-G7065,dev,false,false,JI,JI,Artur-P-G7065-P701064,train
34,Artur-P-G7065-P701064.s71-s80_reseg.1911,Artur-P-G7065,dev,false,false,JI,JI,Artur-P-G7065-P701064,train
49,Artur-P-G7065-P701064.s81-s88_reseg.1912,Artur-P-G7065,dev,false,false,JI,JI,Artur-P-G7065-P701064,train
18,Artur-P-G7065-P701064.s89-s92_reseg.1913,Artur-P-G7065,dev,false,false,JI,JI,Artur-P-G7065-P701064,train
22,Artur-P-G7065-P701064.s93-s98_reseg.1914,Artur-P-G7065,dev,false,false,JI,JI,Artur-P-G7065-P701064,train
19,Artur-P-G7065-P701064.s99-s104_reseg.1915,Artur-P-G7065,dev,false,false,JI,JI,Artur-P-G7065-P701064,train
16,Artur-P-G7065-P701064.s105-s107_reseg.1916,Artur-P-G7065,dev,false,false,JI,JI,Artur-P-G7065-P701064,train
38,Artur-P-G7065-P701064.s108-s114_reseg.1917,Artur-P-G7065,dev,false,false,JI,JI,Artur-P-G7065-P701064,train
28,Artur-P-G7065-P701064.s115-s122_reseg.1918,Artur-P-G7065,dev,false,false,JI,JI,Artur-P-G7065-P701064,train
14,Artur-P-G7065-P701064.s123-s126_reseg.1919,Artur-P-G7065,dev,false,false,JI,JI,Artur-P-G7065-P701064,train
4,Artur-P-G7065-P701064.s127-s128_reseg.1920,Artur-P-G7065,dev,false,false,JI,JI,Artur-P-G7065-P701064,train
4,Artur-P-G7065-P701064.s128_reseg.1921,Artur-P-G7065,dev,false,false,JI,JI,Artur-P-G7065-P701064,train
48,Artur-P-G7065-P701064.s129-s138_reseg.1922,Artur-P-G7065,dev,false,false,JI,JI,Artur-P-G7065-P701064,train
20,Artur-P-G7065-P701064.s139-s143_reseg.1923,Artur-P-G7065,dev,false,false,JI,JI,Artur-P-G7065-P701064,train
27,Artur-P-G7065-P701064.s144-s148_reseg.1924,Artur-P-G7065,dev,false,false,JI,JI,Artur-P-G7065-P701064,train
50,Artur-P-G7065-P701064.s149-s158_reseg.1925,Artur-P-G7065,dev,false,false,JI,JI,Artur-P-G7065-P701064,train
25,Artur-P-G7065-P701064.s159-s163_reseg.1926,Artur-P-G7065,dev,false,false,JI,JI,Artur-P-G7065-P701064,train
3,Artur-P-G7065-P701064.s164_reseg.1927,Artur-P-G7065,dev,false,false,JI,JI,Artur-P-G7065-P701064,train
18,Artur-P-G7065-P701064.s165-s168_reseg.1928,Artur-P-G7065,dev,false,false,JI,JI,Artur-P-G7065-P701064,train
4,Artur-P-G7065-P701064.s169_reseg.1929,Artur-P-G7065,dev,false,false,JI,JI,Artur-P-G7065-P701064,train
24,Artur-P-G7065-P701064.s170-s175_reseg.1930,Artur-P-G7065,dev,false,false,JI,JI,Artur-P-G7065-P701064,train
37,Artur-P-G7065-P701064.s176-s183_reseg.1931,Artur-P-G7065,dev,false,false,JI,JI,Artur-P-G7065-P701064,train
16,Artur-N-G5082-P600080.s1_reseg.1333,Artur-N-G5082,dev,false,false,NZ,NZ,Artur-N-G5082-P600080,train
19,Artur-N-G5082-P600080.s1-s2_reseg.1334,Artur-N-G5082,dev,false,false,NZ,NZ,Artur-N-G5082-P600080,train
14,Artur-N-G5082-P600080.s2_reseg.1335,Artur-N-G5082,dev,false,false,NZ,NZ,Artur-N-G5082-P600080,train
8,Artur-N-G5082-P600080.s3_reseg.1336,Artur-N-G5082,dev,false,false,NZ,NZ,Artur-N-G5082-P600080,train
2,Artur-N-G5082-P600080.s4_reseg.1337,Artur-N-G5082,dev,false,false,NZ,NZ,Artur-N-G5082-P600080,train
28,Artur-N-G5082-P600080.s5-s6_reseg.1338,Artur-N-G5082,dev,false,false,NZ,NZ,Artur-N-G5082-P600080,train
8,Artur-N-G5082-P600080.s7_reseg.1339,Artur-N-G5082,dev,false,false,NZ,NZ,Artur-N-G5082-P600080,train
20,Artur-N-G5082-P600080.s8_reseg.1340,Artur-N-G5082,dev,false,false,NZ,NZ,Artur-N-G5082-P600080,train
2,Artur-N-G5082-P600080.s9_reseg.1341,Artur-N-G5082,dev,false,false,NZ,NZ,Artur-N-G5082-P600080,train
15,Artur-N-G5082-P600080.s10_reseg.1342,Artur-N-G5082,dev,false,false,NZ,NZ,Artur-N-G5082-P600080,train
2,Artur-J-Gvecg-P500014.s177_reseg.78,Artur-J-G3020,dev,false,false,JI,JI,Artur-J-Gvecg-P500014,test
61,Artur-J-Gvecg-P500014.s178-s182_reseg.79,Artur-J-G3020,dev,false,false,JI,JI,Artur-J-Gvecg-P500014,test
38,Artur-J-Gvecg-P500014.s183-s185_reseg.80,Artur-J-G3020,dev,false,false,JI,JI,Artur-J-Gvecg-P500014,test
37,Artur-J-Gvecg-P500014.s186-s189_reseg.81,Artur-J-G3020,dev,false,false,JI,JI,Artur-J-Gvecg-P500014,test
21,Artur-J-Gvecg-P500014.s190-s192_reseg.82,Artur-J-G3020,dev,false,false,JI,JI,Artur-J-Gvecg-P500014,test
51,Artur-J-Gvecg-P500014.s193-s197_reseg.83,Artur-J-G3020,dev,false,false,JI,JI,Artur-J-Gvecg-P500014,test
52,Artur-J-Gvecg-P500014.s198-s202_reseg.84,Artur-J-G3020,dev,false,false,JI,JI,Artur-J-Gvecg-P500014,test
17,Artur-J-Gvecg-P500014.s203-s204_reseg.85,Artur-J-G3020,dev,false,false,JI,JI,Artur-J-Gvecg-P500014,test
28,Artur-J-Gvecg-P500014.s205-s207_reseg.86,Artur-J-G3020,dev,false,false,JI,JI,Artur-J-Gvecg-P500014,test
51,Artur-J-Gvecg-P500014.s208-s212_reseg.87,Artur-J-G3020,dev,false,false,JI,JI,Artur-J-Gvecg-P500014,test
34,Artur-J-Gvecg-P500014.s213-s216_reseg.88,Artur-J-G3020,dev,false,false,JI,JI,Artur-J-Gvecg-P500014,test
20,Artur-J-Gvecg-P500014.s217_reseg.89,Artur-J-G3020,dev,false,false,JI,JI,Artur-J-Gvecg-P500014,test
38,Artur-J-Gvecg-P500014.s218-s228_reseg.90,Artur-J-G3020,dev,false,false,JI,JI,Artur-J-Gvecg-P500014,test
51,Artur-J-Gvecg-P500014.s229-s232_reseg.91,Artur-J-G3020,dev,false,false,JI,JI,Artur-J-Gvecg-P500014,test
25,Artur-J-Gvecg-P500014.s233-s236_reseg.92,Artur-J-G3020,dev,false,false,JI,JI,Artur-J-Gvecg-P500014,test
79,Artur-J-Gvecg-P500014.s237-s244_reseg.93,Artur-J-G3020,dev,false,false,JI,JI,Artur-J-Gvecg-P500014,test
38,Artur-J-Gvecg-P500014.s245-s248_reseg.94,Artur-J-G3020,dev,false,false,JI,JI,Artur-J-Gvecg-P500014,test
74,Artur-J-Gvecg-P500014.s249-s254_reseg.95,Artur-J-G3020,dev,false,false,JI,JI,Artur-J-Gvecg-P500014,test
35,Artur-J-Gvecg-P500014.s255-s258_reseg.96,Artur-J-G3020,dev,false,false,JI,JI,Artur-J-Gvecg-P500014,test
30,Artur-J-Gvecg-P500014.s259-s261_reseg.97,Artur-J-G3020,dev,false,false,JI,JI,Artur-J-Gvecg-P500014,test
33,Artur-J-Gvecg-P500014.s262-s266_reseg.98,Artur-J-G3020,dev,false,false,JI,JI,Artur-J-Gvecg-P500014,test
19,Artur-J-Gvecg-P500014.s267-s269_reseg.99,Artur-J-G3020,dev,false,false,JI,JI,Artur-J-Gvecg-P500014,test
24,Artur-J-Gvecg-P500014.s270_reseg.100,Artur-J-G3020,dev,false,false,JI,JI,Artur-J-Gvecg-P500014,test
17,Artur-J-Gvecg-P500014.s271_reseg.101,Artur-J-G3018,dev,false,false,JI,JI,Artur-J-Gvecg-P500014,test
10,Artur-J-Gvecg-P500014.s272-s274_reseg.102,Artur-J-G3018,dev,false,false,JI,JI,Artur-J-Gvecg-P500014,test
17,Artur-J-Gvecg-P500014.s275-s276_reseg.103,Artur-J-G3018,dev,false,false,JI,JI,Artur-J-Gvecg-P500014,test
35,Artur-J-Gvecg-P500014.s277-s279_reseg.104,Artur-J-G3020,dev,false,false,JI,JI,Artur-J-Gvecg-P500014,test
21,Artur-J-Gvecg-P580041.s1_reseg.683,Artur-J-G4531,dev,false,false,JI,JI,Artur-J-Gvecg-P580041,train
14,Artur-J-Gvecg-P580041.s2_reseg.684,Artur-J-G4531,dev,false,false,JI,JI,Artur-J-Gvecg-P580041,train
8,Artur-J-Gvecg-P580041.s3_reseg.685,Artur-J-G4531,dev,false,false,JI,JI,Artur-J-Gvecg-P580041,train
16,Artur-J-Gvecg-P580041.s4_reseg.686,Artur-J-G4521,dev,false,false,JI,JI,Artur-J-Gvecg-P580041,train
18,Artur-J-Gvecg-P580041.s5-s6_reseg.687,Artur-J-G4531,dev,false,false,JI,JI,Artur-J-Gvecg-P580041,train
5,Artur-J-Gvecg-P580041.s7_reseg.688,Artur-J-G4521,dev,false,false,JI,JI,Artur-J-Gvecg-P580041,train
29,Artur-J-Gvecg-P580041.s7_reseg.689,Artur-J-G4521,dev,false,false,JI,JI,Artur-J-Gvecg-P580041,train
27,Artur-J-Gvecg-P580041.s8-s11_reseg.690,Artur-J-G4521,dev,false,false,JI,JI,Artur-J-Gvecg-P580041,train
29,Artur-J-Gvecg-P580041.s11-s13_reseg.691,Artur-J-G4521,dev,false,false,JI,JI,Artur-J-Gvecg-P580041,train
13,Artur-J-Gvecg-P580041.s14_reseg.692,Artur-J-G4531,dev,false,false,JI,JI,Artur-J-Gvecg-P580041,train
12,Artur-J-Gvecg-P580041.s15_reseg.693,Artur-J-G4521,dev,false,false,JI,JI,Artur-J-Gvecg-P580041,train
6,Artur-J-Gvecg-P580041.s15_reseg.694,Artur-J-G4521,dev,false,false,JI,JI,Artur-J-Gvecg-P580041,train
18,Artur-J-Gvecg-P580041.s16-s20_reseg.695,Artur-J-G4521,dev,false,false,JI,JI,Artur-J-Gvecg-P580041,train
18,Artur-J-Gvecg-P580041.s21_reseg.696,Artur-J-G4521,dev,false,false,JI,JI,Artur-J-Gvecg-P580041,train
11,Artur-J-Gvecg-P580041.s22_reseg.697,Artur-J-G4531,dev,false,false,JI,JI,Artur-J-Gvecg-P580041,train
18,Artur-J-Gvecg-P580041.s23_reseg.698,Artur-J-G4521,dev,false,false,JI,JI,Artur-J-Gvecg-P580041,train
34,Artur-J-Gvecg-P580041.s24-s27_reseg.699,Artur-J-G4521,dev,false,false,JI,JI,Artur-J-Gvecg-P580041,train
14,Artur-J-Gvecg-P580041.s28_reseg.700,Artur-J-G4521,dev,false,false,JI,JI,Artur-J-Gvecg-P580041,train
9,Artur-J-Gvecg-P580041.s29_reseg.701,Artur-J-G4531,dev,false,false,JI,JI,Artur-J-Gvecg-P580041,train
5,Artur-J-Gvecg-P580041.s30_reseg.702,Artur-J-G4521,dev,false,false,JI,JI,Artur-J-Gvecg-P580041,train
4,Artur-J-Gvecg-P580041.s31_reseg.703,Artur-J-G4521,dev,false,false,JI,JI,Artur-J-Gvecg-P580041,train
8,Artur-J-Gvecg-P580041.s32_reseg.704,Artur-J-G4521,dev,false,false,JI,JI,Artur-J-Gvecg-P580041,train
9,Artur-J-Gvecg-P580041.s33_reseg.705,Artur-J-G4531,dev,false,false,JI,JI,Artur-J-Gvecg-P580041,train
9,Artur-J-Gvecg-P580041.s34_reseg.706,Artur-J-G4531,dev,false,false,JI,JI,Artur-J-Gvecg-P580041,train
9,Artur-J-Gvecg-P580041.s35_reseg.707,Artur-J-G4531,dev,false,false,JI,JI,Artur-J-Gvecg-P580041,train
39,Artur-J-Gvecg-P580041.s36-s37_reseg.708,Artur-J-G4531,dev,false,false,JI,JI,Artur-J-Gvecg-P580041,train
33,Artur-J-Gvecg-P580041.s37-s39_reseg.709,Artur-J-G4521,dev,false,false,JI,JI,Artur-J-Gvecg-P580041,train
14,Artur-J-Gvecg-P580041.s40_reseg.710,Artur-J-G4531,dev,false,false,JI,JI,Artur-J-Gvecg-P580041,train
6,Artur-J-Gvecg-P580041.s41_reseg.711,Artur-J-G4531,dev,false,false,JI,JI,Artur-J-Gvecg-P580041,train
12,Artur-J-Gvecg-P580041.s42_reseg.712,Artur-J-G4531,dev,false,false,JI,JI,Artur-J-Gvecg-P580041,train
21,Artur-J-Gvecg-P580041.s43-s44_reseg.713,Artur-J-G4521,dev,false,false,JI,JI,Artur-J-Gvecg-P580041,train
14,Artur-J-Gvecg-P580041.s45_reseg.714,Artur-J-G4521,dev,false,false,JI,JI,Artur-J-Gvecg-P580041,train
39,Artur-J-Gvecg-P580041.s46-s50_reseg.715,Artur-J-G4521,dev,false,false,JI,JI,Artur-J-Gvecg-P580041,train
7,Artur-J-Gvecg-P580041.s51_reseg.716,Artur-J-G4531,dev,false,false,JI,JI,Artur-J-Gvecg-P580041,train
2,Artur-J-Gvecg-P580041.s52_reseg.717,Artur-J-G4521,dev,false,false,JI,JI,Artur-J-Gvecg-P580041,train
9,Artur-J-Gvecg-P580041.s53_reseg.718,Artur-J-G4531,dev,false,false,JI,JI,Artur-J-Gvecg-P580041,train
47,Artur-J-Gvecg-P580041.s54-s55_reseg.719,Artur-J-G4521,dev,false,false,JI,JI,Artur-J-Gvecg-P580041,train
6,Artur-J-Gvecg-P580041.s56_reseg.720,Artur-J-G4521,dev,false,false,JI,JI,Artur-J-Gvecg-P580041,train
28,Artur-J-Gvecg-P580041.s57-s58_reseg.721,Artur-J-G4521,dev,false,false,JI,JI,Artur-J-Gvecg-P580041,train
47,Artur-J-Gvecg-P580041.s59-s64_reseg.722,Artur-J-G4521,dev,false,false,JI,JI,Artur-J-Gvecg-P580041,train
3,Artur-J-Gvecg-P580041.s65_reseg.723,Artur-J-G4531,dev,false,false,JI,JI,Artur-J-Gvecg-P580041,train
4,Artur-J-Gvecg-P580041.s66_reseg.724,Artur-J-G4521,dev,false,false,JI,JI,Artur-J-Gvecg-P580041,train
7,Artur-J-Gvecg-P580041.s67_reseg.725,Artur-J-G4531,dev,false,false,JI,JI,Artur-J-Gvecg-P580041,train
17,Artur-J-Gvecg-P580041.s67-s68_reseg.726,Artur-J-G4531,dev,false,false,JI,JI,Artur-J-Gvecg-P580041,train
12,Artur-J-Gvecg-P580041.s69_reseg.727,Artur-J-G4531,dev,false,false,JI,JI,Artur-J-Gvecg-P580041,train
7,Artur-J-Gvecg-P580041.s70_reseg.728,Artur-J-G4531,dev,false,false,JI,JI,Artur-J-Gvecg-P580041,train
7,Artur-J-Gvecg-P580041.s71_reseg.729,Artur-J-G4521,dev,false,false,JI,JI,Artur-J-Gvecg-P580041,train
20,Artur-J-Gvecg-P580041.s71-s72_reseg.730,Artur-J-G4521,dev,false,false,JI,JI,Artur-J-Gvecg-P580041,train
11,Artur-J-Gvecg-P580041.s73-s74_reseg.731,Artur-J-G4521,dev,false,false,JI,JI,Artur-J-Gvecg-P580041,train
12,Artur-J-Gvecg-P580041.s74_reseg.732,Artur-J-G4521,dev,false,false,JI,JI,Artur-J-Gvecg-P580041,train
9,Artur-J-Gvecg-P580041.s75_reseg.733,Artur-J-G4531,dev,false,false,JI,JI,Artur-J-Gvecg-P580041,train
8,Artur-J-Gvecg-P580041.s76_reseg.734,Artur-J-G4531,dev,false,false,JI,JI,Artur-J-Gvecg-P580041,train
13,Artur-J-Gvecg-P580041.s77_reseg.735,Artur-J-G4531,dev,false,false,JI,JI,Artur-J-Gvecg-P580041,train
12,Artur-J-Gvecg-P580041.s78-s79_reseg.736,Artur-J-G4521,dev,false,false,JI,JI,Artur-J-Gvecg-P580041,train
5,Artur-J-Gvecg-P580041.s79_reseg.737,Artur-J-G4521,dev,false,false,JI,JI,Artur-J-Gvecg-P580041,train
10,Artur-J-Gvecg-P580041.s79_reseg.738,Artur-J-G4521,dev,false,false,JI,JI,Artur-J-Gvecg-P580041,train
7,Artur-J-Gvecg-P580041.s80_reseg.739,Artur-J-G4521,dev,false,false,JI,JI,Artur-J-Gvecg-P580041,train
8,Artur-J-Gvecg-P580041.s81_reseg.740,Artur-J-G4521,dev,false,false,JI,JI,Artur-J-Gvecg-P580041,train
38,Artur-J-Gvecg-P580041.s82-s85_reseg.741,Artur-J-G4521,dev,false,false,JI,JI,Artur-J-Gvecg-P580041,train
8,Artur-J-Gvecg-P580041.s85_reseg.742,Artur-J-G4521,dev,false,false,JI,JI,Artur-J-Gvecg-P580041,train
13,Artur-J-Gvecg-P580041.s86-s87_reseg.743,Artur-J-G4521,dev,false,false,JI,JI,Artur-J-Gvecg-P580041,train
19,Artur-J-Gvecg-P580041.s88_reseg.744,Artur-J-G4521,dev,false,false,JI,JI,Artur-J-Gvecg-P580041,train
21,Artur-J-Gvecg-P580041.s89-s91_reseg.745,Artur-J-G4521,dev,false,false,JI,JI,Artur-J-Gvecg-P580041,train
12,Artur-J-Gvecg-P580041.s91_reseg.746,Artur-J-G4521,dev,false,false,JI,JI,Artur-J-Gvecg-P580041,train
24,Artur-J-Gvecg-P580041.s92_reseg.747,Artur-J-G4531,dev,false,false,JI,JI,Artur-J-Gvecg-P580041,train
6,Artur-P-G7001-P700192.s1_reseg.1785,Artur-P-G7001,dev,false,false,JI,JI,Artur-P-G7001-P700192,dev
9,Artur-P-G7001-P700192.s2-s3_reseg.1786,Artur-P-G7001,dev,false,false,JI,JI,Artur-P-G7001-P700192,dev
13,Artur-P-G7001-P700192.s4-s5_reseg.1787,Artur-P-G7001,dev,false,false,JI,JI,Artur-P-G7001-P700192,dev
28,Artur-P-G7001-P700192.s6-s9_reseg.1788,Artur-P-G7001,dev,false,false,JI,JI,Artur-P-G7001-P700192,dev
40,Artur-P-G7001-P700192.s10-s14_reseg.1789,Artur-P-G7001,dev,false,false,JI,JI,Artur-P-G7001-P700192,dev
22,Artur-P-G7001-P700192.s15-s17_reseg.1790,Artur-P-G7001,dev,false,false,JI,JI,Artur-P-G7001-P700192,dev
52,Artur-P-G7001-P700192.s18-s24_reseg.1791,Artur-P-G7001,dev,false,false,JI,JI,Artur-P-G7001-P700192,dev
25,Artur-P-G7001-P700192.s25-s27_reseg.1792,Artur-P-G7001,dev,false,false,JI,JI,Artur-P-G7001-P700192,dev
18,Artur-P-G7001-P700192.s28-s30_reseg.1793,Artur-P-G7001,dev,false,false,JI,JI,Artur-P-G7001-P700192,dev
8,Artur-P-G7001-P700192.s31_reseg.1794,Artur-P-G7001,dev,false,false,JI,JI,Artur-P-G7001-P700192,dev
54,Artur-P-G7001-P700192.s32-s38_reseg.1795,Artur-P-G7001,dev,false,false,JI,JI,Artur-P-G7001-P700192,dev
1,Artur-P-G7001-P700192.s39_reseg.1796,Artur-P-G7001,dev,false,false,JI,JI,Artur-P-G7001-P700192,dev
32,Artur-P-G7001-P700192.s40-s45_reseg.1797,Artur-P-G7001,dev,false,false,JI,JI,Artur-P-G7001-P700192,dev
30,Artur-P-G7001-P700192.s46-s50_reseg.1798,Artur-P-G7001,dev,false,false,JI,JI,Artur-P-G7001-P700192,dev
10,Artur-P-G7001-P700192.s51-s52_reseg.1799,Artur-P-G7001,dev,false,false,JI,JI,Artur-P-G7001-P700192,dev
9,Artur-P-G7001-P700192.s53_reseg.1800,Artur-P-G7001,dev,false,false,JI,JI,Artur-P-G7001-P700192,dev
24,Artur-P-G7001-P700192.s54-s57_reseg.1801,Artur-P-G7001,dev,false,false,JI,JI,Artur-P-G7001-P700192,dev
23,Artur-P-G7001-P700192.s58-s60_reseg.1802,Artur-P-G7001,dev,false,false,JI,JI,Artur-P-G7001-P700192,dev
58,Artur-P-G7001-P700192.s61-s69_reseg.1803,Artur-P-G7001,dev,false,false,JI,JI,Artur-P-G7001-P700192,dev
38,Artur-P-G7001-P700192.s70-s73_reseg.1804,Artur-P-G7001,dev,false,false,JI,JI,Artur-P-G7001-P700192,dev
8,Artur-P-G7001-P700192.s74_reseg.1805,Artur-P-G7001,dev,false,false,JI,JI,Artur-P-G7001-P700192,dev
6,Artur-P-G7001-P700192.s75_reseg.1806,Artur-P-G7001,dev,false,false,JI,JI,Artur-P-G7001-P700192,dev
54,Artur-P-G7001-P700192.s76-s84_reseg.1807,Artur-P-G7001,dev,false,false,JI,JI,Artur-P-G7001-P700192,dev
5,Artur-P-G7001-P700192.s85_reseg.1808,Artur-P-G7001,dev,false,false,JI,JI,Artur-P-G7001-P700192,dev
18,Artur-P-G7001-P700192.s86-s88_reseg.1809,Artur-P-G7001,dev,false,false,JI,JI,Artur-P-G7001-P700192,dev
5,Artur-P-G7001-P700192.s89_reseg.1810,Artur-P-G7001,dev,false,false,JI,JI,Artur-P-G7001-P700192,dev
4,Artur-P-G7001-P700192.s90_reseg.1811,Artur-P-G7001,dev,false,false,JI,JI,Artur-P-G7001-P700192,dev
17,Artur-P-G7001-P700192.s91-s92_reseg.1812,Artur-P-G7001,dev,false,false,JI,JI,Artur-P-G7001-P700192,dev
7,Artur-P-G7001-P700192.s93_reseg.1813,Artur-P-G7001,dev,false,false,JI,JI,Artur-P-G7001-P700192,dev
22,Artur-P-G7001-P700192.s94-s96_reseg.1814,Artur-P-G7001,dev,false,false,JI,JI,Artur-P-G7001-P700192,dev
47,Artur-P-G7001-P700192.s97-s102_reseg.1815,Artur-P-G7001,dev,false,false,JI,JI,Artur-P-G7001-P700192,dev
26,Artur-P-G7001-P700192.s103-s106_reseg.1816,Artur-P-G7001,dev,false,false,JI,JI,Artur-P-G7001-P700192,dev
16,Artur-P-G7001-P700192.s107-s109_reseg.1817,Artur-P-G7001,dev,false,false,JI,JI,Artur-P-G7001-P700192,dev
14,Artur-P-G7001-P700192.s110-s111_reseg.1818,Artur-P-G7001,dev,false,false,JI,JI,Artur-P-G7001-P700192,dev
39,Artur-P-G7001-P700192.s112-s117_reseg.1819,Artur-P-G7001,dev,false,false,JI,JI,Artur-P-G7001-P700192,dev
23,Artur-P-G7001-P700192.s118-s120_reseg.1820,Artur-P-G7001,dev,false,false,JI,JI,Artur-P-G7001-P700192,dev
3,Artur-P-G7001-P700192.s121_reseg.1821,Artur-P-G7001,dev,false,false,JI,JI,Artur-P-G7001-P700192,dev
26,Artur-P-G7001-P700192.s122-s125_reseg.1822,Artur-P-G7001,dev,false,false,JI,JI,Artur-P-G7001-P700192,dev
14,Artur-P-G7001-P700192.s126-s128_reseg.1823,Artur-P-G7001,dev,false,false,JI,JI,Artur-P-G7001-P700192,dev
36,Artur-N-G5097-P600096.s1-s3_reseg.1363,Artur-N-G5097,dev,false,false,NZ,NZ,Artur-N-G5097-P600096,test
9,Artur-N-G5097-P600096.s3_reseg.1364,Artur-N-G5097,dev,false,false,NZ,NZ,Artur-N-G5097-P600096,test
19,Artur-N-G5097-P600096.s4_reseg.1365,Artur-N-G5097,dev,false,false,NZ,NZ,Artur-N-G5097-P600096,test
33,Artur-N-G5097-P600096.s4-s6_reseg.1366,Artur-N-G5097,dev,false,false,NZ,NZ,Artur-N-G5097-P600096,test
19,Artur-N-G5097-P600096.s7-s13_reseg.1367,Artur-N-G5097,dev,false,false,NZ,NZ,Artur-N-G5097-P600096,test
6,Artur-N-G5097-P600096.s13_reseg.1368,Artur-N-G5097,dev,false,false,NZ,NZ,Artur-N-G5097-P600096,test
55,Artur-N-G5097-P600096.s14-s18_reseg.1369,Artur-N-G5097,dev,false,false,NZ,NZ,Artur-N-G5097-P600096,test
25,Artur-N-G5097-P600096.s19-s20_reseg.1370,Artur-N-G5097,dev,false,false,NZ,NZ,Artur-N-G5097-P600096,test
32,Artur-N-G5097-P600096.s21-s24_reseg.1371,Artur-N-G5097,dev,false,false,NZ,NZ,Artur-N-G5097-P600096,test
9,Artur-N-G5097-P600096.s25-s26_reseg.1372,Artur-N-G5097,dev,false,false,NZ,NZ,Artur-N-G5097-P600096,test
19,Artur-N-G5097-P600096.s27_reseg.1373,Artur-N-G5097,dev,false,false,NZ,NZ,Artur-N-G5097-P600096,test
60,Artur-N-G5097-P600096.s28-s32_reseg.1374,Artur-N-G5097,dev,false,false,NZ,NZ,Artur-N-G5097-P600096,test
35,Artur-N-G5097-P600096.s33-s37_reseg.1375,Artur-N-G5097,dev,false,false,NZ,NZ,Artur-N-G5097-P600096,test
2,Artur-N-G5097-P600096.s37_reseg.1376,Artur-N-G5097,dev,false,false,NZ,NZ,Artur-N-G5097-P600096,test
15,Artur-N-G5097-P600096.s38-s39_reseg.1377,Artur-N-G5097,dev,false,false,NZ,NZ,Artur-N-G5097-P600096,test
41,Artur-N-G5097-P600096.s40-s45_reseg.1378,Artur-N-G5097,dev,false,false,NZ,NZ,Artur-N-G5097-P600096,test
20,Artur-N-G5097-P600096.s45-s47_reseg.1379,Artur-N-G5097,dev,false,false,NZ,NZ,Artur-N-G5097-P600096,test
26,Artur-N-G5097-P600096.s47-s49_reseg.1380,Artur-N-G5097,dev,false,false,NZ,NZ,Artur-N-G5097-P600096,test
7,Artur-N-G5097-P600096.s49-s51_reseg.1381,Artur-N-G5097,dev,false,false,NZ,NZ,Artur-N-G5097-P600096,test
3,Artur-N-G5097-P600096.s52_reseg.1382,Artur-N-G5097,dev,false,false,NZ,NZ,Artur-N-G5097-P600096,test
11,Artur-N-G5097-P600096.s53_reseg.1383,Artur-N-G5097,dev,false,false,NZ,NZ,Artur-N-G5097-P600096,test
30,Artur-N-G5097-P600096.s54_reseg.1384,Artur-N-G5097,dev,false,false,NZ,NZ,Artur-N-G5097-P600096,test
23,Artur-N-G5097-P600096.s55-s57_reseg.1385,Artur-N-G5097,dev,false,false,NZ,NZ,Artur-N-G5097-P600096,test
13,Artur-N-G5097-P600096.s58-s59_reseg.1386,Artur-N-G5097,dev,false,false,NZ,NZ,Artur-N-G5097-P600096,test
33,Artur-N-G5097-P600096.s60_reseg.1387,Artur-N-G5097,dev,false,false,NZ,NZ,Artur-N-G5097-P600096,test
25,Artur-N-G5097-P600096.s60-s62_reseg.1388,Artur-N-G5097,dev,false,false,NZ,NZ,Artur-N-G5097-P600096,test
16,Artur-N-G5097-P600096.s62-s64_reseg.1389,Artur-N-G5097,dev,false,false,NZ,NZ,Artur-N-G5097-P600096,test
49,Artur-N-G5097-P600096.s65-s68_reseg.1390,Artur-N-G5097,dev,false,false,NZ,NZ,Artur-N-G5097-P600096,test
26,Artur-N-G5097-P600096.s69-s71_reseg.1391,Artur-N-G5097,dev,false,false,NZ,NZ,Artur-N-G5097-P600096,test
17,Artur-N-G5097-P600096.s72-s73_reseg.1392,Artur-N-G5097,dev,false,false,NZ,NZ,Artur-N-G5097-P600096,test
16,Artur-N-G5097-P600096.s74-s76_reseg.1393,Artur-N-G5097,dev,false,false,NZ,NZ,Artur-N-G5097-P600096,test
6,Artur-N-G5097-P600096.s76_reseg.1394,Artur-N-G5097,dev,false,false,NZ,NZ,Artur-N-G5097-P600096,test
46,Artur-N-G5097-P600096.s77-s84_reseg.1395,Artur-N-G5097,dev,false,false,NZ,NZ,Artur-N-G5097-P600096,test
43,Artur-N-G5097-P600096.s85-s89_reseg.1396,Artur-N-G5097,dev,false,false,NZ,NZ,Artur-N-G5097-P600096,test
34,Artur-N-G5097-P600096.s90-s94_reseg.1397,Artur-N-G5097,dev,false,false,NZ,NZ,Artur-N-G5097-P600096,test
15,Artur-N-G5097-P600096.s95-s96_reseg.1398,Artur-N-G5097,dev,false,false,NZ,NZ,Artur-N-G5097-P600096,test
85,Artur-N-G5097-P600096.s96-s105_reseg.1399,Artur-N-G5097,dev,false,false,NZ,NZ,Artur-N-G5097-P600096,test
8,Artur-N-G5097-P600096.s105_reseg.1400,Artur-N-G5097,dev,false,false,NZ,NZ,Artur-N-G5097-P600096,test
4,Artur-N-G5025-P600022.s1_reseg.1034,Artur-N-G5025,dev,false,false,NZ,NZ,Artur-N-G5025-P600022,train
29,Artur-N-G5025-P600022.s2-s8_reseg.1035,Artur-N-G5025,dev,false,false,NZ,NZ,Artur-N-G5025-P600022,train
49,Artur-N-G5025-P600022.s9-s20_reseg.1036,Artur-N-G5025,dev,false,false,NZ,NZ,Artur-N-G5025-P600022,train
48,Artur-N-G5025-P600022.s21-s30_reseg.1037,Artur-N-G5025,dev,false,false,NZ,NZ,Artur-N-G5025-P600022,train
32,Artur-N-G5025-P600022.s31-s38_reseg.1038,Artur-N-G5025,dev,false,false,NZ,NZ,Artur-N-G5025-P600022,train
15,Artur-N-G5025-P600022.s39-s45_reseg.1039,Artur-N-G5025,dev,false,false,NZ,NZ,Artur-N-G5025-P600022,train
30,Artur-N-G5025-P600022.s46-s50_reseg.1040,Artur-N-G5025,dev,false,false,NZ,NZ,Artur-N-G5025-P600022,train
9,Artur-N-G5025-P600022.s51-s53_reseg.1041,Artur-N-G5025,dev,false,false,NZ,NZ,Artur-N-G5025-P600022,train
58,Artur-N-G5025-P600022.s54-s71_reseg.1042,Artur-N-G5025,dev,false,false,NZ,NZ,Artur-N-G5025-P600022,train
23,Artur-N-G5025-P600022.s72-s77_reseg.1043,Artur-N-G5025,dev,false,false,NZ,NZ,Artur-N-G5025-P600022,train
7,Artur-N-G5025-P600022.s78-s79_reseg.1044,Artur-N-G5025,dev,false,false,NZ,NZ,Artur-N-G5025-P600022,train
15,Artur-N-G5025-P600022.s80-s82_reseg.1045,Artur-N-G5025,dev,false,false,NZ,NZ,Artur-N-G5025-P600022,train
16,Artur-N-G5025-P600022.s83-s90_reseg.1046,Artur-N-G5025,dev,false,false,NZ,NZ,Artur-N-G5025-P600022,train
17,Artur-N-G5025-P600022.s91-s95_reseg.1047,Artur-N-G5025,dev,false,false,NZ,NZ,Artur-N-G5025-P600022,train
35,Artur-N-G5025-P600022.s96-s105_reseg.1048,Artur-N-G5025,dev,false,false,NZ,NZ,Artur-N-G5025-P600022,train
13,Artur-N-G5025-P600022.s106-s109_reseg.1049,Artur-N-G5025,dev,false,false,NZ,NZ,Artur-N-G5025-P600022,train
30,Artur-N-G5025-P600022.s110-s118_reseg.1050,Artur-N-G5025,dev,false,false,NZ,NZ,Artur-N-G5025-P600022,train
13,Artur-N-G5025-P600022.s119-s122_reseg.1051,Artur-N-G5025,dev,false,false,NZ,NZ,Artur-N-G5025-P600022,train
20,Artur-N-G5025-P600022.s123-s129_reseg.1052,Artur-N-G5025,dev,false,false,NZ,NZ,Artur-N-G5025-P600022,train
22,Artur-N-G5025-P600022.s130-s135_reseg.1053,Artur-N-G5025,dev,false,false,NZ,NZ,Artur-N-G5025-P600022,train
10,Artur-N-G5025-P600022.s136-s137_reseg.1054,Artur-N-G5025,dev,false,false,NZ,NZ,Artur-N-G5025-P600022,train
18,Artur-N-G5025-P600022.s138-s142_reseg.1055,Artur-N-G5025,dev,false,false,NZ,NZ,Artur-N-G5025-P600022,train
36,Artur-N-G5025-P600022.s143-s153_reseg.1056,Artur-N-G5025,dev,false,false,NZ,NZ,Artur-N-G5025-P600022,train
36,Artur-N-G5025-P600022.s154-s165_reseg.1057,Artur-N-G5025,dev,false,false,NZ,NZ,Artur-N-G5025-P600022,train
37,Artur-N-G5025-P600022.s166-s173_reseg.1058,Artur-N-G5025,dev,false,false,NZ,NZ,Artur-N-G5025-P600022,train
33,Artur-N-G5083-P600080.s1-s3_reseg.1343,Artur-N-G5083,dev,false,false,NZ,NZ,Artur-N-G5083-P600080,dev
72,Artur-N-G5083-P600080.s4-s7_reseg.1344,Artur-N-G5083,dev,false,false,NZ,NZ,Artur-N-G5083-P600080,dev
28,Artur-N-G5083-P600080.s8-s10_reseg.1345,Artur-N-G5083,dev,false,false,NZ,NZ,Artur-N-G5083-P600080,dev
17,Artur-N-G5083-P600080.s11_reseg.1346,Artur-N-G5083,dev,false,false,NZ,NZ,Artur-N-G5083-P600080,dev
13,Artur-N-G5083-P600080.s11_reseg.1347,Artur-N-G5083,dev,false,false,NZ,NZ,Artur-N-G5083-P600080,dev
33,Artur-N-G5083-P600080.s12-s14_reseg.1348,Artur-N-G5083,dev,false,false,NZ,NZ,Artur-N-G5083-P600080,dev
24,Artur-N-G5083-P600080.s15-s18_reseg.1349,Artur-N-G5083,dev,false,false,NZ,NZ,Artur-N-G5083-P600080,dev
17,Artur-N-G5083-P600080.s19-s20_reseg.1350,Artur-N-G5083,dev,false,false,NZ,NZ,Artur-N-G5083-P600080,dev
50,Artur-N-G5083-P600080.s21-s23_reseg.1351,Artur-N-G5083,dev,false,false,NZ,NZ,Artur-N-G5083-P600080,dev
33,Artur-N-G5083-P600080.s24-s27_reseg.1352,Artur-N-G5083,dev,false,false,NZ,NZ,Artur-N-G5083-P600080,dev
31,Artur-N-G5083-P600080.s28-s29_reseg.1353,Artur-N-G5083,dev,false,false,NZ,NZ,Artur-N-G5083-P600080,dev
9,Artur-N-G5083-P600080.s30_reseg.1354,Artur-N-G5083,dev,false,false,NZ,NZ,Artur-N-G5083-P600080,dev
36,Artur-N-G5083-P600080.s31-s34_reseg.1355,Artur-N-G5083,dev,false,false,NZ,NZ,Artur-N-G5083-P600080,dev
26,Artur-N-G5083-P600080.s35-s36_reseg.1356,Artur-N-G5083,dev,false,false,NZ,NZ,Artur-N-G5083-P600080,dev
34,Artur-N-G5083-P600080.s36-s38_reseg.1357,Artur-N-G5083,dev,false,false,NZ,NZ,Artur-N-G5083-P600080,dev
36,Artur-N-G5083-P600080.s39_reseg.1358,Artur-N-G5083,dev,false,false,NZ,NZ,Artur-N-G5083-P600080,dev
71,Artur-N-G5083-P600080.s40-s48_reseg.1359,Artur-N-G5083,dev,false,false,NZ,NZ,Artur-N-G5083-P600080,dev
49,Artur-N-G5083-P600080.s49-s51_reseg.1360,Artur-N-G5083,dev,false,false,NZ,NZ,Artur-N-G5083-P600080,dev
51,Artur-N-G5083-P600080.s52-s56_reseg.1361,Artur-N-G5083,dev,false,false,NZ,NZ,Artur-N-G5083-P600080,dev
130,Artur-N-G5083-P600080.s57-s68_reseg.1362,Artur-N-G5083,dev,false,false,NZ,NZ,Artur-N-G5083-P600080,dev
11,Artur-N-G5043-P600044.s1-s2_reseg.1158,Artur-N-G5043,dev,false,false,NZ,NZ,Artur-N-G5043-P600044,train
28,Artur-N-G5043-P600044.s3-s4_reseg.1159,Artur-N-G5043,dev,false,false,NZ,NZ,Artur-N-G5043-P600044,train
12,Artur-N-G5043-P600044.s5_reseg.1160,Artur-N-G5043,dev,false,false,NZ,NZ,Artur-N-G5043-P600044,train
9,Artur-N-G5043-P600044.s6_reseg.1161,Artur-N-G5043,dev,false,false,NZ,NZ,Artur-N-G5043-P600044,train
2,Artur-N-G5043-P600044.s7_reseg.1162,Artur-N-G5043,dev,false,false,NZ,NZ,Artur-N-G5043-P600044,train
2,Artur-N-G5043-P600044.s8_reseg.1163,Artur-N-G5043,dev,false,false,NZ,NZ,Artur-N-G5043-P600044,train
6,Artur-N-G5043-P600044.s9_reseg.1164,Artur-N-G5043,dev,false,false,NZ,NZ,Artur-N-G5043-P600044,train
14,Artur-N-G5043-P600044.s9-s12_reseg.1165,Artur-N-G5043,dev,false,false,NZ,NZ,Artur-N-G5043-P600044,train
7,Artur-N-G5043-P600044.s13-s14_reseg.1166,Artur-N-G5043,dev,false,false,NZ,NZ,Artur-N-G5043-P600044,train
17,Artur-N-G5043-P600044.s15_reseg.1167,Artur-N-G5043,dev,false,false,NZ,NZ,Artur-N-G5043-P600044,train
12,Artur-N-G5043-P600044.s16-s18_reseg.1168,Artur-N-G5043,dev,false,false,NZ,NZ,Artur-N-G5043-P600044,train
2,Artur-N-G5043-P600044.s19_reseg.1169,Artur-N-G5043,dev,false,false,NZ,NZ,Artur-N-G5043-P600044,train
3,Artur-N-G5043-P600044.s20_reseg.1170,Artur-N-G5043,dev,false,false,NZ,NZ,Artur-N-G5043-P600044,train
24,Artur-N-G5043-P600044.s21-s24_reseg.1171,Artur-N-G5043,dev,false,false,NZ,NZ,Artur-N-G5043-P600044,train
9,Artur-N-G5043-P600044.s25-s26_reseg.1172,Artur-N-G5043,dev,false,false,NZ,NZ,Artur-N-G5043-P600044,train
7,Artur-N-G5043-P600044.s27_reseg.1173,Artur-N-G5043,dev,false,false,NZ,NZ,Artur-N-G5043-P600044,train
6,Artur-N-G5043-P600044.s28_reseg.1174,Artur-N-G5043,dev,false,false,NZ,NZ,Artur-N-G5043-P600044,train
9,Artur-N-G5043-P600044.s29_reseg.1175,Artur-N-G5043,dev,false,false,NZ,NZ,Artur-N-G5043-P600044,train
9,Artur-N-G5043-P600044.s30_reseg.1176,Artur-N-G5043,dev,false,false,NZ,NZ,Artur-N-G5043-P600044,train
3,Artur-N-G5043-P600044.s31_reseg.1177,Artur-N-G5043,dev,false,false,NZ,NZ,Artur-N-G5043-P600044,train
5,Artur-N-G5043-P600044.s32_reseg.1178,Artur-N-G5043,dev,false,false,NZ,NZ,Artur-N-G5043-P600044,train
4,Artur-N-G5043-P600044.s33_reseg.1179,Artur-N-G5043,dev,false,false,NZ,NZ,Artur-N-G5043-P600044,train
17,Artur-N-G5043-P600044.s34_reseg.1180,Artur-N-G5043,dev,false,false,NZ,NZ,Artur-N-G5043-P600044,train
14,Artur-N-G5043-P600044.s35-s38_reseg.1181,Artur-N-G5043,dev,false,false,NZ,NZ,Artur-N-G5043-P600044,train
28,Artur-N-G5043-P600044.s39-s40_reseg.1182,Artur-N-G5043,dev,false,false,NZ,NZ,Artur-N-G5043-P600044,train
13,Artur-N-G5043-P600044.s41_reseg.1183,Artur-N-G5043,dev,false,false,NZ,NZ,Artur-N-G5043-P600044,train
15,Artur-N-G5043-P600044.s42_reseg.1184,Artur-N-G5043,dev,false,false,NZ,NZ,Artur-N-G5043-P600044,train
9,Artur-N-G5043-P600044.s43_reseg.1185,Artur-N-G5043,dev,false,false,NZ,NZ,Artur-N-G5043-P600044,train
9,Artur-N-G5043-P600044.s44-s45_reseg.1186,Artur-N-G5043,dev,false,false,NZ,NZ,Artur-N-G5043-P600044,train
2,Artur-N-G5043-P600044.s46_reseg.1187,Artur-N-G5043,dev,false,false,NZ,NZ,Artur-N-G5043-P600044,train
12,Artur-N-G5043-P600044.s47_reseg.1188,Artur-N-G5043,dev,false,false,NZ,NZ,Artur-N-G5043-P600044,train
13,Artur-N-G5043-P600044.s48_reseg.1189,Artur-N-G5043,dev,false,false,NZ,NZ,Artur-N-G5043-P600044,train
3,Artur-N-G5043-P600044.s49_reseg.1190,Artur-N-G5043,dev,false,false,NZ,NZ,Artur-N-G5043-P600044,train
29,Artur-N-G5043-P600044.s50-s53_reseg.1191,Artur-N-G5043,dev,false,false,NZ,NZ,Artur-N-G5043-P600044,train
3,Artur-J-Gvecg-P500016.s18_reseg.105,Artur-J-G3025,dev,false,false,JI,JI,Artur-J-Gvecg-P500016,train
29,Artur-J-Gvecg-P500016.s19-s20_reseg.106,Artur-J-G3018,dev,false,false,JI,JI,Artur-J-Gvecg-P500016,train
20,Artur-J-Gvecg-P500016.s21-s23_reseg.107,Artur-J-G3018,dev,false,false,JI,JI,Artur-J-Gvecg-P500016,train
26,Artur-J-Gvecg-P500016.s24-s26_reseg.108,Artur-J-G3018,dev,false,false,JI,JI,Artur-J-Gvecg-P500016,train
20,Artur-J-Gvecg-P500016.s27-s28_reseg.109,Artur-J-G3018,dev,false,false,JI,JI,Artur-J-Gvecg-P500016,train
12,Artur-J-Gvecg-P500016.s29_reseg.110,Artur-J-G3018,dev,false,false,JI,JI,Artur-J-Gvecg-P500016,train
16,Artur-J-Gvecg-P500016.s30-s32_reseg.111,Artur-J-G3018,dev,false,false,JI,JI,Artur-J-Gvecg-P500016,train
24,Artur-J-Gvecg-P500016.s33-s37_reseg.112,Artur-J-G3018,dev,false,false,JI,JI,Artur-J-Gvecg-P500016,train
7,Artur-J-Gvecg-P500016.s38_reseg.113,Artur-J-G3018,dev,false,false,JI,JI,Artur-J-Gvecg-P500016,train
14,Artur-J-Gvecg-P500016.s39-s40_reseg.114,Artur-J-G3018,dev,false,false,JI,JI,Artur-J-Gvecg-P500016,train
27,Artur-J-Gvecg-P500016.s41-s44_reseg.115,Artur-J-G3018,dev,false,false,JI,JI,Artur-J-Gvecg-P500016,train
61,Artur-J-Gvecg-P500016.s45-s49_reseg.116,Artur-J-G3018,dev,false,false,JI,JI,Artur-J-Gvecg-P500016,train
6,Artur-J-Gvecg-P500016.s50_reseg.117,Artur-J-G3018,dev,false,false,JI,JI,Artur-J-Gvecg-P500016,train
19,Artur-J-Gvecg-P500016.s51-s52_reseg.118,Artur-J-G3018,dev,false,false,JI,JI,Artur-J-Gvecg-P500016,train
20,Artur-J-Gvecg-P500016.s53-s54_reseg.119,Artur-J-G3018,dev,false,false,JI,JI,Artur-J-Gvecg-P500016,train
20,Artur-J-Gvecg-P500016.s55_reseg.120,Artur-J-G3018,dev,false,false,JI,JI,Artur-J-Gvecg-P500016,train
14,Artur-J-Gvecg-P500016.s56-s57_reseg.121,Artur-J-G3018,dev,false,false,JI,JI,Artur-J-Gvecg-P500016,train
15,Artur-J-Gvecg-P500016.s58_reseg.122,Artur-J-G3018,dev,false,false,JI,JI,Artur-J-Gvecg-P500016,train
14,Artur-J-Gvecg-P500016.s59_reseg.123,Artur-J-G3018,dev,false,false,JI,JI,Artur-J-Gvecg-P500016,train
2,Artur-J-Gvecg-P500016.s60_reseg.124,Artur-J-G3025,dev,false,false,JI,JI,Artur-J-Gvecg-P500016,train
36,Artur-J-Gvecg-P500016.s60-s62_reseg.125,Artur-J-G3025,dev,false,false,JI,JI,Artur-J-Gvecg-P500016,train
32,Artur-J-Gvecg-P500016.s63-s64_reseg.126,Artur-J-G3025,dev,false,false,JI,JI,Artur-J-Gvecg-P500016,train
34,Artur-J-Gvecg-P500016.s65-s67_reseg.127,Artur-J-G3025,dev,false,false,JI,JI,Artur-J-Gvecg-P500016,train
59,Artur-J-Gvecg-P500016.s68-s72_reseg.128,Artur-J-G3025,dev,false,false,JI,JI,Artur-J-Gvecg-P500016,train
44,Artur-J-Gvecg-P500016.s73-s77_reseg.129,Artur-J-G3025,dev,false,false,JI,JI,Artur-J-Gvecg-P500016,train
22,Artur-J-Gvecg-P500016.s78-s81_reseg.130,Artur-J-G3025,dev,false,false,JI,JI,Artur-J-Gvecg-P500016,train
44,Artur-J-Gvecg-P500016.s82-s84_reseg.131,Artur-J-G3025,dev,false,false,JI,JI,Artur-J-Gvecg-P500016,train
43,Artur-J-Gvecg-P500016.s85-s88_reseg.132,Artur-J-G3025,dev,false,false,JI,JI,Artur-J-Gvecg-P500016,train
48,Artur-J-Gvecg-P500016.s89-s92_reseg.133,Artur-J-G3025,dev,false,false,JI,JI,Artur-J-Gvecg-P500016,train
26,Artur-J-Gvecg-P500016.s93-s94_reseg.134,Artur-J-G3025,dev,false,false,JI,JI,Artur-J-Gvecg-P500016,train
10,Artur-J-Gvecg-P500016.s95_reseg.135,Artur-J-G3025,dev,false,false,JI,JI,Artur-J-Gvecg-P500016,train
52,Artur-J-Gvecg-P500016.s96-s101_reseg.136,Artur-J-G3025,dev,false,false,JI,JI,Artur-J-Gvecg-P500016,train
41,Artur-J-Gvecg-P500016.s102-s106_reseg.137,Artur-J-G3025,dev,false,false,JI,JI,Artur-J-Gvecg-P500016,train
2,Artur-J-Gvecg-P500016.s107_reseg.138,Artur-J-G3025,dev,false,false,JI,JI,Artur-J-Gvecg-P500016,train
51,Artur-J-Gvecg-P500016.s108-s113_reseg.139,Artur-J-G3025,dev,false,false,JI,JI,Artur-J-Gvecg-P500016,train
64,Artur-J-Gvecg-P500016.s114-s117_reseg.140,Artur-J-G3018,dev,false,false,JI,JI,Artur-J-Gvecg-P500016,train
25,Artur-J-Gvecg-P500016.s118_reseg.141,Artur-J-G3025,dev,false,false,JI,JI,Artur-J-Gvecg-P500016,train
30,Artur-J-Gvecg-P500016.s119-s120_reseg.142,Artur-J-G3025,dev,false,false,JI,JI,Artur-J-Gvecg-P500016,train
27,Gos001.s12,Af-pred-02166,test,true,false,JIfajzakhu,JI,Gos001,train
22,Gos001.s13,Af-pred-02166,test,true,false,JIfajzakhu,JI,Gos001,train
10,Gos001.s15,Af-pred-02166,test,true,false,JIfajzakhu,JI,Gos001,train
17,Gos001.s17,Af-pred-02166,test,true,false,JIfajzakhu,JI,Gos001,train
16,Gos001.s18,Af-pred-02166,test,true,false,JIfajzakhu,JI,Gos001,train
25,Gos001.s19,Af-pred-02166,test,true,false,JIfajzakhu,JI,Gos001,train
34,Gos004.s380,Pf-pred-07541,test,true,false,JIfasvakdr,JI,Gos004,train
10,Gos004.s381,Pf-pred-07541,test,true,false,JIfasvakdr,JI,Gos004,train
6,Gos004.s382,Pf-pred-07541,test,true,false,JIfasvakdr,JI,Gos004,train
7,Gos004.s384,Jf-publ-07549,test,true,false,JIfasvakdr,JI,Gos004,train
4,Gos004.s385,Pf-pred-07541,test,true,false,JIfasvakdr,JI,Gos004,train
63,Gos004.s386,Pf-pred-07541,test,true,false,JIfasvakdr,JI,Gos004,train
13,Gos004.s387,Pf-pred-07541,test,true,false,JIfasvakdr,JI,Gos004,train
18,Gos004.s388,Pf-pred-07541,test,true,false,JIfasvakdr,JI,Gos004,train
31,Gos004.s390,Pf-pred-07541,test,true,false,JIfasvakdr,JI,Gos004,train
11,Gos004.s391,Pf-pred-07541,test,true,false,JIfasvakdr,JI,Gos004,train
17,Gos004.s392,Pf-pred-07541,test,true,false,JIfasvakdr,JI,Gos004,train
2,Gos009.s221,Af-prof-06578,test,true,false,JIjsnnjtns,JI,Gos009,train
14,Gos009.s222,Af-prof-06578,test,true,false,JIjsnnjtns,JI,Gos009,train
8,Gos009.s224,Tf-stud-06580,test,true,false,JIjsnnjtns,JI,Gos009,train
24,Gos009.s225,Tf-stud-06580,test,true,false,JIjsnnjtns,JI,Gos009,train
6,Gos009.s227,Af-prof-06578,test,true,false,JIjsnnjtns,JI,Gos009,train
7,Gos009.s228,Tf-stud-06580,test,true,false,JIjsnnjtns,JI,Gos009,train
4,Gos009.s229,Af-prof-06578,test,true,false,JIjsnnjtns,JI,Gos009,train
2,Gos009.s230,Tf-stud-06580,test,true,false,JIjsnnjtns,JI,Gos009,train
3,Gos009.s231,Af-prof-06578,test,true,false,JIjsnnjtns,JI,Gos009,train
5,Gos009.s232,Tf-stud-06580,test,true,false,JIjsnnjtns,JI,Gos009,train
3,Gos009.s233,Ef-stud-06579,test,true,false,JIjsnnjtns,JI,Gos009,train
21,Gos009.s234,Tf-stud-06580,test,true,false,JIjsnnjtns,JI,Gos009,train
2,Gos010.s434,Em-ucen-09046,test,true,false,JIosjzdrdr,JI,Gos010,train
3,Gos010.s435,Pf-prof-09042,test,true,false,JIosjzdrdr,JI,Gos010,train
13,Gos010.s436,Af-ucen-09041,test,true,false,JIosjzdrdr,JI,Gos010,train
18,Gos010.s437,Em-ucen-09046,test,true,false,JIosjzdrdr,JI,Gos010,train
3,Gos010.s438,Pf-prof-09042,test,true,false,JIosjzdrdr,JI,Gos010,train
6,Gos010.s439,Em-ucen-09046,test,true,false,JIosjzdrdr,JI,Gos010,train
2,Gos010.s440,Pf-prof-09042,test,true,false,JIosjzdrdr,JI,Gos010,train
35,Gos010.s441,Af-ucen-09041,test,true,false,JIosjzdrdr,JI,Gos010,train
2,Gos010.s442,Pf-prof-09042,test,true,false,JIosjzdrdr,JI,Gos010,train
25,Gos010.s443,Pf-prof-09042,test,true,false,JIosjzdrdr,JI,Gos010,train
11,Gos010.s444,Af-ucen-09041,test,true,false,JIosjzdrdr,JI,Gos010,train
2,Gos010.s445,Pf-prof-09042,test,true,false,JIosjzdrdr,JI,Gos010,train
7,Gos010.s446,Jf-ucen-09052,test,true,false,JIosjzdrdr,JI,Gos010,train
35,Gos011.s217,Mf-prof-09033,test,true,false,JIosjzdrdr,JI,Gos011,train
9,Gos011.s218,Df-ucen-09037,test,true,false,JIosjzdrdr,JI,Gos011,train
6,Gos011.s220,Df-ucen-09037,test,true,false,JIosjzdrdr,JI,Gos011,train
8,Gos011.s221,Am-ucen-09034,test,true,false,JIosjzdrdr,JI,Gos011,train
8,Gos011.s222,Mf-prof-09033,test,true,false,JIosjzdrdr,JI,Gos011,train
6,Gos011.s223,Mf-prof-09033,test,true,false,JIosjzdrdr,JI,Gos011,train
8,Gos011.s225,Mf-prof-09033,test,true,false,JIosjzdrdr,JI,Gos011,train
2,Gos011.s226,Ff-ucen-09039,test,true,false,JIosjzdrdr,JI,Gos011,train
7,Gos011.s228,Mf-prof-09033,test,true,false,JIosjzdrdr,JI,Gos011,train
14,Gos011.s229,Mf-prof-09033,test,true,false,JIosjzdrdr,JI,Gos011,train
5,Gos011.s230,Am-ucen-09034,test,true,false,JIosjzdrdr,JI,Gos011,train
2,Gos011.s231,Mf-prof-09033,test,true,false,JIosjzdrdr,JI,Gos011,train
13,Gos011.s232,Mf-prof-09033,test,true,false,JIosjzdrdr,JI,Gos011,train
2,Gos011.s233,Mf-prof-09033,test,true,false,JIosjzdrdr,JI,Gos011,train
8,Gos011.s234,Mf-prof-09033,test,true,false,JIosjzdrdr,JI,Gos011,train
14,Gos011.s235,Mf-prof-09033,test,true,false,JIosjzdrdr,JI,Gos011,train
10,Gos011.s236,Bm-ucen-09035,test,true,false,JIosjzdrdr,JI,Gos011,train
6,Gos016.s587,Cf-ucen-05600,test,true,false,JIosjztrna,JI,Gos016,train
2,Gos016.s588,Cf-ucen-05600,test,true,false,JIosjztrna,JI,Gos016,train
13,Gos016.s589,Af-prof-05598,test,true,false,JIosjztrna,JI,Gos016,train
4,Gos016.s590,Em-ucen-05602,test,true,false,JIosjztrna,JI,Gos016,train
8,Gos016.s591,Af-prof-05598,test,true,false,JIosjztrna,JI,Gos016,train
7,Gos016.s592,Af-prof-05598,test,true,false,JIosjztrna,JI,Gos016,train
21,Gos016.s593,Af-prof-05598,test,true,false,JIosjztrna,JI,Gos016,train
2,Gos016.s594,Pn-vsiucenci-10000,test,true,false,JIosjztrna,JI,Gos016,train
3,Gos016.s596,Hm-ucen-05605,test,true,false,JIosjztrna,JI,Gos016,train
5,Gos016.s597,Af-prof-05598,test,true,false,JIosjztrna,JI,Gos016,train
4,Gos016.s598,Cf-ucen-05600,test,true,false,JIosjztrna,JI,Gos016,train
13,Gos016.s599,Af-prof-05598,test,true,false,JIosjztrna,JI,Gos016,train
10,Gos016.s600,Af-prof-05598,test,true,false,JIosjztrna,JI,Gos016,train
6,Gos016.s601,Af-prof-05598,test,true,false,JIosjztrna,JI,Gos016,train
6,Gos016.s602,Af-prof-05598,test,true,false,JIosjztrna,JI,Gos016,train
12,Gos016.s603,Af-prof-05598,test,true,false,JIosjztrna,JI,Gos016,train
6,Gos018.s305,Mf-prof-01097,test,true,false,JIossvdrdr,JI,Gos018,dev
4,Gos018.s307,Lm-ucen-01096,test,true,false,JIossvdrdr,JI,Gos018,dev
9,Gos018.s308,Lm-ucen-01096,test,true,false,JIossvdrdr,JI,Gos018,dev
7,Gos018.s309,Mf-prof-01097,test,true,false,JIossvdrdr,JI,Gos018,dev
4,Gos018.s310,Lm-ucen-01096,test,true,false,JIossvdrdr,JI,Gos018,dev
13,Gos018.s311,Mf-prof-01097,test,true,false,JIossvdrdr,JI,Gos018,dev
2,Gos018.s313,Mf-prof-01097,test,true,false,JIossvdrdr,JI,Gos018,dev
8,Gos018.s314,Lm-ucen-01096,test,true,false,JIossvdrdr,JI,Gos018,dev
2,Gos018.s315,Mf-prof-01097,test,true,false,JIossvdrdr,JI,Gos018,dev
16,Gos018.s316,Nm-ucen-01098,test,true,false,JIossvdrdr,JI,Gos018,dev
9,Gos018.s317,Nm-ucen-01098,test,true,false,JIossvdrdr,JI,Gos018,dev
4,Gos018.s318,Em-ucen-01089,test,true,false,JIossvdrdr,JI,Gos018,dev
10,Gos018.s320,Mf-prof-01097,test,true,false,JIossvdrdr,JI,Gos018,dev
28,Gos018.s321,Mf-prof-01097,test,true,false,JIossvdrdr,JI,Gos018,dev
21,Gos019.s1,Sf-prof-07036,test,true,false,JIossvdrdr,JI,Gos019,train
4,Gos019.s2,Fm-ucen-07023,test,true,false,JIossvdrdr,JI,Gos019,train
12,Gos019.s3,Sf-prof-07036,test,true,false,JIossvdrdr,JI,Gos019,train
8,Gos019.s4,Fm-ucen-07023,test,true,false,JIossvdrdr,JI,Gos019,train
2,Gos019.s5,Sf-prof-07036,test,true,false,JIossvdrdr,JI,Gos019,train
7,Gos019.s6,Fm-ucen-07023,test,true,false,JIossvdrdr,JI,Gos019,train
25,Gos019.s7,Fm-ucen-07023,test,true,false,JIossvdrdr,JI,Gos019,train
18,Gos019.s8,Sf-prof-07036,test,true,false,JIossvdrdr,JI,Gos019,train
12,Gos019.s9,Sf-prof-07036,test,true,false,JIossvdrdr,JI,Gos019,train
2,Gos019.s11,Sf-prof-07036,test,true,false,JIossvdrdr,JI,Gos019,train
17,Gos019.s12,Gm-ucen-07024,test,true,false,JIossvdrdr,JI,Gos019,train
10,Gos021.s146,Sf-prof-01049,test,true,false,JIossvtrna,JI,Gos021,train
4,Gos021.s147,Sf-prof-01049,test,true,false,JIossvtrna,JI,Gos021,train
2,Gos021.s148,Af-ucen-01051,test,true,false,JIossvtrna,JI,Gos021,train
16,Gos021.s149,Sf-prof-01049,test,true,false,JIossvtrna,JI,Gos021,train
2,Gos021.s150,Pn-vsiucenci-10000,test,true,false,JIossvtrna,JI,Gos021,train
2,Gos021.s151,Sf-prof-01049,test,true,false,JIossvtrna,JI,Gos021,train
20,Gos021.s152,Sf-prof-01049,test,true,false,JIossvtrna,JI,Gos021,train
7,Gos021.s153,Bm-ucen-01052,test,true,false,JIossvtrna,JI,Gos021,train
8,Gos021.s154,Sf-prof-01049,test,true,false,JIossvtrna,JI,Gos021,train
14,Gos021.s156,Sf-prof-01049,test,true,false,JIossvtrna,JI,Gos021,train
28,Gos021.s157,Sf-prof-01049,test,true,false,JIossvtrna,JI,Gos021,train
4,Gos026.s25,Am-nast-05525,test,true,false,JIrajzakjp,JI,Gos026,train
15,Gos026.s26,Bf-novi-05533,test,true,false,JIrajzakjp,JI,Gos026,train
10,Gos026.s27,Bf-novi-05533,test,true,false,JIrajzakjp,JI,Gos026,train
8,Gos026.s28,Bf-novi-05533,test,true,false,JIrajzakjp,JI,Gos026,train
8,Gos026.s29,Hm-anke-05569,test,true,false,JIrajzakjp,JI,Gos026,train
5,Gos027.s71,Fm-mode-05592,test,true,false,JIrajzakjp,JI,Gos027,train
4,Gos027.s72,Lm-posl-05607,test,true,false,JIrajzakjp,JI,Gos027,train
2,Gos027.s73,Fm-mode-05592,test,true,false,JIrajzakjp,JI,Gos027,train
12,Gos027.s74,Lm-posl-05607,test,true,false,JIrajzakjp,JI,Gos027,train
2,Gos027.s75,Fm-mode-05592,test,true,false,JIrajzakjp,JI,Gos027,train
4,Gos027.s76,Lm-posl-05607,test,true,false,JIrajzakjp,JI,Gos027,train
2,Gos027.s77,Fm-mode-05592,test,true,false,JIrajzakjp,JI,Gos027,train
39,Gos027.s78,Lm-posl-05607,test,true,false,JIrajzakjp,JI,Gos027,train
8,Gos031.s107,Cf-gost-05601,test,true,false,JIrajzakns,JI,Gos031,train
31,Gos031.s108,Bf-mode-05533,test,true,false,JIrajzakns,JI,Gos031,train
17,Gos031.s109,Bf-mode-05533,test,true,false,JIrajzakns,JI,Gos031,train
32,Gos031.s110,Cf-gost-05601,test,true,false,JIrajzakns,JI,Gos031,train
21,Gos033.s28,Ef-anke-05595,test,true,false,JIrajzakns,JI,Gos033,train
6,Gos033.s29,Fm-anke-05596,test,true,false,JIrajzakns,JI,Gos033,train
36,Gos033.s30,Fm-anke-05596,test,true,false,JIrajzakns,JI,Gos033,train
24,Gos033.s31,Fm-anke-05596,test,true,false,JIrajzakns,JI,Gos033,train
6,Gos033.s32,Gf-anke-05597,test,true,false,JIrajzakns,JI,Gos033,train
11,Gos033.s33,Gf-anke-05597,test,true,false,JIrajzakns,JI,Gos033,train
29,Gos033.s34,Gf-anke-05597,test,true,false,JIrajzakns,JI,Gos033,train
8,Gos035.s36,Af-mode-04527,test,true,false,JIrajzkkna,JI,Gos035,train
17,Gos035.s37,Bm-inte-04528,test,true,false,JIrajzkkna,JI,Gos035,train
15,Gos035.s38,Bm-inte-04528,test,true,false,JIrajzkkna,JI,Gos035,train
32,Gos035.s39,Bm-inte-04528,test,true,false,JIrajzkkna,JI,Gos035,train
30,Gos037.s124,Bf-novi-00524,test,true,false,JIrajzkrsp,JI,Gos037,train
5,Gos037.s125,Bf-novi-00524,test,true,false,JIrajzkrsp,JI,Gos037,train
18,Gos037.s126,Bf-novi-00524,test,true,false,JIrajzkrsp,JI,Gos037,train
22,Gos037.s127,Bf-novi-00524,test,true,false,JIrajzkrsp,JI,Gos037,train
6,Gos037.s128,Bf-novi-00524,test,true,false,JIrajzkrsp,JI,Gos037,train
6,Gos037.s129,Bf-novi-00524,test,true,false,JIrajzkrsp,JI,Gos037,train
21,Gos038.s272,Cm-gost-02054,test,true,false,JIraslogak,JI,Gos038,train
22,Gos038.s273,Cm-gost-02054,test,true,false,JIraslogak,JI,Gos038,train
13,Gos038.s274,Cm-gost-02054,test,true,false,JIraslogak,JI,Gos038,train
25,Gos038.s275,Cm-gost-02054,test,true,false,JIraslogak,JI,Gos038,train
34,Gos038.s276,Cm-gost-02054,test,true,false,JIraslogak,JI,Gos038,train
47,Gos038.s277,Cm-gost-02054,test,true,false,JIraslogak,JI,Gos038,train
19,Gos038.s278,Cm-gost-02054,test,true,false,JIraslogak,JI,Gos038,train
18,Gos038.s279,Cm-gost-02054,test,true,false,JIraslogak,JI,Gos038,train
19,Gos038.s280,Am-novi-02052,test,true,false,JIraslogak,JI,Gos038,train
24,Gos038.s281,Am-novi-02052,test,true,false,JIraslogak,JI,Gos038,train
11,Gos040.s146,Af-novi-02064,test,true,false,JIraslslin,JI,Gos040,train
18,Gos040.s148,Bf-gost-02065,test,true,false,JIraslslin,JI,Gos040,train
15,Gos040.s149,Bf-gost-02065,test,true,false,JIraslslin,JI,Gos040,train
45,Gos040.s150,Bf-gost-02065,test,true,false,JIraslslin,JI,Gos040,train
17,Gos040.s151,Bf-gost-02065,test,true,false,JIraslslin,JI,Gos040,train
12,Gos040.s152,Bf-gost-02065,test,true,false,JIraslslin,JI,Gos040,train
15,Gos040.s153,Bf-gost-02065,test,true,false,JIraslslin,JI,Gos040,train
9,Gos045.s298,Af-mode-02141,test,true,false,JIrasvmbrt,JI,Gos045,train
14,Gos045.s299,Af-mode-02141,test,true,false,JIrasvmbrt,JI,Gos045,train
2,Gos045.s300,Af-mode-02141,test,true,false,JIrasvmbrt,JI,Gos045,train
26,Gos045.s301,Cm-gost-02143,test,true,false,JIrasvmbrt,JI,Gos045,train
32,Gos045.s302,Af-mode-02141,test,true,false,JIrasvmbrt,JI,Gos045,train
29,Gos045.s303,Cm-gost-02143,test,true,false,JIrasvmbrt,JI,Gos045,train
33,Gos045.s304,Cm-gost-02143,test,true,false,JIrasvmbrt,JI,Gos045,train
10,Gos045.s305,Cm-gost-02143,test,true,false,JIrasvmbrt,JI,Gos045,train
34,Gos045.s306,Cm-gost-02143,test,true,false,JIrasvmbrt,JI,Gos045,train
28,Gos045.s307,Cm-gost-02143,test,true,false,JIrasvmbrt,JI,Gos045,train
4,Gos052.s252,Am-prof-07057,test,true,false,JIssjzgidr,JI,Gos052,dev
5,Gos052.s254,Am-prof-07057,test,true,false,JIssjzgidr,JI,Gos052,dev
6,Gos052.s255,Am-prof-07057,test,true,false,JIssjzgidr,JI,Gos052,dev
6,Gos052.s257,Am-prof-07057,test,true,false,JIssjzgidr,JI,Gos052,dev
7,Gos052.s258,Am-prof-07057,test,true,false,JIssjzgidr,JI,Gos052,dev
14,Gos052.s260,Am-prof-07057,test,true,false,JIssjzgidr,JI,Gos052,dev
12,Gos052.s261,Am-prof-07057,test,true,false,JIssjzgidr,JI,Gos052,dev
2,Gos052.s262,Gm-ucen-07063,test,true,false,JIssjzgidr,JI,Gos052,dev
17,Gos052.s263,Am-prof-07057,test,true,false,JIssjzgidr,JI,Gos052,dev
29,Gos052.s264,Am-prof-07057,test,true,false,JIssjzgidr,JI,Gos052,dev
2,Gos053.s449,Af-prof-07037,test,true,false,JIssjzgina,JI,Gos053,train
4,Gos053.s451,Af-prof-07037,test,true,false,JIssjzgina,JI,Gos053,train
3,Gos053.s452,Nm-ucen-07038,test,true,false,JIssjzgina,JI,Gos053,train
6,Gos053.s454,Af-prof-07037,test,true,false,JIssjzgina,JI,Gos053,train
8,Gos053.s456,Af-prof-07037,test,true,false,JIssjzgina,JI,Gos053,train
2,Gos053.s457,Ff-ucen-07043,test,true,false,JIssjzgina,JI,Gos053,train
6,Gos053.s458,Af-prof-07037,test,true,false,JIssjzgina,JI,Gos053,train
5,Gos053.s459,Ff-ucen-07043,test,true,false,JIssjzgina,JI,Gos053,train
6,Gos053.s461,Af-prof-07037,test,true,false,JIssjzgina,JI,Gos053,train
2,Gos053.s462,Dm-ucen-07041,test,true,false,JIssjzgina,JI,Gos053,train
8,Gos053.s463,Af-prof-07037,test,true,false,JIssjzgina,JI,Gos053,train
7,Gos053.s465,Af-prof-07037,test,true,false,JIssjzgina,JI,Gos053,train
6,Gos053.s467,Af-prof-07037,test,true,false,JIssjzgina,JI,Gos053,train
2,Gos053.s468,Af-prof-07037,test,true,false,JIssjzgina,JI,Gos053,train
6,Gos053.s469,Pm-ucen-07052,test,true,false,JIssjzgina,JI,Gos053,train
7,Gos053.s470,Af-prof-07037,test,true,false,JIssjzgina,JI,Gos053,train
2,Gos053.s471,Dm-ucen-07041,test,true,false,JIssjzgina,JI,Gos053,train
3,Gos053.s472,Af-prof-07037,test,true,false,JIssjzgina,JI,Gos053,train
7,Gos053.s474,Af-prof-07037,test,true,false,JIssjzgina,JI,Gos053,train
14,Gos053.s476,Af-prof-07037,test,true,false,JIssjzgina,JI,Gos053,train
6,Gos053.s478,Jm-ucen-07047,test,true,false,JIssjzgina,JI,Gos053,train
5,Gos054.s146,Am-prof-07076,test,true,false,JIssjzpsdr,JI,Gos054,train
11,Gos054.s147,Am-prof-07076,test,true,false,JIssjzpsdr,JI,Gos054,train
2,Gos054.s149,Dm-ucen-07079,test,true,false,JIssjzpsdr,JI,Gos054,train
13,Gos054.s150,Am-prof-07076,test,true,false,JIssjzpsdr,JI,Gos054,train
4,Gos054.s151,Am-prof-07076,test,true,false,JIssjzpsdr,JI,Gos054,train
11,Gos054.s152,Am-prof-07076,test,true,false,JIssjzpsdr,JI,Gos054,train
4,Gos054.s153,Am-prof-07076,test,true,false,JIssjzpsdr,JI,Gos054,train
3,Gos054.s154,Pn-vsiucenci-10000,test,true,false,JIssjzpsdr,JI,Gos054,train
11,Gos054.s155,Am-prof-07076,test,true,false,JIssjzpsdr,JI,Gos054,train
7,Gos054.s156,Am-prof-07076,test,true,false,JIssjzpsdr,JI,Gos054,train
2,Gos054.s157,Gf-ucen-07082,test,true,false,JIssjzpsdr,JI,Gos054,train
19,Gos054.s158,Am-prof-07076,test,true,false,JIssjzpsdr,JI,Gos054,train
10,Gos060.s615,Af-prof-02204,test,true,false,JIsssvgina,JI,Gos060,train
2,Gos060.s616,Af-prof-02204,test,true,false,JIsssvgina,JI,Gos060,train
2,Gos060.s618,Af-prof-02204,test,true,false,JIsssvgina,JI,Gos060,train
20,Gos060.s619,Bf-ucen-02205,test,true,false,JIsssvgina,JI,Gos060,train
2,Gos060.s620,Af-prof-02204,test,true,false,JIsssvgina,JI,Gos060,train
7,Gos060.s621,Bf-ucen-02205,test,true,false,JIsssvgina,JI,Gos060,train
4,Gos060.s622,Cf-ucen-02206,test,true,false,JIsssvgina,JI,Gos060,train
8,Gos060.s623,Af-prof-02204,test,true,false,JIsssvgina,JI,Gos060,train
5,Gos060.s624,Df-ucen-02207,test,true,false,JIsssvgina,JI,Gos060,train
18,Gos060.s625,Af-prof-02204,test,true,false,JIsssvgina,JI,Gos060,train
9,Gos060.s626,Af-prof-02204,test,true,false,JIsssvgina,JI,Gos060,train
10,Gos060.s628,Bf-ucen-02205,test,true,false,JIsssvgina,JI,Gos060,train
2,Gos060.s629,Af-prof-02204,test,true,false,JIsssvgina,JI,Gos060,train
3,Gos060.s630,Bf-ucen-02205,test,true,false,JIsssvgina,JI,Gos060,train
2,Gos060.s631,Af-prof-02204,test,true,false,JIsssvgina,JI,Gos060,train
7,Gos060.s632,Af-prof-02204,test,true,false,JIsssvgina,JI,Gos060,train
7,Gos060.s633,Af-prof-02204,test,true,false,JIsssvgina,JI,Gos060,train
3,Gos060.s634,Af-prof-02204,test,true,false,JIsssvgina,JI,Gos060,train
11,Gos060.s635,Bf-ucen-02205,test,true,false,JIsssvgina,JI,Gos060,train
7,Gos061.s409,Af-prof-05568,test,true,false,JIsssvpsdr,JI,Gos061,train
2,Gos061.s410,Bm-ucen-05569,test,true,false,JIsssvpsdr,JI,Gos061,train
6,Gos061.s411,Hm-ucen-05575,test,true,false,JIsssvpsdr,JI,Gos061,train
11,Gos061.s412,Af-prof-05568,test,true,false,JIsssvpsdr,JI,Gos061,train
2,Gos061.s413,Bm-ucen-05569,test,true,false,JIsssvpsdr,JI,Gos061,train
7,Gos061.s414,Af-prof-05568,test,true,false,JIsssvpsdr,JI,Gos061,train
2,Gos061.s415,Pn-vsiucenci-10000,test,true,false,JIsssvpsdr,JI,Gos061,train
2,Gos061.s416,Af-prof-05568,test,true,false,JIsssvpsdr,JI,Gos061,train
2,Gos061.s417,Bm-ucen-05569,test,true,false,JIsssvpsdr,JI,Gos061,train
7,Gos061.s418,Af-prof-05568,test,true,false,JIsssvpsdr,JI,Gos061,train
2,Gos061.s419,Pn-vsiucenci-10000,test,true,false,JIsssvpsdr,JI,Gos061,train
14,Gos061.s420,Af-prof-05568,test,true,false,JIsssvpsdr,JI,Gos061,train
6,Gos061.s421,Bm-ucen-05569,test,true,false,JIsssvpsdr,JI,Gos061,train
6,Gos061.s422,Gm-ucen-05574,test,true,false,JIsssvpsdr,JI,Gos061,train
6,Gos061.s423,Af-prof-05568,test,true,false,JIsssvpsdr,JI,Gos061,train
14,Gos061.s424,Af-prof-05568,test,true,false,JIsssvpsdr,JI,Gos061,train
23,Gos061.s425,Af-prof-05568,test,true,false,JIsssvpsdr,JI,Gos061,train
9,Gos061.s426,Af-prof-05568,test,true,false,JIsssvpsdr,JI,Gos061,train
47,Gos061.s427,Af-prof-05568,test,true,false,JIsssvpsdr,JI,Gos061,train
2,Gos063.s539,Am-prof-07158,test,true,false,JIsssvpsnr,JI,Gos063,train
10,Gos063.s540,Am-prof-07158,test,true,false,JIsssvpsnr,JI,Gos063,train
7,Gos063.s542,Am-prof-07158,test,true,false,JIsssvpsnr,JI,Gos063,train
2,Gos063.s544,Dm-ucen-07161,test,true,false,JIsssvpsnr,JI,Gos063,train
7,Gos063.s545,Fm-ucen-07162,test,true,false,JIsssvpsnr,JI,Gos063,train
8,Gos063.s546,Am-prof-07158,test,true,false,JIsssvpsnr,JI,Gos063,train
15,Gos063.s547,Am-prof-07158,test,true,false,JIsssvpsnr,JI,Gos063,train
3,Gos063.s548,Am-prof-07158,test,true,false,JIsssvpsnr,JI,Gos063,train
27,Gos063.s549,Am-prof-07158,test,true,false,JIsssvpsnr,JI,Gos063,train
15,Gos063.s550,Am-prof-07158,test,true,false,JIsssvpsnr,JI,Gos063,train
18,Gos063.s551,Am-prof-07158,test,true,false,JIsssvpsnr,JI,Gos063,train
6,Gos063.s552,Dm-ucen-07161,test,true,false,JIsssvpsnr,JI,Gos063,train
6,Gos063.s553,Am-prof-07158,test,true,false,JIsssvpsnr,JI,Gos063,train
7,Gos066.s16,Bf-anke-01503,test,true,false,JItvslpopr,JI,Gos066,train
14,Gos066.s17,Bf-anke-01503,test,true,false,JItvslpopr,JI,Gos066,train
23,Gos066.s18,Bf-anke-01503,test,true,false,JItvslpopr,JI,Gos066,train
9,Gos066.s19,Df-novi-01501,test,true,false,JItvslpopr,JI,Gos066,train
35,Gos077.s9,Af-novi-02001,test,true,false,JItvslpour,JI,Gos077,train
23,Gos083.s10,Rm-anke-01514,test,true,false,JItvslpour,JI,Gos083,train
5,Gos084.s1,Em-novi-03501,test,true,false,JItvslpour,JI,Gos084,train
14,Gos084.s2,Em-novi-03501,test,true,false,JItvslpour,JI,Gos084,train
20,Gos085.s6,Bm-inte-05001,test,true,false,JItvslpour,JI,Gos085,train
28,Gos088.s6,Af-novi-00001,test,true,false,JItvslpour,JI,Gos088,train
12,Gos089.s42,Pf-novi-03503,test,true,false,JItvslpour,JI,Gos089,train
7,Gos089.s43,Pf-novi-03503,test,true,false,JItvslpour,JI,Gos089,train
15,Gos089.s44,Pf-novi-03503,test,true,false,JItvslpour,JI,Gos089,train
16,Gos092.s7,Bm-nast-04001,test,true,false,JItvslpour,JI,Gos092,train
24,Gos095.s7,Am-anke-01518,test,true,false,JItvslpour,JI,Gos095,train
11,Gos098.s22,Kf-novi-03516,test,true,false,JItvslpour,JI,Gos098,train
19,Gos099.s3,Am-inte-03538,test,true,false,JItvslpour,JI,Gos099,dev
31,Gos100.s7,Am-novi-05591,test,true,false,JItvslpour,JI,Gos100,train
36,Gos102.s6,Pf-novi-03534,test,true,false,JItvslpour,JI,Gos102,train
22,Gos103.s2,Bm-anke-02024,test,true,false,JItvslpour,JI,Gos103,train
34,Gos106.s1,Jf-novi-04532,test,true,false,JItvslpour,JI,Gos106,train
4,Gos109.s7,Af-novi-03507,test,true,false,JItvslpour,JI,Gos109,train
62,Gos109.s8,Af-novi-03507,test,true,false,JItvslpour,JI,Gos109,train
38,Gos110.s1,Ef-novi-04501,test,true,false,JItvslpour,JI,Gos110,train
4,Gos112.s8,Tf-anke-00003,test,true,false,JItvslpour,JI,Gos112,train
4,Gos112.s9,Tf-anke-00003,test,true,false,JItvslpour,JI,Gos112,train
12,Gos112.s10,Kf-novi-00001,test,true,false,JItvslpour,JI,Gos112,train
20,Gos113.s89,Rf-novi-01604,test,true,false,JItvslslod,JI,Gos113,train
58,Gos113.s90,Bm-inte-07502,test,true,false,JItvslslod,JI,Gos113,train
14,Gos116.s81,Bm-gost-03509,test,true,false,JItvslslod,JI,Gos116,train
49,Gos116.s82,Bm-gost-03509,test,true,false,JItvslslod,JI,Gos116,train
2,Gos116.s83,Sm-novi-07003,test,true,false,JItvslslod,JI,Gos116,train
13,Gos116.s84,Bm-gost-03509,test,true,false,JItvslslod,JI,Gos116,train
25,Gos116.s85,Sm-novi-07003,test,true,false,JItvslslod,JI,Gos116,train
37,Gos116.s86,Bm-gost-03509,test,true,false,JItvslslod,JI,Gos116,train
20,Gos117.s35,Am-mode-07003,test,true,false,JItvslslod,JI,Gos117,train
59,Gos117.s36,Dm-gost-07006,test,true,false,JItvslslod,JI,Gos117,train
13,Gos119.s72,Bm-gost-07155,test,true,false,JItvslslod,JI,Gos119,train
38,Gos119.s73,Bm-gost-07155,test,true,false,JItvslslod,JI,Gos119,train
57,Gos119.s74,Bm-gost-07155,test,true,false,JItvslslod,JI,Gos119,train
6,Gos121.s19,Dm-gost-07198,test,true,false,JItvslslod,JI,Gos121,train
10,Gos121.s20,Dm-gost-07198,test,true,false,JItvslslod,JI,Gos121,train
9,Gos121.s21,Dm-gost-07198,test,true,false,JItvslslod,JI,Gos121,train
12,Gos121.s22,Dm-gost-07198,test,true,false,JItvslslod,JI,Gos121,train
8,Gos121.s23,Am-mode-07003,test,true,false,JItvslslod,JI,Gos121,train
32,Gos121.s24,Dm-gost-07198,test,true,false,JItvslslod,JI,Gos121,train
23,Gos121.s25,Dm-gost-07198,test,true,false,JItvslslod,JI,Gos121,train
19,Gos121.s26,Dm-gost-07198,test,true,false,JItvslslod,JI,Gos121,train
12,Gos126.s6,Im-gost-06571,test,true,false,JItvslslsc,JI,Gos126,train
9,Gos126.s7,Im-gost-06571,test,true,false,JItvslslsc,JI,Gos126,train
20,Gos126.s8,Im-gost-06571,test,true,false,JItvslslsc,JI,Gos126,train
6,Gos126.s9,Sm-novi-06570,test,true,false,JItvslslsc,JI,Gos126,train
18,Gos126.s10,Im-gost-06571,test,true,false,JItvslslsc,JI,Gos126,train
20,Gos126.s11,Im-gost-06571,test,true,false,JItvslslsc,JI,Gos126,train
35,Gos127.s45,Lf-gost-05513,test,true,false,JItvslslsc,JI,Gos127,train
2,Gos127.s46,Sm-novi-06570,test,true,false,JItvslslsc,JI,Gos127,train
7,Gos127.s47,Lf-gost-05513,test,true,false,JItvslslsc,JI,Gos127,train
3,Gos127.s48,Lf-gost-05513,test,true,false,JItvslslsc,JI,Gos127,train
39,Gos127.s49,Lf-gost-05513,test,true,false,JItvslslsc,JI,Gos127,train
21,Gos129.s72,Sm-novi-06570,test,true,false,JItvslslsc,JI,Gos129,train
3,Gos129.s73,Sf-gost-00013,test,true,false,JItvslslsc,JI,Gos129,train
18,Gos129.s74,Sf-gost-00013,test,true,false,JItvslslsc,JI,Gos129,train
41,Gos129.s75,Sm-novi-06570,test,true,false,JItvslslsc,JI,Gos129,train
13,Gos131.s142,Bm-novi-06519,test,true,false,JRrajzbejp,JR,Gos131,dev
6,Gos131.s143,Bm-novi-06519,test,true,false,JRrajzbejp,JR,Gos131,dev
11,Gos131.s144,Bm-novi-06519,test,true,false,JRrajzbejp,JR,Gos131,dev
15,Gos131.s146,Bm-novi-06519,test,true,false,JRrajzbejp,JR,Gos131,dev
6,Gos131.s147,Bm-novi-06519,test,true,false,JRrajzbejp,JR,Gos131,dev
11,Gos131.s148,Bm-novi-06519,test,true,false,JRrajzbejp,JR,Gos131,dev
31,Gos131.s150,Bm-novi-06519,test,true,false,JRrajzbejp,JR,Gos131,dev
13,Gos131.s151,Bm-novi-06519,test,true,false,JRrajzbejp,JR,Gos131,dev
4,Gos131.s152,Bm-novi-06519,test,true,false,JRrajzbejp,JR,Gos131,dev
12,Gos136.s376,Am-mode-05620,test,true,true,JRrajzcajp,JR,Gos136,train
12,Gos136.s377,Am-mode-05620,test,true,true,JRrajzcajp,JR,Gos136,train
14,Gos136.s378,Cm-mode-05621,test,true,true,JRrajzcajp,JR,Gos136,train
28,Gos136.s379,Cm-mode-05621,test,true,true,JRrajzcajp,JR,Gos136,train
29,Gos136.s380,Am-mode-05620,test,true,true,JRrajzcajp,JR,Gos136,train
8,Gos136.s381,Cm-mode-05621,test,true,true,JRrajzcajp,JR,Gos136,train
22,Gos136.s382,Cm-mode-05621,test,true,true,JRrajzcajp,JR,Gos136,train
34,Gos136.s383,Am-mode-05620,test,true,true,JRrajzcajp,JR,Gos136,train
17,Gos136.s385,Am-mode-05620,test,true,true,JRrajzcajp,JR,Gos136,train
7,Gos136.s386,Am-mode-05620,test,true,true,JRrajzcajp,JR,Gos136,train
6,Gos136.s387,Cm-mode-05621,test,true,true,JRrajzcajp,JR,Gos136,train
6,Gos136.s388,Am-mode-05620,test,true,true,JRrajzcajp,JR,Gos136,train
20,Gos136.s389,Cm-mode-05621,test,true,true,JRrajzcajp,JR,Gos136,train
18,Gos136.s390,Am-mode-05620,test,true,true,JRrajzcajp,JR,Gos136,train
6,Gos136.s391,Cm-mode-05621,test,true,true,JRrajzcajp,JR,Gos136,train
3,Gos136.s392,Am-mode-05620,test,true,true,JRrajzcajp,JR,Gos136,train
4,Gos136.s393,Cm-mode-05621,test,true,true,JRrajzcajp,JR,Gos136,train
5,Gos136.s394,Am-mode-05620,test,true,true,JRrajzcajp,JR,Gos136,train
2,Gos136.s395,Cm-mode-05621,test,true,true,JRrajzcajp,JR,Gos136,train
2,Gos136.s396,Am-mode-05620,test,true,true,JRrajzcajp,JR,Gos136,train
6,Gos136.s397,Am-mode-05620,test,true,true,JRrajzcajp,JR,Gos136,train
23,Gos136.s399,Am-mode-05620,test,true,true,JRrajzcajp,JR,Gos136,train
20,Gos136.s400,Am-mode-05620,test,true,true,JRrajzcajp,JR,Gos136,train
2,Gos136.s401,Cm-mode-05621,test,true,true,JRrajzcajp,JR,Gos136,train
19,Gos136.s402,Am-mode-05620,test,true,true,JRrajzcajp,JR,Gos136,train
18,Gos141.s331,Am-novi-02066,test,true,false,JRraslcejp,JR,Gos141,dev
22,Gos141.s332,Cf-novi-02068,test,true,false,JRraslcejp,JR,Gos141,dev
30,Gos141.s333,Cf-novi-02068,test,true,false,JRraslcejp,JR,Gos141,dev
2,Gos141.s334,Am-novi-02066,test,true,false,JRraslcejp,JR,Gos141,dev
3,Gos141.s336,Cf-novi-02068,test,true,false,JRraslcejp,JR,Gos141,dev
2,Gos141.s337,Kf-posl-02076,test,true,false,JRraslcejp,JR,Gos141,dev
5,Gos141.s338,Cf-novi-02068,test,true,false,JRraslcejp,JR,Gos141,dev
4,Gos141.s339,Kf-posl-02076,test,true,false,JRraslcejp,JR,Gos141,dev
7,Gos141.s340,Cf-novi-02068,test,true,false,JRraslcejp,JR,Gos141,dev
6,Gos141.s341,Kf-posl-02076,test,true,false,JRraslcejp,JR,Gos141,dev
6,Gos141.s342,Cf-novi-02068,test,true,false,JRraslcejp,JR,Gos141,dev
10,Gos141.s343,Kf-posl-02076,test,true,false,JRraslcejp,JR,Gos141,dev
6,Gos141.s344,Cf-novi-02068,test,true,false,JRraslcejp,JR,Gos141,dev
15,Gos141.s345,Kf-posl-02076,test,true,false,JRraslcejp,JR,Gos141,dev
31,Gos141.s346,Cf-novi-02068,test,true,false,JRraslcejp,JR,Gos141,dev
24,Gos141.s347,Cf-novi-02068,test,true,false,JRraslcejp,JR,Gos141,dev
6,Gos141.s348,Kf-posl-02076,test,true,false,JRraslcejp,JR,Gos141,dev
27,Gos141.s349,Kf-posl-02076,test,true,false,JRraslcejp,JR,Gos141,dev
58,Gos144.s285,Dm-mode-01017,test,true,false,JRrasvcijp,JR,Gos144,train
26,Gos144.s286,Dm-mode-01017,test,true,false,JRrasvcijp,JR,Gos144,train
6,Gos144.s287,Bm-mode-01016,test,true,false,JRrasvcijp,JR,Gos144,train
38,Gos144.s288,Bm-mode-01016,test,true,false,JRrasvcijp,JR,Gos144,train
2,Gos144.s289,Dm-mode-01017,test,true,false,JRrasvcijp,JR,Gos144,train
3,Gos144.s290,Bm-mode-01016,test,true,false,JRrasvcijp,JR,Gos144,train
2,Gos144.s291,Dm-mode-01017,test,true,false,JRrasvcijp,JR,Gos144,train
19,Gos144.s292,Bm-mode-01016,test,true,false,JRrasvcijp,JR,Gos144,train
5,Gos144.s293,Bm-mode-01016,test,true,false,JRrasvcijp,JR,Gos144,train
2,Gos144.s294,Dm-mode-01017,test,true,false,JRrasvcijp,JR,Gos144,train
11,Gos144.s295,Dm-mode-01017,test,true,false,JRrasvcijp,JR,Gos144,train
4,Gos144.s296,Dm-mode-01017,test,true,false,JRrasvcijp,JR,Gos144,train
7,Gos144.s297,Bm-mode-01016,test,true,false,JRrasvcijp,JR,Gos144,train
2,Gos144.s298,Dm-mode-01017,test,true,false,JRrasvcijp,JR,Gos144,train
23,Gos144.s299,Dm-mode-01017,test,true,false,JRrasvcijp,JR,Gos144,train
42,Gos144.s300,Dm-mode-01017,test,true,false,JRrasvcijp,JR,Gos144,train
18,Gos144.s301,Dm-mode-01017,test,true,false,JRrasvcijp,JR,Gos144,train
4,Gos144.s302,Dm-mode-01017,test,true,false,JRrasvcijp,JR,Gos144,train
9,Gos144.s303,Dm-mode-01017,test,true,false,JRrasvcijp,JR,Gos144,train
3,Gos144.s304,Dm-mode-01017,test,true,false,JRrasvcijp,JR,Gos144,train
18,Gos144.s305,Dm-mode-01017,test,true,false,JRrasvcijp,JR,Gos144,train
21,Gos144.s306,Dm-mode-01017,test,true,false,JRrasvcijp,JR,Gos144,train
6,Gos144.s307,Dm-mode-01017,test,true,false,JRrasvcijp,JR,Gos144,train
10,Gos144.s308,Dm-mode-01017,test,true,false,JRrasvcijp,JR,Gos144,train
16,Gos144.s309,Dm-mode-01017,test,true,false,JRrasvcijp,JR,Gos144,train
6,Gos146.s141,Dm-mode-01017,test,true,false,JRrasvcijp,JR,Gos146,train
37,Gos146.s142,Dm-mode-01017,test,true,false,JRrasvcijp,JR,Gos146,train
3,Gos146.s143,Dm-mode-01017,test,true,false,JRrasvcijp,JR,Gos146,train
2,Gos146.s144,Ef-mode-01018,test,true,false,JRrasvcijp,JR,Gos146,train
5,Gos146.s145,Dm-mode-01017,test,true,false,JRrasvcijp,JR,Gos146,train
16,Gos146.s146,Dm-mode-01017,test,true,false,JRrasvcijp,JR,Gos146,train
10,Gos146.s147,Dm-mode-01017,test,true,false,JRrasvcijp,JR,Gos146,train
7,Gos146.s149,Dm-mode-01017,test,true,false,JRrasvcijp,JR,Gos146,train
5,Gos146.s150,Dm-mode-01017,test,true,false,JRrasvcijp,JR,Gos146,train
19,Gos146.s151,Dm-mode-01017,test,true,false,JRrasvcijp,JR,Gos146,train
22,Gos146.s152,Dm-mode-01017,test,true,false,JRrasvcijp,JR,Gos146,train
2,Gos146.s153,Ef-mode-01018,test,true,false,JRrasvcijp,JR,Gos146,train
14,Gos146.s154,Dm-mode-01017,test,true,false,JRrasvcijp,JR,Gos146,train
6,Gos146.s155,Dm-mode-01017,test,true,false,JRrasvcijp,JR,Gos146,train
23,Gos146.s156,Dm-mode-01017,test,true,false,JRrasvcijp,JR,Gos146,train
8,Gos146.s157,Dm-mode-01017,test,true,false,JRrasvcijp,JR,Gos146,train
16,Gos146.s158,Dm-mode-01017,test,true,false,JRrasvcijp,JR,Gos146,train
2,Gos150.s118,Gm-novi-01008,test,true,false,JRrasvkoso,JR,Gos150,dev
14,Gos150.s119,Gm-novi-01008,test,true,false,JRrasvkoso,JR,Gos150,dev
3,Gos150.s120,Jm-inte-01009,test,true,false,JRrasvkoso,JR,Gos150,dev
11,Gos150.s121,Gm-novi-01008,test,true,false,JRrasvkoso,JR,Gos150,dev
4,Gos150.s122,Jm-inte-01009,test,true,false,JRrasvkoso,JR,Gos150,dev
11,Gos150.s123,Jm-inte-01009,test,true,false,JRrasvkoso,JR,Gos150,dev
13,Gos151.s3,Xm-novi-01001,test,true,false,JRrasvkoso,JR,Gos151,train
25,Gos151.s4,Bm-inte-01002,test,true,false,JRrasvkoso,JR,Gos151,train
75,Gos151.s5,Bm-inte-01002,test,true,false,JRrasvkoso,JR,Gos151,train
14,Gos153.s23,Af-mode-01010,test,true,false,JRrasvkost,JR,Gos153,dev
17,Gos153.s24,Af-mode-01010,test,true,false,JRrasvkost,JR,Gos153,dev
14,Gos153.s25,Af-mode-01010,test,true,false,JRrasvkost,JR,Gos153,dev
2,Gos153.s26,Tf-mode-01013,test,true,false,JRrasvkost,JR,Gos153,dev
4,Gos153.s27,Af-mode-01010,test,true,false,JRrasvkost,JR,Gos153,dev
2,Gos153.s28,Tf-mode-01013,test,true,false,JRrasvkost,JR,Gos153,dev
6,Gos153.s29,Af-mode-01010,test,true,false,JRrasvkost,JR,Gos153,dev
3,Gos153.s30,Af-mode-01010,test,true,false,JRrasvkost,JR,Gos153,dev
6,Gos153.s31,Tf-mode-01013,test,true,false,JRrasvkost,JR,Gos153,dev
6,Gos153.s32,Af-mode-01010,test,true,false,JRrasvkost,JR,Gos153,dev
22,Gos153.s34,Zf-mode-01014,test,true,false,JRrasvkost,JR,Gos153,dev
4,Gos153.s35,Af-mode-01010,test,true,false,JRrasvkost,JR,Gos153,dev
13,Gos153.s36,Tf-mode-01013,test,true,false,JRrasvkost,JR,Gos153,dev
26,Gos157.s133,Am-novi-02048,test,true,false,JRtvslpoas,JR,Gos157,train
4,Gos157.s134,Cf-gost-00510,test,true,false,JRtvslpoas,JR,Gos157,train
3,Gos157.s135,Bm-novi-02049,test,true,false,JRtvslpoas,JR,Gos157,train
5,Gos157.s136,Bm-novi-02049,test,true,false,JRtvslpoas,JR,Gos157,train
2,Gos157.s137,Am-novi-02048,test,true,false,JRtvslpoas,JR,Gos157,train
27,Gos157.s138,Cf-gost-00510,test,true,false,JRtvslpoas,JR,Gos157,train
2,Gos157.s139,Am-novi-02048,test,true,false,JRtvslpoas,JR,Gos157,train
2,Gos157.s140,Bm-novi-02049,test,true,false,JRtvslpoas,JR,Gos157,train
14,Gos157.s141,Am-novi-02048,test,true,false,JRtvslpoas,JR,Gos157,train
4,Gos157.s142,Cf-gost-00510,test,true,false,JRtvslpoas,JR,Gos157,train
3,Gos157.s143,Bm-novi-02049,test,true,false,JRtvslpoas,JR,Gos157,train
40,Gos157.s144,Am-novi-02048,test,true,false,JRtvslpoas,JR,Gos157,train
21,Gos157.s147,Cf-gost-00510,test,true,false,JRtvslpoas,JR,Gos157,train
26,Gos157.s148,Cf-gost-00510,test,true,false,JRtvslpoas,JR,Gos157,train
22,Gos157.s149,Bm-novi-02049,test,true,false,JRtvslpoas,JR,Gos157,train
5,Gos157.s150,Am-novi-02048,test,true,false,JRtvslpoas,JR,Gos157,train
14,Gos157.s151,Am-novi-02048,test,true,false,JRtvslpoas,JR,Gos157,train
2,Gos157.s152,Bm-novi-02049,test,true,false,JRtvslpoas,JR,Gos157,train
7,Gos157.s154,Am-novi-02048,test,true,false,JRtvslpoas,JR,Gos157,train
6,Gos157.s155,Bm-novi-02049,test,true,false,JRtvslpoas,JR,Gos157,train
9,Gos157.s157,Am-novi-02048,test,true,false,JRtvslpoas,JR,Gos157,train
2,Gos157.s158,Bm-novi-02049,test,true,false,JRtvslpoas,JR,Gos157,train
27,Gos157.s161,Am-novi-02048,test,true,false,JRtvslpoas,JR,Gos157,train
2,Gos157.s162,Cf-gost-00510,test,true,false,JRtvslpoas,JR,Gos157,train
15,Gos157.s163,Cf-gost-00510,test,true,false,JRtvslpoas,JR,Gos157,train
19,Gos158.s104,Cm-mode-02049,test,true,false,JRtvslpoas,JR,Gos158,train
15,Gos158.s105,Af-gost-09027,test,true,false,JRtvslpoas,JR,Gos158,train
10,Gos158.s106,Em-mode-02048,test,true,false,JRtvslpoas,JR,Gos158,train
43,Gos158.s107,Em-mode-02048,test,true,false,JRtvslpoas,JR,Gos158,train
5,Gos158.s108,Cm-mode-02049,test,true,false,JRtvslpoas,JR,Gos158,train
4,Gos158.s109,Af-gost-09027,test,true,false,JRtvslpoas,JR,Gos158,train
40,Gos158.s110,Em-mode-02048,test,true,false,JRtvslpoas,JR,Gos158,train
26,Gos158.s111,Cm-mode-02049,test,true,false,JRtvslpoas,JR,Gos158,train
9,Gos158.s112,Af-gost-09027,test,true,false,JRtvslpoas,JR,Gos158,train
2,Gos158.s113,Af-gost-09027,test,true,false,JRtvslpoas,JR,Gos158,train
8,Gos158.s114,Em-mode-02048,test,true,false,JRtvslpoas,JR,Gos158,train
5,Gos158.s115,Em-mode-02048,test,true,false,JRtvslpoas,JR,Gos158,train
4,Gos158.s116,Cm-mode-02049,test,true,false,JRtvslpoas,JR,Gos158,train
3,Gos158.s117,Em-mode-02048,test,true,false,JRtvslpoas,JR,Gos158,train
2,Gos158.s118,Af-gost-09027,test,true,false,JRtvslpoas,JR,Gos158,train
4,Gos158.s119,Af-gost-09027,test,true,false,JRtvslpoas,JR,Gos158,train
7,Gos158.s120,Cm-mode-02049,test,true,false,JRtvslpoas,JR,Gos158,train
13,Gos158.s121,Em-mode-02048,test,true,false,JRtvslpoas,JR,Gos158,train
2,Gos158.s122,Af-gost-09027,test,true,false,JRtvslpoas,JR,Gos158,train
14,Gos158.s123,Cm-mode-02049,test,true,false,JRtvslpoas,JR,Gos158,train
22,Gos158.s124,Em-mode-02048,test,true,false,JRtvslpoas,JR,Gos158,train
4,Gos158.s125,Af-gost-09027,test,true,false,JRtvslpoas,JR,Gos158,train
4,Gos160.s150,Um-nast-00021,test,true,false,JRtvslpode,JR,Gos160,test
8,Gos160.s151,Um-nast-00021,test,true,false,JRtvslpode,JR,Gos160,test
9,Gos160.s153,Bm-nast-00022,test,true,false,JRtvslpode,JR,Gos160,test
4,Gos160.s154,Um-nast-00021,test,true,false,JRtvslpode,JR,Gos160,test
6,Gos160.s155,Um-nast-00021,test,true,false,JRtvslpode,JR,Gos160,test
2,Gos160.s156,Bm-nast-00022,test,true,false,JRtvslpode,JR,Gos160,test
6,Gos160.s157,Um-nast-00021,test,true,false,JRtvslpode,JR,Gos160,test
15,Gos160.s158,Um-nast-00021,test,true,false,JRtvslpode,JR,Gos160,test
2,Gos160.s159,Bm-nast-00022,test,true,false,JRtvslpode,JR,Gos160,test
5,Gos160.s160,Um-nast-00021,test,true,false,JRtvslpode,JR,Gos160,test
6,Gos160.s161,Bm-nast-00022,test,true,false,JRtvslpode,JR,Gos160,test
7,Gos160.s162,Bm-nast-00022,test,true,false,JRtvslpode,JR,Gos160,test
7,Gos160.s163,Um-nast-00021,test,true,false,JRtvslpode,JR,Gos160,test
3,Gos160.s164,Bm-nast-00022,test,true,false,JRtvslpode,JR,Gos160,test
7,Gos160.s165,Um-nast-00021,test,true,false,JRtvslpode,JR,Gos160,test
8,Gos160.s166,Bm-nast-00022,test,true,false,JRtvslpode,JR,Gos160,test
4,Gos160.s167,Um-nast-00021,test,true,false,JRtvslpode,JR,Gos160,test
5,Gos166.s145,Af-novi-02159,test,true,false,JRtvslslnl,JR,Gos166,train
7,Gos166.s146,Cm-gost-02163,test,true,false,JRtvslslnl,JR,Gos166,train
22,Gos166.s147,Cm-gost-02163,test,true,false,JRtvslslnl,JR,Gos166,train
25,Gos166.s148,Cm-gost-02163,test,true,false,JRtvslslnl,JR,Gos166,train
13,Gos166.s149,Cm-gost-02163,test,true,false,JRtvslslnl,JR,Gos166,train
18,Gos166.s150,Cm-gost-02163,test,true,false,JRtvslslnl,JR,Gos166,train
11,Gos166.s151,Cm-gost-02163,test,true,false,JRtvslslnl,JR,Gos166,train
13,Gos166.s152,Cm-gost-02163,test,true,false,JRtvslslnl,JR,Gos166,train
22,Gos166.s153,Cm-gost-02163,test,true,false,JRtvslslnl,JR,Gos166,train
9,Gos166.s154,Cm-gost-02163,test,true,false,JRtvslslnl,JR,Gos166,train
31,Gos166.s155,Cm-gost-02163,test,true,false,JRtvslslnl,JR,Gos166,train
19,Gos166.s156,Cm-gost-02163,test,true,false,JRtvslslnl,JR,Gos166,train
39,Gos166.s157,Cm-gost-02163,test,true,false,JRtvslslnl,JR,Gos166,train
19,Gos166.s158,Cm-gost-02163,test,true,false,JRtvslslnl,JR,Gos166,train
23,Gos166.s159,Cm-gost-02163,test,true,false,JRtvslslnl,JR,Gos166,train
23,Gos166.s160,Cm-gost-02163,test,true,false,JRtvslslnl,JR,Gos166,train
13,Gos166.s161,Cm-gost-02163,test,true,false,JRtvslslnl,JR,Gos166,train
22,Gos166.s162,Cm-gost-02163,test,true,false,JRtvslslnl,JR,Gos166,train
11,Gos172.s192,Bf-prof-05564,test,true,false,NNosgopods,NN,Gos172,train
13,Gos172.s193,Cf-prof-05565,test,true,false,NNosgopods,NN,Gos172,train
27,Gos172.s194,Af-prof-05563,test,true,false,NNosgopods,NN,Gos172,train
6,Gos172.s195,Cf-prof-05565,test,true,false,NNosgopods,NN,Gos172,train
3,Gos172.s196,Af-prof-05563,test,true,false,NNosgopods,NN,Gos172,train
14,Gos172.s197,Cf-prof-05565,test,true,false,NNosgopods,NN,Gos172,train
5,Gos172.s198,Af-prof-05563,test,true,false,NNosgopods,NN,Gos172,train
59,Gos172.s199,Af-prof-05563,test,true,false,NNosgopods,NN,Gos172,train
2,Gos172.s200,Bf-prof-05564,test,true,false,NNosgopods,NN,Gos172,train
18,Gos172.s201,Cf-prof-05565,test,true,false,NNosgopods,NN,Gos172,train
4,Gos173.s15,Bm-stra-05582,test,true,true,NNoskpprdo,NN,Gos173,train
11,Gos173.s16,Am-prod-05581,test,true,true,NNoskpprdo,NN,Gos173,train
15,Gos173.s17,Am-prod-05581,test,true,true,NNoskpprdo,NN,Gos173,train
17,Gos173.s18,Bm-stra-05582,test,true,true,NNoskpprdo,NN,Gos173,train
27,Gos173.s19,Am-prod-05581,test,true,true,NNoskpprdo,NN,Gos173,train
40,Gos173.s20,Am-prod-05581,test,true,true,NNoskpprdo,NN,Gos173,train
11,Gos173.s21,Am-prod-05581,test,true,true,NNoskpprdo,NN,Gos173,train
17,Gos173.s22,Am-prod-05581,test,true,true,NNoskpprdo,NN,Gos173,train
12,Gos178.s173,Hf-udel-02238,test,true,false,NNosljpods,NN,Gos178,train
24,Gos178.s174,Am-udel-02231,test,true,false,NNosljpods,NN,Gos178,train
6,Gos178.s175,Bf-udel-02232,test,true,false,NNosljpods,NN,Gos178,train
28,Gos178.s176,Am-udel-02231,test,true,false,NNosljpods,NN,Gos178,train
9,Gos178.s177,Bf-udel-02232,test,true,false,NNosljpods,NN,Gos178,train
12,Gos178.s178,Hf-udel-02238,test,true,false,NNosljpods,NN,Gos178,train
6,Gos178.s179,Bf-udel-02232,test,true,false,NNosljpods,NN,Gos178,train
20,Gos178.s180,Ef-udel-02235,test,true,false,NNosljpods,NN,Gos178,train
4,Gos178.s181,Hf-udel-02238,test,true,false,NNosljpods,NN,Gos178,train
4,Gos178.s182,Ff-udel-02236,test,true,false,NNosljpods,NN,Gos178,train
7,Gos178.s183,Am-udel-02231,test,true,false,NNosljpods,NN,Gos178,train
21,Gos178.s184,Df-udel-02234,test,true,false,NNosljpods,NN,Gos178,train
9,Gos178.s185,Hf-udel-02238,test,true,false,NNosljpods,NN,Gos178,train
8,Gos178.s186,Am-udel-02231,test,true,false,NNosljpods,NN,Gos178,train
19,Gos178.s187,Df-udel-02234,test,true,false,NNosljpods,NN,Gos178,train
33,Gos178.s189,Am-udel-02231,test,true,false,NNosljpods,NN,Gos178,train
5,Gos178.s190,Cf-udel-02233,test,true,false,NNosljpods,NN,Gos178,train
35,Gos180.s278,Bm-udel-07137,test,true,false,NNosljprdo,NN,Gos180,train
2,Gos180.s279,Af-stra-02166,test,true,false,NNosljprdo,NN,Gos180,train
26,Gos180.s280,Bm-udel-07137,test,true,false,NNosljprdo,NN,Gos180,train
42,Gos180.s281,Bm-udel-07137,test,true,false,NNosljprdo,NN,Gos180,train
2,Gos180.s282,Af-stra-02166,test,true,false,NNosljprdo,NN,Gos180,train
2,Gos180.s283,Bm-udel-07137,test,true,false,NNosljprdo,NN,Gos180,train
32,Gos180.s285,Bm-udel-07137,test,true,false,NNosljprdo,NN,Gos180,train
9,Gos180.s286,Bm-udel-07137,test,true,false,NNosljprdo,NN,Gos180,train
24,Gos180.s287,Bm-udel-07137,test,true,false,NNosljprdo,NN,Gos180,train
15,Gos180.s288,Bm-udel-07137,test,true,false,NNosljprdo,NN,Gos180,train
2,Gos180.s289,Af-stra-02166,test,true,false,NNosljprdo,NN,Gos180,train
18,Gos180.s290,Bm-udel-07137,test,true,false,NNosljprdo,NN,Gos180,train
7,Gos182.s171,Bf-prod-02264,test,true,true,NNosljtrgo,NN,Gos182,train
8,Gos182.s172,Af-stra-02238,test,true,true,NNosljtrgo,NN,Gos182,train
8,Gos182.s174,Bf-prod-02264,test,true,true,NNosljtrgo,NN,Gos182,train
9,Gos182.s175,Bf-prod-02264,test,true,true,NNosljtrgo,NN,Gos182,train
11,Gos182.s176,Af-stra-02238,test,true,true,NNosljtrgo,NN,Gos182,train
2,Gos182.s177,Bf-prod-02264,test,true,true,NNosljtrgo,NN,Gos182,train
3,Gos182.s178,Af-stra-02238,test,true,true,NNosljtrgo,NN,Gos182,train
6,Gos182.s179,Af-stra-02238,test,true,true,NNosljtrgo,NN,Gos182,train
13,Gos182.s181,Af-stra-02238,test,true,true,NNosljtrgo,NN,Gos182,train
31,Gos182.s182,Af-stra-02238,test,true,true,NNosljtrgo,NN,Gos182,train
21,Gos182.s183,Bf-prod-02264,test,true,true,NNosljtrgo,NN,Gos182,train
4,Gos182.s184,Af-stra-02238,test,true,true,NNosljtrgo,NN,Gos182,train
2,Gos182.s185,Bf-prod-02264,test,true,true,NNosljtrgo,NN,Gos182,train
6,Gos182.s186,Af-stra-02238,test,true,true,NNosljtrgo,NN,Gos182,train
23,Gos182.s187,Af-stra-02238,test,true,true,NNosljtrgo,NN,Gos182,train
3,Gos182.s188,Bf-prod-02264,test,true,true,NNosljtrgo,NN,Gos182,train
28,Gos183.s373,Sm-prod-00803,test,true,true,NNosljtrgo,NN,Gos183,train
4,Gos183.s374,Sm-prod-00803,test,true,true,NNosljtrgo,NN,Gos183,train
7,Gos183.s375,Sm-prod-00803,test,true,true,NNosljtrgo,NN,Gos183,train
4,Gos183.s376,Sm-prod-00803,test,true,true,NNosljtrgo,NN,Gos183,train
24,Gos183.s378,Sm-prod-00803,test,true,true,NNosljtrgo,NN,Gos183,train
9,Gos183.s379,Sm-prod-00803,test,true,true,NNosljtrgo,NN,Gos183,train
2,Gos183.s381,Sm-prod-00803,test,true,true,NNosljtrgo,NN,Gos183,train
11,Gos183.s383,Sm-prod-00803,test,true,true,NNosljtrgo,NN,Gos183,train
13,Gos183.s385,Sm-prod-00803,test,true,true,NNosljtrgo,NN,Gos183,train
12,Gos183.s386,Sm-prod-00803,test,true,true,NNosljtrgo,NN,Gos183,train
4,Gos194.s569,Af-udel-02265,test,true,false,NNosmbinst,NN,Gos194,train
12,Gos194.s571,Bf-udel-02266,test,true,false,NNosmbinst,NN,Gos194,train
2,Gos194.s572,Af-udel-02265,test,true,false,NNosmbinst,NN,Gos194,train
10,Gos194.s573,Af-udel-02265,test,true,false,NNosmbinst,NN,Gos194,train
2,Gos194.s574,Bf-udel-02266,test,true,false,NNosmbinst,NN,Gos194,train
19,Gos194.s575,Af-udel-02265,test,true,false,NNosmbinst,NN,Gos194,train
2,Gos194.s576,Bf-udel-02266,test,true,false,NNosmbinst,NN,Gos194,train
2,Gos194.s577,Af-udel-02265,test,true,false,NNosmbinst,NN,Gos194,train
2,Gos194.s578,Bf-udel-02266,test,true,false,NNosmbinst,NN,Gos194,train
5,Gos194.s580,Af-udel-02265,test,true,false,NNosmbinst,NN,Gos194,train
4,Gos194.s582,Bf-udel-02266,test,true,false,NNosmbinst,NN,Gos194,train
2,Gos194.s583,Af-udel-02265,test,true,false,NNosmbinst,NN,Gos194,train
2,Gos194.s584,Bf-udel-02266,test,true,false,NNosmbinst,NN,Gos194,train
18,Gos194.s586,Bf-udel-02266,test,true,false,NNosmbinst,NN,Gos194,train
10,Gos194.s588,Bf-udel-02266,test,true,false,NNosmbinst,NN,Gos194,train
2,Gos194.s589,Af-udel-02265,test,true,false,NNosmbinst,NN,Gos194,train
8,Gos194.s590,Bf-udel-02266,test,true,false,NNosmbinst,NN,Gos194,train
18,Gos194.s591,Af-udel-02265,test,true,false,NNosmbinst,NN,Gos194,train
2,Gos194.s592,Bf-udel-02266,test,true,false,NNosmbinst,NN,Gos194,train
6,Gos194.s593,Af-udel-02265,test,true,false,NNosmbinst,NN,Gos194,train
3,Gos194.s594,Bf-udel-02266,test,true,false,NNosmbinst,NN,Gos194,train
24,Gos194.s595,Af-udel-02265,test,true,false,NNosmbinst,NN,Gos194,train
2,Gos194.s596,Bf-udel-02266,test,true,false,NNosmbinst,NN,Gos194,train
6,Gos194.s597,Af-udel-02265,test,true,false,NNosmbinst,NN,Gos194,train
2,Gos194.s598,Bf-udel-02266,test,true,false,NNosmbinst,NN,Gos194,train
2,Gos194.s599,Af-udel-02265,test,true,false,NNosmbinst,NN,Gos194,train
61,Gos195.s108,If-vodj-01109,test,true,false,NNosmbpods,NN,Gos195,train
24,Gos195.s110,If-vodj-01109,test,true,false,NNosmbpods,NN,Gos195,train
4,Gos195.s111,Vm-nadr-01108,test,true,false,NNosmbpods,NN,Gos195,train
4,Gos195.s112,If-vodj-01109,test,true,false,NNosmbpods,NN,Gos195,train
64,Gos195.s113,If-vodj-01109,test,true,false,NNosmbpods,NN,Gos195,train
58,Gos195.s114,If-vodj-01109,test,true,false,NNosmbpods,NN,Gos195,train
30,Gos195.s115,If-vodj-01109,test,true,false,NNosmbpods,NN,Gos195,train
11,Gos196.s116,Mm-udel-07538,test,true,false,NNosmbpods,NN,Gos196,train
9,Gos196.s117,Vf-nadr-07537,test,true,false,NNosmbpods,NN,Gos196,train
43,Gos196.s118,Vf-nadr-07537,test,true,false,NNosmbpods,NN,Gos196,train
28,Gos196.s119,Vf-nadr-07537,test,true,false,NNosmbpods,NN,Gos196,train
29,Gos196.s120,Vf-nadr-07537,test,true,false,NNosmbpods,NN,Gos196,train
3,Gos196.s121,Vf-nadr-07537,test,true,false,NNosmbpods,NN,Gos196,train
14,Gos196.s122,Vf-nadr-07537,test,true,false,NNosmbpods,NN,Gos196,train
8,Gos196.s123,Vf-nadr-07537,test,true,false,NNosmbpods,NN,Gos196,train
11,Gos198.s224,Af-stra-05596,test,true,false,NNosmbtrgo,NN,Gos198,dev
7,Gos198.s225,Bm-prod-05597,test,true,false,NNosmbtrgo,NN,Gos198,dev
15,Gos198.s226,Af-stra-05596,test,true,false,NNosmbtrgo,NN,Gos198,dev
10,Gos198.s227,Af-stra-05596,test,true,false,NNosmbtrgo,NN,Gos198,dev
15,Gos198.s228,Af-stra-05596,test,true,false,NNosmbtrgo,NN,Gos198,dev
4,Gos198.s229,Bm-prod-05597,test,true,false,NNosmbtrgo,NN,Gos198,dev
7,Gos198.s230,Af-stra-05596,test,true,false,NNosmbtrgo,NN,Gos198,dev
6,Gos198.s231,Bm-prod-05597,test,true,false,NNosmbtrgo,NN,Gos198,dev
14,Gos198.s232,Bm-prod-05597,test,true,false,NNosmbtrgo,NN,Gos198,dev
3,Gos198.s233,Af-stra-05596,test,true,false,NNosmbtrgo,NN,Gos198,dev
9,Gos198.s234,Bm-prod-05597,test,true,false,NNosmbtrgo,NN,Gos198,dev
22,Gos204.s55,Af-stra-02233,test,true,false,NNteljstsv,NN,Gos204,train
35,Gos204.s56,Bf-info-02319,test,true,false,NNteljstsv,NN,Gos204,train
2,Gos204.s57,Af-stra-02233,test,true,false,NNteljstsv,NN,Gos204,train
49,Gos204.s58,Bf-info-02319,test,true,false,NNteljstsv,NN,Gos204,train
35,Gos207.s8,Bm-pred-02354,test,true,false,NNteljstsv,NN,Gos207,test
13,Gos216.s229,Bm-prod-02283,test,true,false,NNtembstsv,NN,Gos216,test
39,Gos216.s230,Am-stra-02275,test,true,false,NNtembstsv,NN,Gos216,test
44,Gos216.s231,Am-stra-02275,test,true,false,NNtembstsv,NN,Gos216,test
8,Gos216.s232,Bm-prod-02283,test,true,false,NNtembstsv,NN,Gos216,test
26,Gos216.s233,Bm-prod-02283,test,true,false,NNtembstsv,NN,Gos216,test
2,Gos216.s234,Am-stra-02275,test,true,false,NNtembstsv,NN,Gos216,test
19,Gos216.s235,Bm-prod-02283,test,true,false,NNtembstsv,NN,Gos216,test
2,Gos216.s236,Am-stra-02275,test,true,false,NNtembstsv,NN,Gos216,test
61,Gos216.s237,Bm-prod-02283,test,true,false,NNtembstsv,NN,Gos216,test
26,Gos216.s238,Bm-prod-02283,test,true,false,NNtembstsv,NN,Gos216,test
2,Gos216.s239,Am-stra-02275,test,true,false,NNtembstsv,NN,Gos216,test
19,Gos216.s240,Bm-prod-02283,test,true,false,NNtembstsv,NN,Gos216,test
55,Gos216.s241,Bm-prod-02283,test,true,false,NNtembstsv,NN,Gos216,test
17,Gos219.s75,Bm-otro-02105,test,true,false,NZoscedodr,NZ,Gos219,train
18,Gos219.s76,Cm-star-02106,test,true,false,NZoscedodr,NZ,Gos219,train
9,Gos219.s77,Bm-otro-02105,test,true,false,NZoscedodr,NZ,Gos219,train
14,Gos219.s79,Bm-otro-02105,test,true,false,NZoscedodr,NZ,Gos219,train
13,Gos219.s80,Cm-star-02106,test,true,false,NZoscedodr,NZ,Gos219,train
8,Gos219.s81,Am-soro-02104,test,true,false,NZoscedodr,NZ,Gos219,train
10,Gos219.s82,Bm-otro-02105,test,true,false,NZoscedodr,NZ,Gos219,train
10,Gos219.s83,Am-soro-02104,test,true,false,NZoscedodr,NZ,Gos219,train
8,Gos219.s84,Bm-otro-02105,test,true,false,NZoscedodr,NZ,Gos219,train
4,Gos219.s85,Cm-star-02106,test,true,false,NZoscedodr,NZ,Gos219,train
7,Gos219.s86,Am-soro-02104,test,true,false,NZoscedodr,NZ,Gos219,train
6,Gos219.s87,Bm-otro-02105,test,true,false,NZoscedodr,NZ,Gos219,train
9,Gos219.s88,Cm-star-02106,test,true,false,NZoscedodr,NZ,Gos219,train
14,Gos219.s89,Df-soro-02107,test,true,false,NZoscedodr,NZ,Gos219,train
7,Gos219.s90,Bm-otro-02105,test,true,false,NZoscedodr,NZ,Gos219,train
11,Gos219.s91,Cm-star-02106,test,true,false,NZoscedodr,NZ,Gos219,train
15,Gos219.s92,Df-soro-02107,test,true,false,NZoscedodr,NZ,Gos219,train
10,Gos219.s93,Cm-star-02106,test,true,false,NZoscedodr,NZ,Gos219,train
4,Gos219.s94,Bm-otro-02105,test,true,false,NZoscedodr,NZ,Gos219,train
2,Gos219.s95,Df-soro-02107,test,true,false,NZoscedodr,NZ,Gos219,train
2,Gos219.s96,Df-soro-02107,test,true,false,NZoscedodr,NZ,Gos219,train
17,Gos219.s97,Am-soro-02104,test,true,false,NZoscedodr,NZ,Gos219,train
21,Gos219.s98,Cm-star-02106,test,true,false,NZoscedodr,NZ,Gos219,train
16,Gos219.s99,Bm-otro-02105,test,true,false,NZoscedodr,NZ,Gos219,train
17,Gos221.s117,Am-star-05559,test,true,false,NZosgododr,NZ,Gos221,train
18,Gos221.s118,Am-star-05559,test,true,false,NZosgododr,NZ,Gos221,train
26,Gos221.s119,Am-star-05559,test,true,false,NZosgododr,NZ,Gos221,train
3,Gos222.s279,Mf-prij-01630,test,true,false,NZositdopr,NZ,Gos222,dev
25,Gos222.s280,Jf-prij-01612,test,true,false,NZositdopr,NZ,Gos222,dev
15,Gos222.s281,Jf-prij-01612,test,true,false,NZositdopr,NZ,Gos222,dev
29,Gos222.s282,Jf-prij-01612,test,true,false,NZositdopr,NZ,Gos222,dev
10,Gos222.s283,Jf-prij-01612,test,true,false,NZositdopr,NZ,Gos222,dev
4,Gos222.s284,Mf-prij-01630,test,true,false,NZositdopr,NZ,Gos222,dev
13,Gos222.s285,Jf-prij-01612,test,true,false,NZositdopr,NZ,Gos222,dev
2,Gos222.s286,Mf-prij-01630,test,true,false,NZositdopr,NZ,Gos222,dev
16,Gos222.s287,Jf-prij-01612,test,true,false,NZositdopr,NZ,Gos222,dev
11,Gos222.s288,Jf-prij-01612,test,true,false,NZositdopr,NZ,Gos222,dev
53,Gos222.s289,Jf-prij-01612,test,true,false,NZositdopr,NZ,Gos222,dev
2,Gos224.s81,Af-prij-07190,test,true,true,NZoskkdodr,NZ,Gos224,train
8,Gos224.s82,Bf-prij-07191,test,true,true,NZoskkdodr,NZ,Gos224,train
6,Gos224.s83,Bf-prij-07191,test,true,true,NZoskkdodr,NZ,Gos224,train
9,Gos224.s84,Af-prij-07190,test,true,true,NZoskkdodr,NZ,Gos224,train
8,Gos224.s85,Bf-prij-07191,test,true,true,NZoskkdodr,NZ,Gos224,train
21,Gos224.s86,Af-prij-07190,test,true,true,NZoskkdodr,NZ,Gos224,train
7,Gos224.s87,Bf-prij-07191,test,true,true,NZoskkdodr,NZ,Gos224,train
6,Gos224.s88,Af-prij-07190,test,true,true,NZoskkdodr,NZ,Gos224,train
5,Gos224.s89,Bf-prij-07191,test,true,true,NZoskkdodr,NZ,Gos224,train
2,Gos224.s90,Af-prij-07190,test,true,true,NZoskkdodr,NZ,Gos224,train
5,Gos224.s91,Bf-prij-07191,test,true,true,NZoskkdodr,NZ,Gos224,train
3,Gos224.s92,Af-prij-07190,test,true,true,NZoskkdodr,NZ,Gos224,train
2,Gos224.s93,Bf-prij-07191,test,true,true,NZoskkdodr,NZ,Gos224,train
14,Gos224.s94,Af-prij-07190,test,true,true,NZoskkdodr,NZ,Gos224,train
4,Gos224.s96,Af-prij-07190,test,true,true,NZoskkdodr,NZ,Gos224,train
2,Gos224.s97,Bf-prij-07191,test,true,true,NZoskkdodr,NZ,Gos224,train
7,Gos224.s98,Af-prij-07190,test,true,true,NZoskkdodr,NZ,Gos224,train
6,Gos224.s99,Af-prij-07190,test,true,true,NZoskkdodr,NZ,Gos224,train
4,Gos224.s100,Bf-prij-07191,test,true,true,NZoskkdodr,NZ,Gos224,train
8,Gos224.s101,Af-prij-07190,test,true,true,NZoskkdodr,NZ,Gos224,train
2,Gos225.s340,Hf-prij-02352,test,true,false,NZoskkdopr,NZ,Gos225,train
17,Gos225.s341,Am-prij-02345,test,true,false,NZoskkdopr,NZ,Gos225,train
14,Gos225.s342,Em-prij-02349,test,true,false,NZoskkdopr,NZ,Gos225,train
2,Gos225.s343,Hf-prij-02352,test,true,false,NZoskkdopr,NZ,Gos225,train
9,Gos225.s344,Hf-prij-02352,test,true,false,NZoskkdopr,NZ,Gos225,train
7,Gos225.s345,Em-prij-02349,test,true,false,NZoskkdopr,NZ,Gos225,train
7,Gos225.s346,Bm-prij-02346,test,true,false,NZoskkdopr,NZ,Gos225,train
13,Gos225.s347,Cm-prij-02347,test,true,false,NZoskkdopr,NZ,Gos225,train
9,Gos225.s348,Bm-prij-02346,test,true,false,NZoskkdopr,NZ,Gos225,train
5,Gos225.s349,Hf-prij-02352,test,true,false,NZoskkdopr,NZ,Gos225,train
4,Gos225.s350,Fm-prij-02350,test,true,false,NZoskkdopr,NZ,Gos225,train
2,Gos225.s351,Cm-prij-02347,test,true,false,NZoskkdopr,NZ,Gos225,train
3,Gos225.s352,Am-prij-02345,test,true,false,NZoskkdopr,NZ,Gos225,train
2,Gos225.s353,Bm-prij-02346,test,true,false,NZoskkdopr,NZ,Gos225,train
11,Gos225.s354,Cm-prij-02347,test,true,false,NZoskkdopr,NZ,Gos225,train
4,Gos225.s355,Hf-prij-02352,test,true,false,NZoskkdopr,NZ,Gos225,train
3,Gos225.s356,Bm-prij-02346,test,true,false,NZoskkdopr,NZ,Gos225,train
5,Gos225.s357,Cm-prij-02347,test,true,false,NZoskkdopr,NZ,Gos225,train
7,Gos225.s358,Am-prij-02345,test,true,false,NZoskkdopr,NZ,Gos225,train
7,Gos225.s359,Hf-prij-02352,test,true,false,NZoskkdopr,NZ,Gos225,train
21,Gos225.s360,Cm-prij-02347,test,true,false,NZoskkdopr,NZ,Gos225,train
2,Gos225.s361,Bm-prij-02346,test,true,false,NZoskkdopr,NZ,Gos225,train
9,Gos225.s362,Am-prij-02345,test,true,false,NZoskkdopr,NZ,Gos225,train
6,Gos225.s363,Am-prij-02345,test,true,false,NZoskkdopr,NZ,Gos225,train
9,Gos225.s364,Dm-prij-02348,test,true,false,NZoskkdopr,NZ,Gos225,train
8,Gos225.s365,Hf-prij-02352,test,true,false,NZoskkdopr,NZ,Gos225,train
6,Gos225.s366,Bm-prij-02346,test,true,false,NZoskkdopr,NZ,Gos225,train
7,Gos225.s367,Dm-prij-02348,test,true,false,NZoskkdopr,NZ,Gos225,train
25,Gos225.s368,Cm-prij-02347,test,true,false,NZoskkdopr,NZ,Gos225,train
5,Gos226.s79,Bf-star-02241,test,true,false,NZoskkdopr,NZ,Gos226,train
3,Gos226.s80,Cf-otro-02242,test,true,false,NZoskkdopr,NZ,Gos226,train
8,Gos226.s81,Bf-star-02241,test,true,false,NZoskkdopr,NZ,Gos226,train
5,Gos226.s82,Am-star-02240,test,true,false,NZoskkdopr,NZ,Gos226,train
2,Gos226.s83,Cf-otro-02242,test,true,false,NZoskkdopr,NZ,Gos226,train
15,Gos226.s84,Bf-star-02241,test,true,false,NZoskkdopr,NZ,Gos226,train
9,Gos226.s85,Cf-otro-02242,test,true,false,NZoskkdopr,NZ,Gos226,train
2,Gos226.s86,Cf-otro-02242,test,true,false,NZoskkdopr,NZ,Gos226,train
17,Gos226.s87,Am-star-02240,test,true,false,NZoskkdopr,NZ,Gos226,train
3,Gos226.s89,Am-star-02240,test,true,false,NZoskkdopr,NZ,Gos226,train
46,Gos226.s90,Cf-otro-02242,test,true,false,NZoskkdopr,NZ,Gos226,train
27,Gos226.s91,Cf-otro-02242,test,true,false,NZoskkdopr,NZ,Gos226,train
10,Gos226.s92,Bf-star-02241,test,true,false,NZoskkdopr,NZ,Gos226,train
7,Gos226.s93,Df-otro-02243,test,true,false,NZoskkdopr,NZ,Gos226,train
20,Gos226.s94,Bf-star-02241,test,true,false,NZoskkdopr,NZ,Gos226,train
5,Gos226.s95,Cf-otro-02242,test,true,false,NZoskkdopr,NZ,Gos226,train
2,Gos227.s65,Af-soro-05615,test,true,false,NZoskpzudr,NZ,Gos227,train
8,Gos227.s66,Bf-soro-05616,test,true,false,NZoskpzudr,NZ,Gos227,train
4,Gos227.s67,Af-soro-05615,test,true,false,NZoskpzudr,NZ,Gos227,train
8,Gos227.s68,Ff-soro-05614,test,true,false,NZoskpzudr,NZ,Gos227,train
5,Gos227.s69,Ff-soro-05614,test,true,false,NZoskpzudr,NZ,Gos227,train
6,Gos227.s70,Af-soro-05615,test,true,false,NZoskpzudr,NZ,Gos227,train
2,Gos227.s71,Ef-soro-05613,test,true,false,NZoskpzudr,NZ,Gos227,train
10,Gos227.s72,Bf-soro-05616,test,true,false,NZoskpzudr,NZ,Gos227,train
8,Gos227.s73,Af-soro-05615,test,true,false,NZoskpzudr,NZ,Gos227,train
13,Gos227.s74,Ff-soro-05614,test,true,false,NZoskpzudr,NZ,Gos227,train
4,Gos227.s75,Af-soro-05615,test,true,false,NZoskpzudr,NZ,Gos227,train
5,Gos227.s76,Ff-soro-05614,test,true,false,NZoskpzudr,NZ,Gos227,train
4,Gos228.s52,If-sode-01616,test,true,true,NZoskpzupr,NZ,Gos228,train
41,Gos228.s53,If-sode-01616,test,true,true,NZoskpzupr,NZ,Gos228,train
26,Gos228.s54,If-sode-01616,test,true,true,NZoskpzupr,NZ,Gos228,train
18,Gos228.s55,If-sode-01616,test,true,true,NZoskpzupr,NZ,Gos228,train
12,Gos228.s56,If-sode-01616,test,true,true,NZoskpzupr,NZ,Gos228,train
37,Gos228.s57,If-sode-01616,test,true,true,NZoskpzupr,NZ,Gos228,train
38,Gos228.s58,If-sode-01616,test,true,true,NZoskpzupr,NZ,Gos228,train
26,Gos228.s59,If-sode-01616,test,true,true,NZoskpzupr,NZ,Gos228,train
31,Gos237.s87,Tm-ssta-00802,test,true,false,NZosljdodr,NZ,Gos237,train
25,Gos237.s88,Tm-ssta-00802,test,true,false,NZosljdodr,NZ,Gos237,train
14,Gos237.s89,Tm-ssta-00802,test,true,false,NZosljdodr,NZ,Gos237,train
10,Gos237.s90,Tm-ssta-00802,test,true,false,NZosljdodr,NZ,Gos237,train
15,Gos237.s91,Tm-ssta-00802,test,true,false,NZosljdodr,NZ,Gos237,train
3,Gos238.s157,Bm-star-00526,test,true,false,NZosljdodr,NZ,Gos238,train
2,Gos238.s159,Bm-star-00526,test,true,false,NZosljdodr,NZ,Gos238,train
7,Gos238.s160,Af-star-00525,test,true,false,NZosljdodr,NZ,Gos238,train
2,Gos238.s161,Bm-star-00526,test,true,false,NZosljdodr,NZ,Gos238,train
5,Gos238.s163,Bm-star-00526,test,true,false,NZosljdodr,NZ,Gos238,train
9,Gos238.s165,Bm-star-00526,test,true,false,NZosljdodr,NZ,Gos238,train
8,Gos238.s167,Bm-star-00526,test,true,false,NZosljdodr,NZ,Gos238,train
12,Gos238.s169,Bm-star-00526,test,true,false,NZosljdodr,NZ,Gos238,train
14,Gos238.s171,Bm-star-00526,test,true,false,NZosljdodr,NZ,Gos238,train
7,Gos238.s173,Bm-star-00526,test,true,false,NZosljdodr,NZ,Gos238,train
14,Gos238.s175,Af-star-00525,test,true,false,NZosljdodr,NZ,Gos238,train
2,Gos246.s338,Mm-star-07523,test,true,true,NZosmbdodr,NZ,Gos246,train
17,Gos246.s339,Am-soro-07522,test,true,true,NZosmbdodr,NZ,Gos246,train
2,Gos246.s340,Mm-star-07523,test,true,true,NZosmbdodr,NZ,Gos246,train
25,Gos246.s341,Am-soro-07522,test,true,true,NZosmbdodr,NZ,Gos246,train
2,Gos246.s342,Mm-star-07523,test,true,true,NZosmbdodr,NZ,Gos246,train
4,Gos246.s343,Am-soro-07522,test,true,true,NZosmbdodr,NZ,Gos246,train
7,Gos246.s344,Am-soro-07522,test,true,true,NZosmbdodr,NZ,Gos246,train
32,Gos246.s346,Am-soro-07522,test,true,true,NZosmbdodr,NZ,Gos246,train
15,Gos246.s347,Mm-star-07523,test,true,true,NZosmbdodr,NZ,Gos246,train
30,Gos246.s348,Am-soro-07522,test,true,true,NZosmbdodr,NZ,Gos246,train
14,Gos246.s349,Mm-star-07523,test,true,true,NZosmbdodr,NZ,Gos246,train
17,Gos246.s350,Am-soro-07522,test,true,true,NZosmbdodr,NZ,Gos246,train
4,Gos246.s351,Mm-star-07523,test,true,true,NZosmbdodr,NZ,Gos246,train
4,Gos246.s352,Am-soro-07522,test,true,true,NZosmbdodr,NZ,Gos246,train
8,Gos246.s353,Mm-star-07523,test,true,true,NZosmbdodr,NZ,Gos246,train
10,Gos246.s354,Am-soro-07522,test,true,true,NZosmbdodr,NZ,Gos246,train
2,Gos246.s355,Mm-star-07523,test,true,true,NZosmbdodr,NZ,Gos246,train
15,Gos246.s356,Am-soro-07522,test,true,true,NZosmbdodr,NZ,Gos246,train
2,Gos246.s357,Mm-star-07523,test,true,true,NZosmbdodr,NZ,Gos246,train
37,Gos246.s358,Am-soro-07522,test,true,true,NZosmbdodr,NZ,Gos246,train
27,Gos248.s182,Bf-ssta-07524,test,true,false,NZosmbdodr,NZ,Gos248,dev
19,Gos248.s183,Mf-drug-07525,test,true,false,NZosmbdodr,NZ,Gos248,dev
30,Gos248.s184,Bf-ssta-07524,test,true,false,NZosmbdodr,NZ,Gos248,dev
16,Gos248.s185,Mf-drug-07525,test,true,false,NZosmbdodr,NZ,Gos248,dev
15,Gos248.s186,Bf-ssta-07524,test,true,false,NZosmbdodr,NZ,Gos248,dev
6,Gos248.s187,Mf-drug-07525,test,true,false,NZosmbdodr,NZ,Gos248,dev
23,Gos248.s188,Bf-ssta-07524,test,true,false,NZosmbdodr,NZ,Gos248,dev
4,Gos248.s189,Mf-drug-07525,test,true,false,NZosmbdodr,NZ,Gos248,dev
20,Gos248.s190,Bf-ssta-07524,test,true,false,NZosmbdodr,NZ,Gos248,dev
4,Gos248.s191,Mf-drug-07525,test,true,false,NZosmbdodr,NZ,Gos248,dev
3,Gos250.s462,Bf-ssta-07520,test,true,false,NZosmbzudr,NZ,Gos250,train
4,Gos250.s463,Bf-ssta-07520,test,true,false,NZosmbzudr,NZ,Gos250,train
12,Gos250.s465,Bf-ssta-07520,test,true,false,NZosmbzudr,NZ,Gos250,train
2,Gos250.s466,Pf-vrst-07519,test,true,false,NZosmbzudr,NZ,Gos250,train
5,Gos250.s467,Bf-ssta-07520,test,true,false,NZosmbzudr,NZ,Gos250,train
2,Gos250.s469,Bf-ssta-07520,test,true,false,NZosmbzudr,NZ,Gos250,train
12,Gos250.s470,Pf-vrst-07519,test,true,false,NZosmbzudr,NZ,Gos250,train
24,Gos250.s471,Bf-ssta-07520,test,true,false,NZosmbzudr,NZ,Gos250,train
11,Gos250.s473,Pf-vrst-07519,test,true,false,NZosmbzudr,NZ,Gos250,train
18,Gos250.s474,Bf-ssta-07520,test,true,false,NZosmbzudr,NZ,Gos250,train
17,Gos250.s475,Bf-ssta-07520,test,true,false,NZosmbzudr,NZ,Gos250,train
2,Gos250.s476,Bf-ssta-07520,test,true,false,NZosmbzudr,NZ,Gos250,train
2,Gos250.s477,Pf-vrst-07519,test,true,false,NZosmbzudr,NZ,Gos250,train
3,Gos250.s478,Bf-ssta-07520,test,true,false,NZosmbzudr,NZ,Gos250,train
2,Gos250.s479,Bf-ssta-07520,test,true,false,NZosmbzudr,NZ,Gos250,train
12,Gos250.s480,Pf-vrst-07519,test,true,false,NZosmbzudr,NZ,Gos250,train
5,Gos250.s481,Pf-vrst-07519,test,true,false,NZosmbzudr,NZ,Gos250,train
2,Gos252.s349,Af-vrst-07522,test,true,false,NZosmbzupr,NZ,Gos252,train
4,Gos252.s350,Am-vrst-07523,test,true,false,NZosmbzupr,NZ,Gos252,train
7,Gos252.s351,Am-vrst-07523,test,true,false,NZosmbzupr,NZ,Gos252,train
2,Gos252.s352,Af-vrst-07522,test,true,false,NZosmbzupr,NZ,Gos252,train
2,Gos252.s353,Af-vrst-07522,test,true,false,NZosmbzupr,NZ,Gos252,train
20,Gos252.s354,Af-vrst-07522,test,true,false,NZosmbzupr,NZ,Gos252,train
7,Gos252.s355,Af-vrst-07522,test,true,false,NZosmbzupr,NZ,Gos252,train
2,Gos252.s356,Am-vrst-07523,test,true,false,NZosmbzupr,NZ,Gos252,train
6,Gos252.s357,Af-vrst-07522,test,true,false,NZosmbzupr,NZ,Gos252,train
11,Gos252.s359,Am-vrst-07523,test,true,false,NZosmbzupr,NZ,Gos252,train
7,Gos252.s360,Af-vrst-07522,test,true,false,NZosmbzupr,NZ,Gos252,train
9,Gos252.s361,Am-vrst-07523,test,true,false,NZosmbzupr,NZ,Gos252,train
9,Gos252.s363,Am-vrst-07523,test,true,false,NZosmbzupr,NZ,Gos252,train
11,Gos252.s364,Am-vrst-07523,test,true,false,NZosmbzupr,NZ,Gos252,train
8,Gos252.s365,Af-vrst-07522,test,true,false,NZosmbzupr,NZ,Gos252,train
9,Gos252.s366,Am-vrst-07523,test,true,false,NZosmbzupr,NZ,Gos252,train
7,Gos253.s84,Bm-prij-02281,test,true,false,NZosmbzupr,NZ,Gos253,train
2,Gos253.s86,Bm-prij-02281,test,true,false,NZosmbzupr,NZ,Gos253,train
19,Gos253.s87,Cm-prij-02282,test,true,false,NZosmbzupr,NZ,Gos253,train
8,Gos253.s88,Am-prij-02280,test,true,false,NZosmbzupr,NZ,Gos253,train
5,Gos253.s89,Bm-prij-02281,test,true,false,NZosmbzupr,NZ,Gos253,train
20,Gos253.s90,Bm-prij-02281,test,true,false,NZosmbzupr,NZ,Gos253,train
6,Gos253.s92,Am-prij-02280,test,true,false,NZosmbzupr,NZ,Gos253,train
7,Gos253.s94,Cm-prij-02282,test,true,false,NZosmbzupr,NZ,Gos253,train
12,Gos253.s95,Bm-prij-02281,test,true,false,NZosmbzupr,NZ,Gos253,train
15,Gos253.s96,Cm-prij-02282,test,true,false,NZosmbzupr,NZ,Gos253,train
4,Gos253.s98,Cm-prij-02282,test,true,false,NZosmbzupr,NZ,Gos253,train
13,Gos253.s99,Bm-prij-02281,test,true,false,NZosmbzupr,NZ,Gos253,train
7,Gos253.s100,Am-prij-02280,test,true,false,NZosmbzupr,NZ,Gos253,train
6,Gos253.s101,Cm-prij-02282,test,true,false,NZosmbzupr,NZ,Gos253,train
6,Gos254.s583,If-prij-06008,test,true,true,NZosmsstdo,NZ,Gos254,train
12,Gos254.s585,If-prij-06008,test,true,true,NZosmsstdo,NZ,Gos254,train
9,Gos254.s586,Mm-prij-06007,test,true,true,NZosmsstdo,NZ,Gos254,train
25,Gos254.s587,If-prij-06008,test,true,true,NZosmsstdo,NZ,Gos254,train
2,Gos254.s588,Mm-prij-06007,test,true,true,NZosmsstdo,NZ,Gos254,train
22,Gos254.s589,If-prij-06008,test,true,true,NZosmsstdo,NZ,Gos254,train
6,Gos254.s590,Dm-prij-06009,test,true,true,NZosmsstdo,NZ,Gos254,train
2,Gos254.s591,If-prij-06008,test,true,true,NZosmsstdo,NZ,Gos254,train
5,Gos254.s592,Mm-prij-06007,test,true,true,NZosmsstdo,NZ,Gos254,train
4,Gos254.s593,If-prij-06008,test,true,true,NZosmsstdo,NZ,Gos254,train
3,Gos254.s594,Dm-prij-06009,test,true,true,NZosmsstdo,NZ,Gos254,train
5,Gos254.s595,If-prij-06008,test,true,true,NZosmsstdo,NZ,Gos254,train
20,Gos254.s596,Dm-prij-06009,test,true,true,NZosmsstdo,NZ,Gos254,train
18,Gos254.s597,If-prij-06008,test,true,true,NZosmsstdo,NZ,Gos254,train
7,Gos254.s598,Dm-prij-06009,test,true,true,NZosmsstdo,NZ,Gos254,train
14,Gos254.s599,Dm-prij-06009,test,true,true,NZosmsstdo,NZ,Gos254,train
5,Gos254.s600,If-prij-06008,test,true,true,NZosmsstdo,NZ,Gos254,train
3,Gos254.s601,Mm-prij-06007,test,true,true,NZosmsstdo,NZ,Gos254,train
7,Gos254.s602,If-prij-06008,test,true,true,NZosmsstdo,NZ,Gos254,train
7,Gos254.s603,Mm-prij-06007,test,true,true,NZosmsstdo,NZ,Gos254,train
8,Gos254.s604,If-prij-06008,test,true,true,NZosmsstdo,NZ,Gos254,train
4,Gos254.s605,Dm-prij-06009,test,true,true,NZosmsstdo,NZ,Gos254,train
4,Gos254.s606,If-prij-06008,test,true,true,NZosmsstdo,NZ,Gos254,train
8,Gos254.s607,If-prij-06008,test,true,true,NZosmsstdo,NZ,Gos254,train
24,Gos254.s608,If-prij-06008,test,true,true,NZosmsstdo,NZ,Gos254,train
51,Gos255.s247,Tf-soro-10524,test,true,false,NZosmszudr,NZ,Gos255,train
2,Gos255.s248,Tf-soro-10524,test,true,false,NZosmszudr,NZ,Gos255,train
22,Gos255.s249,Tf-soro-10524,test,true,false,NZosmszudr,NZ,Gos255,train
21,Gos255.s250,Tf-soro-10524,test,true,false,NZosmszudr,NZ,Gos255,train
6,Gos255.s251,Jm-soro-05614,test,true,false,NZosmszudr,NZ,Gos255,train
4,Gos255.s252,Jm-soro-05614,test,true,false,NZosmszudr,NZ,Gos255,train
36,Gos255.s253,Tf-soro-10524,test,true,false,NZosmszudr,NZ,Gos255,train
7,Gos255.s254,Jm-soro-05614,test,true,false,NZosmszudr,NZ,Gos255,train
31,Gos255.s255,Jm-soro-05614,test,true,false,NZosmszudr,NZ,Gos255,train
44,Gos255.s256,Sm-soro-10523,test,true,false,NZosmszudr,NZ,Gos255,train
30,Gos255.s257,Tf-soro-10524,test,true,false,NZosmszudr,NZ,Gos255,train
5,Gos258.s69,Bm-prij-07168,test,true,false,NZosnmdopr,NZ,Gos258,train
6,Gos258.s70,Am-prij-07167,test,true,false,NZosnmdopr,NZ,Gos258,train
36,Gos258.s71,Am-prij-07167,test,true,false,NZosnmdopr,NZ,Gos258,train
10,Gos258.s72,Bm-prij-07168,test,true,false,NZosnmdopr,NZ,Gos258,train
21,Gos258.s73,Am-prij-07167,test,true,false,NZosnmdopr,NZ,Gos258,train
2,Gos258.s74,Bm-prij-07168,test,true,false,NZosnmdopr,NZ,Gos258,train
9,Gos258.s75,Am-prij-07167,test,true,false,NZosnmdopr,NZ,Gos258,train
19,Gos258.s76,Bm-prij-07168,test,true,false,NZosnmdopr,NZ,Gos258,train
14,Gos258.s77,Am-prij-07167,test,true,false,NZosnmdopr,NZ,Gos258,train
4,Gos258.s78,Bm-prij-07168,test,true,false,NZosnmdopr,NZ,Gos258,train
8,Gos258.s79,Am-prij-07167,test,true,false,NZosnmdopr,NZ,Gos258,train
6,Gos258.s80,Bm-prij-07168,test,true,false,NZosnmdopr,NZ,Gos258,train
36,Gos258.s81,Am-prij-07167,test,true,false,NZosnmdopr,NZ,Gos258,train
3,Gos266.s148,Af-prij-01100,test,true,false,NZossgdopr,NZ,Gos266,train
2,Gos266.s149,Dm-prij-01099,test,true,false,NZossgdopr,NZ,Gos266,train
23,Gos266.s150,Dm-prij-01099,test,true,false,NZossgdopr,NZ,Gos266,train
21,Gos266.s151,Af-prij-01100,test,true,false,NZossgdopr,NZ,Gos266,train
3,Gos266.s152,Af-prij-01100,test,true,false,NZossgdopr,NZ,Gos266,train
10,Gos266.s153,Dm-prij-01099,test,true,false,NZossgdopr,NZ,Gos266,train
4,Gos266.s155,Dm-prij-01099,test,true,false,NZossgdopr,NZ,Gos266,train
6,Gos266.s156,Af-prij-01100,test,true,false,NZossgdopr,NZ,Gos266,train
2,Gos266.s157,Dm-prij-01099,test,true,false,NZossgdopr,NZ,Gos266,train
5,Gos266.s158,Mf-prij-01101,test,true,false,NZossgdopr,NZ,Gos266,train
14,Gos266.s159,Af-prij-01100,test,true,false,NZossgdopr,NZ,Gos266,train
5,Gos269.s77,Bm-prij-02169,test,true,false,NZteceprij,NZ,Gos269,train
10,Gos269.s78,Am-prij-02168,test,true,false,NZteceprij,NZ,Gos269,train
9,Gos269.s79,Bm-prij-02169,test,true,false,NZteceprij,NZ,Gos269,train
4,Gos269.s80,Am-prij-02168,test,true,false,NZteceprij,NZ,Gos269,train
8,Gos271.s45,Af-prij-02102,test,true,false,NZteceprij,NZ,Gos271,dev
7,Gos271.s46,Af-prij-02102,test,true,false,NZteceprij,NZ,Gos271,dev
3,Gos271.s47,Bf-prij-02103,test,true,false,NZteceprij,NZ,Gos271,dev
5,Gos271.s48,Af-prij-02102,test,true,false,NZteceprij,NZ,Gos271,dev
6,Gos271.s49,Bf-prij-02103,test,true,false,NZteceprij,NZ,Gos271,dev
9,Gos271.s50,Af-prij-02102,test,true,false,NZteceprij,NZ,Gos271,dev
18,Gos275.s128,Bf-prij-05516,test,true,false,NZtegoprij,NZ,Gos275,train
14,Gos275.s130,Bf-prij-05516,test,true,false,NZtegoprij,NZ,Gos275,train
2,Gos275.s131,Bf-prij-05516,test,true,false,NZtegoprij,NZ,Gos275,train
22,Gos275.s132,Af-prij-05515,test,true,false,NZtegoprij,NZ,Gos275,train
10,Gos275.s133,Bf-prij-05516,test,true,false,NZtegoprij,NZ,Gos275,train
38,Gos276.s40,Am-prij-05576,test,true,false,NZtegoprij,NZ,Gos276,train
17,Gos276.s41,Bm-prij-05577,test,true,false,NZtegoprij,NZ,Gos276,train
36,Gos276.s42,Am-prij-05576,test,true,false,NZtegoprij,NZ,Gos276,train
2,Gos281.s263,Jm-soro-00810,test,true,false,NZteljsoro,NZ,Gos281,train
2,Gos281.s264,Mm-soro-00809,test,true,false,NZteljsoro,NZ,Gos281,train
7,Gos281.s265,Mm-soro-00809,test,true,false,NZteljsoro,NZ,Gos281,train
2,Gos281.s266,Jm-soro-00810,test,true,false,NZteljsoro,NZ,Gos281,train
10,Gos281.s267,Mm-soro-00809,test,true,false,NZteljsoro,NZ,Gos281,train
35,Gos281.s268,Mm-soro-00809,test,true,false,NZteljsoro,NZ,Gos281,train
15,Gos281.s269,Mm-soro-00809,test,true,false,NZteljsoro,NZ,Gos281,train
16,Gos281.s270,Mm-soro-00809,test,true,false,NZteljsoro,NZ,Gos281,train
13,Gos281.s271,Mm-soro-00809,test,true,false,NZteljsoro,NZ,Gos281,train
6,Gos281.s272,Jm-soro-00810,test,true,false,NZteljsoro,NZ,Gos281,train
2,Gos281.s274,Mm-soro-00809,test,true,false,NZteljsoro,NZ,Gos281,train
28,Gos281.s275,Jm-soro-00810,test,true,false,NZteljsoro,NZ,Gos281,train
18,Gos281.s276,Jm-soro-00810,test,true,false,NZteljsoro,NZ,Gos281,train
22,Gos281.s277,Jm-soro-00810,test,true,false,NZteljsoro,NZ,Gos281,train
5,Gos281.s278,Mm-soro-00809,test,true,false,NZteljsoro,NZ,Gos281,train
6,Gos281.s279,Jm-soro-00810,test,true,false,NZteljsoro,NZ,Gos281,train
9,Gos281.s280,Jm-soro-00810,test,true,false,NZteljsoro,NZ,Gos281,train
2,Gos285.s181,Am-prij-07100,test,true,false,NZtenmprij,NZ,Gos285,train
4,Gos285.s182,Bf-prij-07101,test,true,false,NZtenmprij,NZ,Gos285,train
7,Gos285.s184,Am-prij-07100,test,true,false,NZtenmprij,NZ,Gos285,train
7,Gos285.s186,Am-prij-07100,test,true,false,NZtenmprij,NZ,Gos285,train
3,Gos285.s187,Bf-prij-07101,test,true,false,NZtenmprij,NZ,Gos285,train
6,Gos285.s189,Am-prij-07100,test,true,false,NZtenmprij,NZ,Gos285,train
12,Gos285.s190,Am-prij-07100,test,true,false,NZtenmprij,NZ,Gos285,train
6,Gos285.s192,Bf-prij-07101,test,true,false,NZtenmprij,NZ,Gos285,train
2,Gos285.s194,Am-prij-07100,test,true,false,NZtenmprij,NZ,Gos285,train
4,Gos285.s195,Bf-prij-07101,test,true,false,NZtenmprij,NZ,Gos285,train
13,Gos285.s196,Am-prij-07100,test,true,false,NZtenmprij,NZ,Gos285,train
9,Gos285.s198,Am-prij-07100,test,true,false,NZtenmprij,NZ,Gos285,train
8,Gos285.s200,Am-prij-07100,test,true,false,NZtenmprij,NZ,Gos285,train
13,Gos285.s201,Bf-prij-07101,test,true,false,NZtenmprij,NZ,Gos285,train
10,Gos285.s202,Am-prij-07100,test,true,false,NZtenmprij,NZ,Gos285,train
5,Gos285.s203,Bf-prij-07101,test,true,false,NZtenmprij,NZ,Gos285,train
2,Gos285.s205,Am-prij-07100,test,true,false,NZtenmprij,NZ,Gos285,train
9,Gos285.s207,Am-prij-07100,test,true,false,NZtenmprij,NZ,Gos285,train
4,Gos285.s208,Bf-prij-07101,test,true,false,NZtenmprij,NZ,Gos285,train
3,Gos285.s209,Am-prij-07100,test,true,false,NZtenmprij,NZ,Gos285,train
3,Artur-J-Gvecg-P500002.s1_reseg.38,Artur-J-G3002,test,false,false,JI,JI,Artur-J-Gvecg-P500002,train
34,Artur-J-Gvecg-P500002.s1-s2_reseg.39,Artur-J-G3002,test,false,false,JI,JI,Artur-J-Gvecg-P500002,train
38,Artur-J-Gvecg-P500002.s3-s5_reseg.40,Artur-J-G3002,test,false,false,JI,JI,Artur-J-Gvecg-P500002,train
18,Artur-J-Gvecg-P500002.s6_reseg.41,Artur-J-G3002,test,false,false,JI,JI,Artur-J-Gvecg-P500002,train
17,Artur-J-Gvecg-P500002.s7_reseg.42,Artur-J-G3002,test,false,false,JI,JI,Artur-J-Gvecg-P500002,train
14,Artur-J-Gvecg-P500002.s8_reseg.43,Artur-J-G3002,test,false,false,JI,JI,Artur-J-Gvecg-P500002,train
20,Artur-J-Gvecg-P500002.s9-s12_reseg.44,Artur-J-G3002,test,false,false,JI,JI,Artur-J-Gvecg-P500002,train
47,Artur-J-Gvecg-P500002.s13-s19_reseg.45,Artur-J-G3002,test,false,false,JI,JI,Artur-J-Gvecg-P500002,train
24,Artur-J-Gvecg-P500002.s20-s22_reseg.46,Artur-J-G3002,test,false,false,JI,JI,Artur-J-Gvecg-P500002,train
14,Artur-J-Gvecg-P500002.s23_reseg.47,Artur-J-G3002,test,false,false,JI,JI,Artur-J-Gvecg-P500002,train
22,Artur-J-Gvecg-P500002.s24-s25_reseg.48,Artur-J-G3002,test,false,false,JI,JI,Artur-J-Gvecg-P500002,train
16,Artur-J-Gvecg-P500002.s26_reseg.49,Artur-J-G3002,test,false,false,JI,JI,Artur-J-Gvecg-P500002,train
30,Artur-J-Gvecg-P500002.s27-s29_reseg.50,Artur-J-G3002,test,false,false,JI,JI,Artur-J-Gvecg-P500002,train
11,Artur-J-Gvecg-P500002.s30-s32_reseg.51,Artur-J-G3002,test,false,false,JI,JI,Artur-J-Gvecg-P500002,train
18,Artur-J-Gvecg-P500002.s33-s36_reseg.52,Artur-J-G3002,test,false,false,JI,JI,Artur-J-Gvecg-P500002,train
8,Artur-J-Gvecg-P500002.s37_reseg.53,Artur-J-G3002,test,false,false,JI,JI,Artur-J-Gvecg-P500002,train
13,Artur-J-Gvecg-P500002.s38-s39_reseg.54,Artur-J-G3002,test,false,false,JI,JI,Artur-J-Gvecg-P500002,train
22,Artur-J-Gvecg-P500002.s40-s41_reseg.55,Artur-J-G3002,test,false,false,JI,JI,Artur-J-Gvecg-P500002,train
3,Artur-J-Gvecg-P500002.s42_reseg.56,Artur-J-G3002,test,false,false,JI,JI,Artur-J-Gvecg-P500002,train
6,Artur-J-Gvecg-P500002.s43_reseg.57,Artur-J-G3002,test,false,false,JI,JI,Artur-J-Gvecg-P500002,train
20,Artur-J-Gvecg-P500002.s44-s45_reseg.58,Artur-J-G3002,test,false,false,JI,JI,Artur-J-Gvecg-P500002,train
33,Artur-J-Gvecg-P500002.s46-s49_reseg.59,Artur-J-G3002,test,false,false,JI,JI,Artur-J-Gvecg-P500002,train
29,Artur-J-Gvecg-P500002.s50-s53_reseg.60,Artur-J-G3002,test,false,false,JI,JI,Artur-J-Gvecg-P500002,train
15,Artur-J-Gvecg-P500002.s54-s55_reseg.61,Artur-J-G3002,test,false,false,JI,JI,Artur-J-Gvecg-P500002,train
26,Artur-J-Gvecg-P500002.s56-s58_reseg.62,Artur-J-G3002,test,false,false,JI,JI,Artur-J-Gvecg-P500002,train
42,Artur-J-Gvecg-P500002.s59-s65_reseg.63,Artur-J-G3002,test,false,false,JI,JI,Artur-J-Gvecg-P500002,train
28,Artur-J-Gvecg-P500002.s66-s68_reseg.64,Artur-J-G3002,test,false,false,JI,JI,Artur-J-Gvecg-P500002,train
31,Artur-J-Gvecg-P500002.s69-s71_reseg.65,Artur-J-G3002,test,false,false,JI,JI,Artur-J-Gvecg-P500002,train
16,Artur-J-Gvecg-P500002.s72-s73_reseg.66,Artur-J-G3002,test,false,false,JI,JI,Artur-J-Gvecg-P500002,train
8,Artur-J-Gvecg-P500002.s74-s75_reseg.67,Artur-J-G3002,test,false,false,JI,JI,Artur-J-Gvecg-P500002,train
6,Artur-J-Gvecg-P500002.s76_reseg.68,Artur-J-G3002,test,false,false,JI,JI,Artur-J-Gvecg-P500002,train
9,Artur-J-Gvecg-P500002.s77_reseg.69,Artur-J-G3002,test,false,false,JI,JI,Artur-J-Gvecg-P500002,train
6,Artur-J-Gvecg-P500002.s78_reseg.70,Artur-J-G3002,test,false,false,JI,JI,Artur-J-Gvecg-P500002,train
45,Artur-J-Gvecg-P500002.s79-s86_reseg.71,Artur-J-G3002,test,false,false,JI,JI,Artur-J-Gvecg-P500002,train
11,Artur-J-Gvecg-P500002.s87_reseg.72,Artur-J-G3002,test,false,false,JI,JI,Artur-J-Gvecg-P500002,train
21,Artur-J-Gvecg-P500002.s88-s90_reseg.73,Artur-J-G3002,test,false,false,JI,JI,Artur-J-Gvecg-P500002,train
27,Artur-J-Gvecg-P500002.s91-s94_reseg.74,Artur-J-G3002,test,false,false,JI,JI,Artur-J-Gvecg-P500002,train
56,Artur-J-Gvecg-P500002.s95-s102_reseg.75,Artur-J-G3002,test,false,false,JI,JI,Artur-J-Gvecg-P500002,train
9,Artur-J-Gvecg-P500002.s103_reseg.76,Artur-J-G3002,test,false,false,JI,JI,Artur-J-Gvecg-P500002,train
3,Artur-J-Gvecg-P500002.s104_reseg.77,Artur-J-G3002,test,false,false,JI,JI,Artur-J-Gvecg-P500002,train
