TEXT-ID	RECORDING-ID	SUBCORPUS	TITLE	DATE	SOURCE	URL	TEXT-REGION	DOMAIN	TYPE	CHANNEL	SPK-IDsUTTS	SEGS	WORDS
Gos001	JIfajzakhu-np0911061839.wav	Gos	Splošno predavanje za prvi letnik prevajalstva.	2009-11	lastni posnetek	-	Ljubljana	akademski, družboslovje	informativno-izobraževalni	osebni stik	Af-pred-02166, audience	115	280
Gos002	JIfajzakhu-np1003120917.wav	Gos	Ura filozofije, pri kateri predavatelj študentom razlaga nemško klasično filozofijo.	2010-03	lastni posnetek	-	Ljubljana	akademski, humanistika	informativno-izobraževalni	osebni stik	Zm-prof-01084, audience	66	234
Gos003	JIfajzaknr-np0911190022.wav	Gos	Strokovni seminar, namenjen predvsem kemikom in matematikom.	2010-01	lastni posnetek	-	Ljubljana	akademski, naravoslovje	informativno-izobraževalni	osebni stik	Um-pred-01619, Pm-publ-01621, Mm-pred-01620, Dm-publ-01622, Tm-publ-01623, all, audience	270	585
Gos004	JIfasvakdr-jt1003041136.wav	Gos	Predavanje o vzgoji otroka, ki poudarja vzpodbujanje samostojnosti in odgovornosti, sprejemanje odločitev, pogovor z otrokom, izkazovanje ljubezni in vpliv partnerskih odnosov na čustveni razvoj otroka.	2010-03	lastni posnetek	-	Maribor	akademski, družboslovje	informativno-izobraževalni	osebni stik	Pf-pred-07541, Mf-publ-07544, Mm-publ-07543, Vf-publ-07547, Pf-publ-07546, Jf-publ-07549, audience, Df-publ-07545, all, Mm-publ-07542, Zf-publ-07548	332	644
Gos005	JIfasvakdr-rd1001290912.wav	Gos	Javno predavanje in okrogla miza o univerzalnem temeljnem dohodku.	2010-02	lastni posnetek	-	Maribor	javno predavanje	informativno-izobraževalni	osebni stik	Am-mode-05666, Bf-pred-05667	64	238
Gos006	JIfasvakhu-kk1001201128.wav	Gos	Predavanje iz književnosti na temo modernizma in avantgarde.	2010-02	lastni posnetek	-	Maribor	akademski, humanistika	informativno-izobraževalni	osebni stik	Am-pred-05665	13	165
Gos007	JIfasvaknr-dv0912110922.wav	Gos	Predavanje ob dnevu fakultete o najnovejših odkritjih v vesolju.	2009-12	lastni posnetek	-	Maribor	javno predavanje	informativno-izobraževalni	osebni stik	Lm-prof-06582, Tm-pred-06583, audience	10	327
Gos008	JIfasvaknr-pv1001120730.wav	Gos	Predavanje s področja komunikacije človek-stroj.	2010-01	lastni posnetek	-	Maribor	akademski, tehnika	informativno-izobraževalni	osebni stik	Pm-pred-09040	71	154
Gos009	JIjsnnjtns-ak0908050925.wav	Gos	Konverzacijski del učne ure slovenščine za tujce v jezikovni šoli.	2009-06	lastni posnetek	-	Ljubljana	jezikovni tečaj za tujce	informativno-izobraževalni	osebni stik	Af-prof-06578, Ef-stud-06579, Tf-stud-06580, audience, all, Yf-stud-00000	349	399
Gos010	JIosjzdrdr-ak1001100900.wav	Gos	Učna ura slovenščine, šesti razred OŠ. Obravnavali so oglasno sporočilo in nakupovalne navade.	2010-01	lastni posnetek	-	Gorje	2. triletje, družboslovje	informativno-izobraževalni	osebni stik	Pf-prof-09042, Bm-ucen-09043, Cf-ucen-09044, Mf-ucen-09048, Dm-ucen-09045, Jf-ucen-09052, Pn-vsiucenci-10000, Em-ucen-09046, Fm-ucen-09047, Gf-ucen-09049, Im-ucen-09051, Km-ucen-09053, audience, Hf-ucen-09050, Af-ucen-09041, all	590	722
Gos011	JIosjzdrdr-np0912052335.wav	Gos	Osnovna šola, predmet zgodovina, 6. razred, o obdobju pred Grki.	2009-12	lastni posnetek	-	Ljubljana	2. triletje, družboslovje	informativno-izobraževalni	osebni stik	Mf-prof-09033, Pn-vsiucenci-10000, Bm-ucen-09035, Am-ucen-09034, Df-ucen-09037, Ff-ucen-09039, Ef-ucen-09038, Cm-ucen-09036, audience	816	945
Gos012	JIosjzdrna-ak1001100755.wav	Gos	6. razred, ura matematike, vaje za test: računske operacije z decimalnimi števili, vaje ter zapisovanje računa s pomočjo tekstne naloge.	2010-01	lastni posnetek	-	Gorje	2. triletje, naravoslovje	informativno-izobraževalni	osebni stik	Af-prof-02215, Bm-ucen-02216, Pn-vsiucenci-10000, Cf-ucen-02217, Dm-ucen-02218, Em-ucen-02219, Ff-ucen-02220, Mm-ucen-02227, Jf-ucen-02224, Pf-ucen-02230, Gm-ucen-02221, If-ucen-02223, Nm-ucen-02228, Om-ucen-02229, Hf-ucen-02222, Lm-ucen-02226, Kf-ucen-02225	542	581
Gos013	JIosjzdrna-kk0910230820.wav	Gos	Ura naravoslovja in tehnike v petem razredu OŠ, učitelj se z učenci pogovarja o vrstah prsti, rešujejo delovne liste in naredijo nekaj poskusov.	2010-01	lastni posnetek	-	Dobravlje	2. triletje, naravoslovje	informativno-izobraževalni	osebni stik	Am-prof-05653, Cm-ucen-05655, Bm-ucen-05654, Dm-ucen-05656, Pn-vsiucenci-10000, Ff-ucen-05658, audience, Jf-ucen-05662, If-ucen-05661, Gf-ucen-05659, Hf-ucen-05660, Em-ucen-05657	977	1082
Gos014	JIosjzdrna-pk1005181032.wav	Gos	Osnovnošolska učna ura naravoslovja (o podnebju) v petem razredu.	2010-05	lastni posnetek	-	Koper	2. triletje, naravoslovje	informativno-izobraževalni	osebni stik	Af-prof-07180, Bm-ucen-07181, Ff-ucen-07185, Gf-ucen-07186, Hm-ucen-07187, Em-ucen-07184, Dm-ucen-07183, Cf-ucen-07182, Jm-ucen-07189, If-ucen-07188, Pn-vsiucenci-10000, Km-ucen-07190	964	1092
Gos015	JIosjztrdr-ak1001101050.wav	Gos	Učna ura slovenščine, 7. razred. Književnost, ljudsko slovstvo: dela so analizirali, iskali v njih razna slogovna sredstva, arhaične izraze ...	2010-01	lastni posnetek	-	Gorje	3. triletje, družboslovje	informativno-izobraževalni	osebni stik	Af-prof-02245, Bf-ucen-02246, Nm-ucen-02258, Gf-ucen-02251, Rm-ucen-02260, Sm-ucen-02261, Om-ucen-02259, Df-ucen-02248, Im-ucen-02253, Ef-ucen-02249, Ff-ucen-02250, Tm-ucen-02262, Lm-ucen-02256, Km-ucen-02255, Cf-ucen-02247, Jm-ucen-02254, Hm-ucen-02252, Pn-vsiucenci-10000, Mm-ucen-02257, audience	808	860
Gos016	JIosjztrna-pk1005181055.wav	Gos	Osnovnošolska učna ura naravoslovja (o rastlinah) v šestem razredu.	2010-08	lastni posnetek	-	Koper	3. triletje, naravoslovje	informativno-izobraževalni	osebni stik	Af-prof-05598, Pn-vsiucenci-10000, Bf-ucen-05599, Lf-ucen-05609, Cf-ucen-05600, Dm-ucen-05601, Em-ucen-05602, Fm-ucen-05603, Gm-ucen-05604, Hm-ucen-05605, Km-ucen-05608, Jf-ucen-05607, Om-ucen-05612, If-ucen-05606, Pf-ucen-05613, Mf-ucen-05610, Nf-ucen-05611	788	921
Gos017	JIossltrdr-jm0912151304.wav	Gos	Šolska ura o umetnostnem besedilu, prijateljstvu, pridevnikih v umetnostnem besedilu.	2010-01	lastni posnetek	-	Ljubljana	3. triletje, družboslovje	informativno-izobraževalni	osebni stik	Af-prof-07104, Ff-ucen-07109, Nm-ucen-07117, Lm-ucen-07115, Ef-ucen-07108, Pm-ucen-07119, Mm-ucen-07116, Qm-ucen-07120, Hf-ucen-07111, Gf-ucen-07110, Rm-ucen-07121, audience, If-ucen-07112, Tm-ucen-07123, Pn-vsiucenci-10000, Jf-ucen-07113, Cf-ucen-07106, Kf-ucen-07114, Sm-ucen-07122, Dm-ucen-07107, all, Om-ucen-07118, Bf-ucen-07105	587	763
Gos018	JIossvdrdr-jt0910141912.wav	Gos	Osnovnošolska ura predmeta družba, ponovitev naravnih značilnosti domače pokrajine, spoznavanje vrst naselij, bivališč, izpolnjevanje delovnih listov na temo značilnosti domačih naselij.	2009-10	lastni posnetek	-	Radenci	2. triletje, družboslovje	informativno-izobraževalni	osebni stik	Mf-prof-01097, Pn-vsiucenci-10000, Gm-ucen-01091, Am-ucen-01085, Ff-ucen-01090, Km-ucen-01095, Df-ucen-01088, audience, Bf-ucen-01086, Jf-ucen-01094, Cf-ucen-01087, Lm-ucen-01096, all, Nm-ucen-01098, Em-ucen-01089, If-ucen-01093, Hf-ucen-01092	800	818
Gos019	JIossvdrdr-kk0911181120.wav	Gos	Ura književnosti v šestem razredu, učenci berejo pesem, se o njej pogovarjajo in rešujejo delovni list.	2009-11	lastni posnetek	-	Maribor	2. triletje, družboslovje	informativno-izobraževalni	osebni stik	Sf-prof-07036, Fm-ucen-07023, Gm-ucen-07024, Hm-ucen-07025, Im-ucen-07026, Jm-ucen-07027, all, Km-ucen-07028, Df-ucen-07021, Ef-ucen-07022, Lm-ucen-07029, Nm-ucen-07031, Mm-ucen-07030, Pm-ucen-07033, Rf-ucen-07035, Om-ucen-07032, Cm-ucen-07020, audience, Bm-ucen-07019, Qm-ucen-07034, Pn-vsiucenci-10000, Am-ucen-07018	670	787
Gos020	JIossvtrdr-is0911272343.wav	Gos	Učna ura zgodovine, OŠ, 9. razred, tema je holokavst. Med poukom je predvajan tudi enominutni posnetek s TV.	2009-11	lastni posnetek	-	Radlje ob Dravi	3. triletje, družboslovje	informativno-izobraževalni	osebni stik	Mf-prof-01061, Tf-ucen-01068, Jm-ucen-01064, Jm-ucen-01063, Tf-ucen-01069, Mf-ucen-01066, Nf-nast-01067, Lf-ucen-01065, Pn-vsiucenci-10000, Lf-ucen-01085, all, Ef-ucen-01062, Uf-ucen-01070	548	662
Gos021	JIossvtrna-is0911272310.wav	Gos	Učna ura kemije, OŠ, 9. razred, poučevanje učencev o bazah in kislinah.	2009-11	lastni posnetek	-	Radlje ob Dravi	3. triletje, naravoslovje	informativno-izobraževalni	osebni stik	Sf-prof-01049, Bm-ucen-01052, Mm-ucen-01055, Nm-ucen-01058, Lf-ucen-01054, Af-ucen-01051, Sf-ucen-01059, Kf-ucen-01053, Pn-vsiucenci-10000, Nm-ucen-01057, Af-ucen-01050, Nf-ucen-01056, Zf-ucen-01060	546	633
Gos022	JIossvtrna-kk0911181210.wav	Gos	Učna ura matematike v sedmem razredu OŠ; preslikava čez premico, preslikava čez točko.	2010-09	lastni posnetek	-	Maribor	3. triletje, naravoslovje	informativno-izobraževalni	osebni stik	Um-prof-01624, Fm-ucen-01627, Pf-ucen-01626, Bm-ucen-07195, Df-ucen-07197, Af-ucen-07194, Em-ucen-07198, Pn-vsiucenci-10000, audience, Cm-ucen-07196, Vf-prof-01625, Gm-ucen-01628, Hm-ucen-07199	682	768
Gos023	JIrajzakjp-rd0906111339.wav	Gos	Radijski pogovor o izboru za pesem Evrovizije, o pravičnosti izbora in primernosti zmagovalca.	2009-07	-	-	Ljubljana	Aktual, Aktualno	informativno-izobraževalni	radio	Am-mode-05517, Bm-inte-05518, Cf-inte-05519, Dm-inte-05520, Ef-inte-05521, Fm-inte-05522, Gm-inte-05523, Hf-inte-05524, Im-nast-05525, Jm-posl-05526, Kf-posl-05527, audience, Lm-posl-05528, Mf-posl-05529, Nf-posl-05530, Om-posl-05531, Pm-posl-05532	99	134
Gos024	JIrajzakjp-rd0906111346.wav	Gos	Radijski pogovor o upravičenosti obvezne uporabe varnostnega pasu - mnenja za in proti.	2009-07	-	-	Ljubljana	Aktual, Aktualno	informativno-izobraževalni	radio	Af-novi-05533, Bm-inte-05534, Cm-inte-05535, Df-inte-05536, Em-mode-05517, Fm-nast-05525, Gm-anke-05537, Hm-anke-05538, If-anke-05539, Jm-anke-05540, Kf-anke-05541, Lm-anke-05542, Mm-posl-05543, Nm-posl-05544, Om-posl-05545, Pf-posl-05546, Qm-posl-05547, Rm-posl-05548	136	173
Gos025	JIrajzakjp-rd0906111356.wav	Gos	Poročilo in debata o bolniških odsotnostih in zavodu za zdravstveno zavarovanje.	2009-07	-	-	Ljubljana	Aktual, Aktualno	informativno-izobraževalni	radio	Am-nast-05525, Bf-novi-05533, Cm-inte-05549, Df-inte-05550, Em-inte-05551, Fm-mode-05517, Gm-anke-05552, Hf-anke-05553, Im-anke-05554, Jf-posl-05546, Km-posl-05555, Lm-posl-05544, Mf-posl-05556, Nm-posl-05557, Om-posl-05558	75	135
Gos026	JIrajzakjp-rd0906111358.wav	Gos	Pogovor o upravičenosti povišanja naročnine za javni RTV.	2009-07	-	-	Ljubljana	Aktual, Aktualno	informativno-izobraževalni	radio	Am-nast-05525, Bf-novi-05533, Cf-inte-03520, Df-nast-05566, Em-inte-05567, Fm-mode-05517, Gm-nast-05568, Hm-anke-05569, If-anke-05570, Jf-anke-05571, Km-anke-05572, Lf-anke-05573, Mm-anke-05574, Nm-posl-05575, Om-posl-05544, Pf-posl-05576, Qm-posl-05558, Rm-posl-05555, all, Sf-posl-05577, audience, Tm-posl-05578	68	107
Gos027	JIrajzakjp-rd0906111359.wav	Gos	Debata o upravičenosti referenduma o vstopu Hrvaške v zvezo Nato.	2009-09	-	-	Ljubljana	Aktual, Aktualno	informativno-izobraževalni	radio	Am-nast-05525, Bf-novi-05533, Cm-nast-05602, Dm-nast-02007, Em-nast-03508, Fm-mode-05592, Gm-anke-05603, Hf-anke-05604, Im-anke-05605, Jf-anke-05606, Km-posl-05558, Lm-posl-05607, audience, Mf-posl-05608, Nf-posl-05609, Om-posl-05610	67	135
Gos028	JIrajzakjp-rd0906111401.wav	Gos	Radijska oddaja o reševanju mejne problematike s Hrvaško.	2009-07	-	-	Ljubljana	Aktual, Aktualno	informativno-izobraževalni	radio	Am-nast-05525, Bf-novi-05533, Cm-nast-03508, Dm-nast-05579, Em-nast-05580, Fm-nast-05581, Gm-mode-05582, Hf-anke-05583, If-anke-05584, Jm-anke-05585, Kf-anke-05586, Lm-anke-05587, Mf-anke-05588, Nm-anke-05589, Of-anke-05590, Pm-posl-05555, audience, Qm-posl-05591, Rf-posl-05592, Sf-posl-05593, Tm-posl-05558	53	109
Gos029	JIrajzakjp-rd0906111402.wav	Gos	Razprava o uvedbi vinjet za slovenske avtoceste.	2009-07	-	-	Ljubljana	Aktual, Aktualno	informativno-izobraževalni	radio	Im-mode-05525, Ef-novi-05533, Km-nast-00017, Vm-nast-06505, Rm-novi-05592, Af-anke-06517, Lm-anke-06507, Pf-anke-06508, Hm-anke-06509, Nf-anke-06510, Lm-anke-06511, Vf-posl-06512, Mm-posl-06513, Um-posl-06514, Lm-posl-06515, Pm-posl-06516	86	163
Gos030	JIrajzakns-rd0906111405.wav	Gos	Pogovor o muslimanski veri v Sloveniji.	2009-09	-	-	Ljubljana	Aktual, Na sredi	informativno-izobraževalni	radio	Am-mode-05592, Bm-nast-05525, Cf-mode-05533, Dm-inte-05510, all	136	180
Gos031	JIrajzakns-rd0906111406.wav	Gos	Pogovor o presejalnih programih za odkrivanje raka v Sloveniji.	2009-09	-	-	Ljubljana	Aktual, Na sredi	informativno-izobraževalni	radio	Am-nast-05525, Bf-mode-05533, Cf-gost-05601, all, audience	114	191
Gos032	JIrajzakns-rd0906111408.wav	Gos	Pogovor z gostjo o slovenskih zaporih.	2009-08	-	-	Ljubljana	Aktual, Na sredi	informativno-izobraževalni	radio	Af-mode-05533, Bf-gost-05600, Cm-nast-05525, audience, all, Dm-mode-05592	177	228
Gos033	JIrajzakns-rd0906111410.wav	Gos	Pogovor o brezdomskem načinu življenja.	2009-07	-	-	Ljubljana	Aktual, Na sredi	informativno-izobraževalni	radio	Af-mode-05533, Bm-mode-05592, Cf-anke-05593, Dm-anke-05594, Ef-anke-05595, Fm-anke-05596, Gf-anke-05597, Hm-nast-05525, Im-inte-05598, Jm-inte-05599	242	290
Gos034	JIrajzkkna-rd0906111422.wav	Gos	Pogovor o predstavitvi dela teatra v letu 2009.	2009-06	-	-	Novo mesto	Krka, intervju	informativno-izobraževalni	radio	Af-mode-05513, Bm-gost-05514, all	21	62
Gos035	JIrajzkkna-rd0906111425.wav	Gos	Pogovor z organizatorjem glasbenega festivala.	2009-07	-	-	Novo mesto	Krka, intervju	informativno-izobraževalni	radio	Af-mode-04527, Bm-inte-04528	44	90
Gos036	JIrajzkrsp-rd0906111417.wav	Gos	Pogovor z znanim slovenskim igralcem.	2009-09	-	-	Kranj	Kranj, intervju	informativno-izobraževalni	radio	Am-novi-00522, Bm-gost-00521, audience	41	183
Gos037	JIrajzkrsp-rd0906111419.wav	Gos	Pogovor z znano slovensko pesnico in pisateljico.	2009-09	-	-	Kranj	Kranj, intervju	informativno-izobraževalni	radio	Bf-novi-00524, Af-gost-00523, audience	87	235
Gos038	JIraslogak-rd0906101516.wav	Gos	Pogovor o reševanju mejnega spora s Hrvaško.	2009-07	-	-	Ljubljana	Ognjišče, Pogovor o	informativno-izobraževalni	radio	Am-novi-02052, Ym-gost-00000, Bm-nast-03508, Cm-gost-02054, Dm-gost-02055, Em-gost-02056, Fm-gost-02057, Gm-nast-02058, Hm-nast-02059, If-nast-02060, Jm-nast-02061, Kf-nast-02062, Lm-nast-02063	111	449
Gos039	JIraslogng-rd0906101509.wav	Gos	Pogovor z gostom, jezikoslovcem etimologom.	2009-07	-	-	Ljubljana	Ognjišče, Naš gost	informativno-izobraževalni	radio	Af-novi-02046, Bm-gost-02047	143	432
Gos040	JIraslslin-rd0906101506.wav	Gos	Pogovor z znano slovensko ustvarjalko, pesnico in pisateljico.	2009-07	-	-	Ljubljana	Slovenija1, Intervju	informativno-izobraževalni	radio	Af-novi-02064, Bf-gost-02065	111	267
Gos041	JIraslslin-rd1009161011.wav	Gos	Pogovor s slovenskim odvetnikom.	2010-09	-	-	Ljubljana	Slovenija1, Intervju	informativno-izobraževalni	radio	Af-mode-07194, Bf-novi-07195, Cm-gost-07196, all	122	301
Gos042	JIraslvaak-rd0906101455.wav	Gos	Pogovor o prenehanju financiranja družbeno koristnega dela kot nadomestila za zaporno kazen.	2009-07	-	-	Ljubljana	Val202, Aktualna	informativno-izobraževalni	radio	Am-novi-02093, Bf-gost-02094, Cf-gost-02095, Df-nast-02096, Em-gost-02097, Yn-nast-00000, Fm-nast-02098	149	210
Gos043	JIraslvavm-rd0906101457.wav	Gos	Pogovor o posledicah in ukrepih ob finančni krizi.	2009-07	-	-	Ljubljana	Val202, Vroči mikrofon	informativno-izobraževalni	radio	Af-novi-02087, Bm-gost-02088, Cf-nast-02089, Dm-nast-02090, Em-nast-03504, Ff-novi-02091, Gm-nast-03505	55	236
Gos044	JIrasvkoso-rd0908250950.wav	Gos	Intervju z voditeljico centra za otroke in mladostnike.	2009-10	-	-	Slovenj Gradec	Koroški, intervju	informativno-izobraževalni	radio	Af-novi-07001, Bf-gost-07002	18	76
Gos045	JIrasvmbrt-rd0908250915.wav	Gos	Pogovor o stanju mariborskih cest.	2009-11	-	-	Maribor	Maribor1, Tribuna	informativno-izobraževalni	radio	Af-mode-02141, Bm-gost-02142, Cm-gost-02143, Em-posl-02145, Dm-posl-02144, Jf-posl-02150, Hm-posl-02148, Gm-posl-02147, Mf-posl-02153, Fm-posl-02146, If-posl-02149, Nf-posl-02154, Kf-posl-02151, Lf-posl-02152, Of-posl-02155, Pf-posl-02156, audience	375	592
Gos046	JIrasvstin-rd0908311457.wav	Gos	Intervju z znanim francistom.	2009-11	-	-	Šmarje pri Jelšah	Štajerski, intervju	informativno-izobraževalni	radio	Af-mode-07011, Bm-gost-07012	95	266
Gos047	JIrasvstin-rd0908311500.wav	Gos	Intervju z nagrajenko zlatega grba Občine Kozje.	2009-10	-	-	Šmarje pri Jelšah	Štajerski, intervju	informativno-izobraževalni	radio	Nf-mode-04533, Af-novi-04534, Bf-inte-04535, audience, all	237	301
Gos048	JIrasvstin-rd0908311503.wav	Gos	Intervju s kostumografinjo in zbirateljico spodnjega perila.	2009-12	-	-	Šmarje pri Jelšah	Štajerski, intervju	informativno-izobraževalni	radio	Af-mode-07016, Bf-novi-04534, Cf-gost-07017	196	290
Gos049	JIrasvstin-rd0908311504.wav	Gos	Intervju z eno najvidnejših osebnosti na področju kulturnega dogajanja v Slovenski Bistrici.	2009-11	-	-	Šmarje pri Jelšah	Štajerski, intervju	informativno-izobraževalni	radio	Af-mode-07008, Bm-novi-07009, Cm-gost-07010	45	138
Gos050	JIrasvstin-rd0908311506.wav	Gos	Intervju s podjetnikom iz Štajerske.	2009-11	-	-	Šmarje pri Jelšah	Štajerski, intervju	informativno-izobraževalni	radio	Af-mode-07013, Bf-novi-07014, Cm-gost-07015, all, audience	91	362
Gos051	JIssjzgidr-ak1003221205.wav	Gos	Učna ura slovenščine v gimnaziji. Obravnavali so književnost, poezijo. Med uro so obnavljali, kar so se naučili v preteklih urah.	2010-03	lastni posnetek	-	Kranj	gimnazija, družboslovje	informativno-izobraževalni	osebni stik	Af-prof-07124, Kf-ucen-07134, Hf-ucen-07131, If-ucen-07132, Cm-ucen-07126, Pn-vsiucenci-10000, Bm-ucen-07125, Mf-ucen-07136, Fm-ucen-07129, Jf-ucen-07133, Lf-ucen-07135, Em-ucen-07128, Gf-ucen-07130, Dm-ucen-07127, audience, all	524	674
Gos052	JIssjzgidr-bo0912020845.wav	Gos	Drugi letnik gimnazije	2009-12	lastni posnetek	-	Ivančna Gorica	gimnazija, družboslovje	informativno-izobraževalni	osebni stik	Am-prof-07057, Bm-ucen-07058, audience, all, Cf-ucen-07059, Dm-ucen-07060, Em-ucen-07061, Fm-ucen-07062, Jm-ucen-07066, Sm-ucen-07075, Qm-ucen-07073, Gm-ucen-07063, Lf-ucen-07068, Rm-ucen-07074, Kf-ucen-07067, Im-ucen-07065, Nf-ucen-07070, Pn-vsiucenci-10000, Hf-ucen-07064, Mf-ucen-07069, Of-ucen-07071, Pf-ucen-07072	503	629
Gos053	JIssjzgina-bo0912020755.wav	Gos	Prvi letnik gimnazije, kemija. Najprej so ponovili snov prejšnje učne ure - zgradbo atoma, nato so se pogovarjali o eksperimentu s pospeševalnikom delcev v Cernu in začeli obravnavati elektrone v elektronskem ovoju.	2009-12	lastni posnetek	-	Ivančna Gorica	gimnazija, naravoslovje	informativno-izobraževalni	osebni stik	Af-prof-07037, Im-ucen-07046, Nm-ucen-07038, Om-ucen-07051, Gm-ucen-07044, Tm-ucen-07056, Dm-ucen-07041, Qm-ucen-07053, Rm-ucen-07054, Jm-ucen-07047, Km-ucen-07048, Bm-ucen-07039, Em-ucen-07042, Mf-ucen-07050, Cf-ucen-07040, Pn-vsiucenci-10000, Pm-ucen-07052, Hm-ucen-07045, Lf-ucen-07049, Sf-ucen-07055, audience, Ff-ucen-07043	545	675
Gos054	JIssjzpsdr-bo0911270730.wav	Gos	Prvi letnik poklicne srednje šole, geografija. Tema so Alpe s predalpskim svetom, govorili so o gospodarstvu, poselitvi, pomembnosti regije in razdelitvi regij.	2009-12	lastni posnetek	-	Ljubljana	poklicna strokovna, družboslovje	informativno-izobraževalni	osebni stik	Am-prof-07076, Pn-vsiucenci-10000, audience, Bm-ucen-07077, Cf-ucen-07078, Dm-ucen-07079, all, Em-ucen-07080, Ff-ucen-07081, Gf-ucen-07082, Hm-ucen-07083, Im-ucen-07084	330	490
Gos055	JIssjzpsdr-bo0911300910.wav	Gos	Prvi letnik poklicne srednje šole, slovenščina. Najprej so ponovili snov - razlika med uradnimi in neuradnimi besedili. Nato so začeli novo temo - besedila glede na namen. Iz učbenika so prebrali nekaj besedil in jih poskušali razvrstiti po namenu (vabilo, predstavitev, izražanje čustvenega odnosa itd.).	2009-12	lastni posnetek	-	Ljubljana	poklicna strokovna, družboslovje	informativno-izobraževalni	osebni stik	Af-prof-07085, Bm-ucen-07086, Pn-vsiucenci-10000, Mm-ucen-07097, Gf-ucen-07091, Lf-ucen-07096, Cm-ucen-07087, Jm-ucen-07094, Fm-ucen-07090, Em-ucen-07089, Df-ucen-07088, Kf-ucen-07095, audience, Hf-ucen-07092, If-ucen-07093	679	824
Gos056	JIssjzpsdr-bo0912021235.wav	Gos	Šolska ura psihologije v četrtem letniku poklicne šole, profesor sprašuje o mišljenju, ustvarjalnosti itd.	2009-12	lastni posnetek	-	Ivančna Gorica	poklicna strokovna, družboslovje	informativno-izobraževalni	osebni stik	Af-ucen-02331, Bm-prof-02332, Cm-ucen-02333, Jm-ucen-02340, Df-ucen-02334, Pn-vsiucenci-10000, Ef-ucen-02335, audience, Ff-ucen-02336, Lm-ucen-02342, Mm-ucen-02343, If-ucen-02339, Km-ucen-02341, Gf-ucen-02337, Hf-ucen-02338, Ym-ucen-00000	1104	1151
Gos057	JIssjzpsdr-bo1003011145.wav	Gos	Učna ura v 4. letniku srednje ekonomske šole, psihologija. Učitelj sprašuje učence, teme so: čustva, konflikti itd. Ostali učenci med uro večino časa precej na glas klepetajo.	2010-03	lastni posnetek	-	Ljubljana	poklicna strokovna, družboslovje	informativno-izobraževalni	osebni stik	Pn-vsiucenci-10000, Am-prof-07143, Bf-ucen-07140, Fm-ucen-07145, Em-ucen-07144, Cm-ucen-07141, Hf-ucen-07147, Gm-ucen-07146, Df-ucen-07142, audience, If-ucen-07148	701	774
Gos058	JIssjzpsna-bo1003011235.wav	Gos	Šolska ura matematike v tretjem letniku poklicne srednje šole, priprave na test.	2010-03	lastni posnetek	-	Ljubljana	poklicna strokovna, naravoslovje	informativno-izobraževalni	osebni stik	Am-prof-02300, Bm-ucen-02301, Cm-ucen-02302, Dm-ucen-02303, Em-ucen-02304, Pn-vsiucenci-10000, Of-ucen-02314, Fm-ucen-02305, audience, Gm-ucen-02306, Hm-ucen-02307, Im-ucen-02308, Jm-ucen-02309, Qf-ucen-02315, Rf-ucen-02316, Tf-ucen-02318, Mm-ucen-02312, Nm-ucen-02313, Km-ucen-02310, Lm-ucen-02311, Sf-ucen-02317	821	934
Gos059	JIsssvgidr-ms1001211824.wav	Gos	Učna ura slovenščine v 3. letniku gimnazije. Tema je povedek.	2010-01	lastni posnetek	-	Slovenske Konjice	gimnazija, družboslovje	informativno-izobraževalni	osebni stik	Af-prof-02185, Df-ucen-02188, Mf-ucen-02197, Tm-ucen-02203, Nf-ucen-02198, audience, Gf-ucen-02191, Rm-ucen-02201, Pn-vsiucenci-10000, Ff-ucen-02190, Of-ucen-02199, Lf-ucen-02196, Kf-ucen-02195, Jf-ucen-02194, If-ucen-02193, Pm-ucen-02200, Sm-ucen-02202, Bf-ucen-02186, Cf-ucen-02187, Hf-ucen-02192	714	843
Gos060	JIsssvgina-ms1001211851.wav	Gos	Učna ura matematike v 4. letniku gimnazije. Reševanje vaj in utrjevanje snovi.	2010-01	lastni posnetek	-	Slovenske Konjice	gimnazija, naravoslovje	informativno-izobraževalni	osebni stik	Af-prof-02204, Bf-ucen-02205, Cf-ucen-02206, Df-ucen-02207, Ef-ucen-02208, Pn-vsiucenci-10000, Im-ucen-02212, Jm-ucen-02213, Hm-ucen-02211, audience, Km-ucen-02214, Gm-ucen-02210, all, Ff-ucen-02209	959	1025
Gos061	JIsssvpsdr-is0912131924.wav	Gos	Učna ura v poklicni strokovni šoli, prvi letnik, slovenščina. Obravnavajo književnost srednjega veka.	2010-07	lastni posnetek	-	Maribor	poklicna strokovna, družboslovje	informativno-izobraževalni	osebni stik	Af-prof-05568, Bm-ucen-05569, Dm-ucen-05571, Cm-ucen-05570, Em-ucen-05572, Fm-ucen-05573, audience, Pn-vsiucenci-10000, Gm-ucen-05574, Hm-ucen-05575, all	585	728
Gos062	JIsssvpsnr-pv0911260930.wav	Gos	Ura kemije v prvem letniku srednje šole programa elektrotehnike, o zgradbi trdih snovi.	2009-12	lastni posnetek	-	Maribor	poklicna strokovna, naravoslovje	informativno-izobraževalni	osebni stik	Af-prof-02174, all, Bm-ucen-02175, Cm-ucen-02176, Dm-prof-02177, Em-ucen-02178, Gm-ucen-02180, Fm-ucen-02179, Hm-ucen-02181, Pn-vsiucenci-10000, Im-ucen-02182, audience, Jm-ucen-02183, Km-ucen-02184	713	797
Gos063	JIsssvpsnr-pv0911261100.wav	Gos	Šolska ura tretjega letnika srednje poklicne šole, v kateri obravnavajo sestavo digitalnega vezja.	2009-12	lastni posnetek	-	Maribor	poklicna strokovna, naravoslovje	informativno-izobraževalni	osebni stik	Cm-ucen-07160, Dm-ucen-07161, audience, Bm-ucen-07159, Fm-ucen-07162, Am-prof-07158, Pn-vsiucenci-10000, Gm-ucen-07163, Hm-ucen-07164, If-ucen-07165, Ym-ucen-00000, Jf-ucen-07166	813	955
Gos064	JItvslpopr-rd0903232105.wav	Gos	Vrnitev ženske, žrtve nasilja v družini, na njen dom.	2009-06	-	-	Ljubljana	PopTV, Preverjeno	informativno-izobraževalni	televizija	Af-novi-00501, Df-inte-00504, Em-inte-00505, Bf-inte-00502, Cm-inte-00503, Yf-inte-00000, Xm-inte-00000, Ff-inte-00506	52	99
Gos065	JItvslpopr-rd0903232121.wav	Gos	Pregled politične kariere znanega slovenskega politika.	2009-05	-	-	Ljubljana	PopTV, Preverjeno	informativno-izobraževalni	televizija	Am-novi-05505, Bm-inte-02501, Cm-inte-02502, Dm-gost-02503, audience, all, Ef-inte-02504, Fm-inte-02505, Xf-novi-02509, Gm-inte-02506, Hm-inte-02507, Im-inte-02508	31	68
Gos066	JItvslpopr-rd0903232135.wav	Gos	Reportaža o prevarantskih podjetnikih.	2009-05	-	-	Ljubljana	PopTV, Preverjeno	informativno-izobraževalni	televizija	Df-novi-01501, Mm-anke-01502, Bf-anke-01503, Em-anke-01504, Sf-anke-01505, Rm-anke-01506, Tf-anke-01507, Im-anke-01508	50	134
Gos067	JItvslpopr-rd0903232219.wav	Gos	Doživetje ljubljanskega boljšjega s sejma z enim od prodajalcev na sejmu.	2009-05	-	-	Ljubljana	PopTV, Preverjeno	informativno-izobraževalni	televizija	Af-novi-02029, Bm-nast-02030, Cm-anke-02031, Df-anke-02032, Em-anke-02033, Fm-anke-02034, Gm-anke-02035, Hm-anke-02036, Im-nast-02037, Jm-anke-02038, Km-anke-02039, Lm-anke-02040, Mm-anke-02041, Nm-anke-02042, Om-anke-02043	109	156
Gos068	JItvslpopr-rd0903232249.wav	Gos	Pomanjkanje dijakov na šolah z lesarskimi smermi.	2009-05	-	-	Ljubljana	PopTV, Preverjeno	informativno-izobraževalni	televizija	Jf-novi-02509, Nm-inte-02513, Of-inte-02514, Km-inte-02510, Lm-inte-02511, Pm-inte-02515, Qm-inte-02516, Rm-inte-02517, Sm-inte-02518, Tm-inte-02519, Mm-inte-02512, Uf-inte-02520	37	71
Gos069	JItvslpopr-rd0903232305.wav	Gos	Nevarna šolska pot v Biščah pri Domžalah.	2009-05	-	-	Ljubljana	PopTV, Preverjeno	informativno-izobraževalni	televizija	Zm-inte-04517, Om-anke-04507, Bf-novi-01501, Tm-anke-04508, Hm-anke-04506, Gm-anke-04509, Kf-anke-04510, Sf-anke-04511, Nm-anke-04512, Mf-anke-04513, Jm-inte-04524, Nf-inte-04515, Jf-inte-04516, Rf-inte-04518, Am-anke-04519, If-anke-04520, Fm-inte-04521, Uf-anke-04522, Dm-inte-04523, Pf-inte-04525, Lm-inte-04526	74	138
Gos070	JItvslpopr-rd0903240741.wav	Gos	Redno zaposleni duhovniki tudi v bolnišnicah in zaporih.	2009-05	-	-	Ljubljana	PopTV, Preverjeno	informativno-izobraževalni	televizija	Am-novi-05505, Im-inte-03539, Bf-inte-05506, Cf-inte-05507, Dm-inte-05508, Em-inte-05509, Fm-inte-05510, Gm-inte-05511, Jm-anke-03541, Km-anke-03542, Lf-anke-03543, Mf-anke-03544, Hm-inte-05512	32	47
Gos071	JItvslpopr-rd0903240759.wav	Gos	Ženske v politiki.	2009-05	-	-	Ljubljana	PopTV, Preverjeno	informativno-izobraževalni	televizija	Am-novi-05505, Bf-inte-05513, Cf-inte-00013, Df-inte-05514, Ef-inte-05515, Ff-inte-05516, Gf-inte-03520, Hm-nast-05517, If-inte-00000	27	48
Gos072	JItvslpopv-rd0903231214.wav	Gos	Predvolilno soočenje predsednikov strank.	2009-12	-	-	Ljubljana	PopTV, predvolilna	informativno-izobraževalni	televizija	Af-novi-03507, Bm-novi-03501, Cm-gost-03518, Km-gost-02172, If-gost-00013, Hm-gost-02018, Em-gost-00020, Fm-gost-03508, Gm-gost-05581, Lm-gost-03532, Dm-gost-02538, audience, Nm-gost-00000, Om-gost-00000, Pm-gost-00000, Rm-gost-00000, Jf-novi-02537, Mm-anke-02173	508	795
Gos073	JItvslpotr-rd0903291848.wav	Gos	Oddaja z gosti o prodaji večinskega deleža večjega slovenskega trgovskega podjetja.	2009-11	-	-	Ljubljana	PopTV, Trenja	informativno-izobraževalni	televizija	Am-novi-02535, Bf-novi-02109, Cm-nast-02110, Dm-nast-02111, Em-nast-03509, Fm-nast-02112, Jm-nast-02114, Gf-nast-02113, Hm-gost-03510, Im-gost-03517, Km-gost-03512, Lm-gost-02115, audience, Pm-gost-02118, Mm-gost-02116, Rm-gost-00000, Om-gost-02117, Nm-gost-00017, Qm-gost-02119	724	941
Gos074	JItvslpotr-rd0903302024.wav	Gos	Oddaja o ministrski ekipi nove vlade.	2009-06	-	-	Ljubljana	PopTV, Trenja	informativno-izobraževalni	televizija	Am-novi-02535, Ef-novi-02537, Ff-nast-02539, Gf-nast-02540, Hm-nast-02541, If-nast-02542, Jf-nast-02543, Km-nast-02544, Lm-nast-02545, Mf-gost-02546, Bm-nast-02536, Nm-gost-02547, Cm-gost-03532, Qm-gost-02550, Om-gost-02548, Pm-gost-02549, Dm-gost-02538, all, audience, Rm-gost-02551	364	484
Gos075	JItvslpour-rd0904141036.wav	Gos	Ameriške predsedniške volitve.	2009-04	-	-	Ljubljana	PopTV, 24ur	informativno-izobraževalni	televizija	Em-novi-03501, Nf-novi-03502	16	36
Gos076	JItvslpour-rd0904141044.wav	Gos	Grafiti na cerkvi.	2009-04	-	-	Ljubljana	PopTV, 24ur	informativno-izobraževalni	televizija	Mm-novi-03001, Zm-anke-03002, Pm-anke-03003	7	10
Gos077	JItvslpour-rd0904141046.wav	Gos	Krajani zahtevali zaprtje deponije gum v Kidričevem.	2009-04	-	-	Ljubljana	PopTV, 24ur	informativno-izobraževalni	televizija	Af-novi-02001, Bm-anke-02002, Cm-anke-02003, Df-anke-02004, Em-inte-02005	10	16
Gos078	JItvslpour-rd0904141243.wav	Gos	Prispevek o novem mandatarju.	2009-04	-	-	Ljubljana	PopTV, 24ur	informativno-izobraževalni	televizija	Af-novi-02006, Bm-nast-03508, Cm-nast-02007, Dm-nast-02008, Em-nast-02009	18	29
Gos079	JItvslpour-rd0904141245.wav	Gos	Popust za upokojence.	2009-04	-	-	Ljubljana	PopTV, 24ur	informativno-izobraževalni	televizija	Af-novi-02010, Bf-anke-02011, Cf-anke-02012, Df-anke-02013, Ef-anke-02014, Fm-anke-02015, Gf-anke-02016, Hf-anke-02017	27	31
Gos080	JItvslpour-rd0904141247.wav	Gos	Poslanci Desusa pripravljeni vstopiti v vlado tudi brez svojega predsednika.	2009-04	-	-	Ljubljana	PopTV, 24ur	informativno-izobraževalni	televizija	Af-novi-03516, Bm-anke-03519, Cm-nast-02020, Dm-nast-03508, Em-anke-02021	11	20
Gos081	JItvslpour-rd0904141249.wav	Gos	Prisilni dopust v podjetju usnja.	2009-04	-	-	Ljubljana	PopTV, 24ur	informativno-izobraževalni	televizija	Kf-novi-03526, Mm-inte-03524, Sm-inte-03525	8	16
Gos082	JItvslpour-rd0904141250.wav	Gos	Svinčnik predelan v orožje.	2009-05	-	-	Ljubljana	PopTV, 24ur	informativno-izobraževalni	televizija	Bf-novi-04505, Mf-inte-04504, Pm-inte-04503	6	11
Gos083	JItvslpour-rd0904141252.wav	Gos	Impro liga v Ljubljani.	2009-05	-	-	Ljubljana	PopTV, 24ur	informativno-izobraževalni	televizija	Zf-novi-01513, Pm-anke-01510, Xm-anke-01515, Rm-anke-01514, Jm-anke-01511, Sm-anke-01512	15	20
Gos084	JItvslpour-rd0904150901.wav	Gos	Novi predsednik ZDA.	2009-05	-	-	Ljubljana	PopTV, 24ur	informativno-izobraževalni	televizija	Em-novi-03501, Nf-novi-03502	11	35
Gos085	JItvslpour-rd0904150906.wav	Gos	O pridržanih vinjenih voznikih.	2009-09	-	-	Ljubljana	PopTV, 24ur	informativno-izobraževalni	televizija	Af-novi-03533, Bm-inte-05001, Cm-inte-05002	10	16
Gos086	JItvslpour-rd0904150908.wav	Gos	Požar v kliničnem centru.	2009-05	-	-	Ljubljana	PopTV, 24ur	informativno-izobraževalni	televizija	Bm-anke-01520, Af-novi-02010, Cf-anke-01521	7	8
Gos087	JItvslpour-rd0904150911.wav	Gos	Predsednik Slovenije o zmagi novega ameriškega predsednika.	2009-04	-	-	Ljubljana	PopTV, 24ur	informativno-izobraževalni	televizija	Mm-novi-03537, Dm-inte-02007	8	16
Gos088	JItvslpour-rd0904150912.wav	Gos	Priznanja za hrabrost.	2009-05	-	-	Ljubljana	PopTV, 24ur	informativno-izobraževalni	televizija	Af-novi-00001, Bm-nast-02020, Cm-nast-02021, Dm-nast-02022	10	15
Gos089	JItvslpour-rd0904150914.wav	Gos	Prodaja večjega slovenskega trgovskega podjetja tujcem.	2009-04	-	-	Ljubljana	PopTV, 24ur	informativno-izobraževalni	televizija	Pf-novi-03503, Bm-inte-03509, Fm-inte-03510, Df-novi-03511, Zm-inte-03512	21	59
Gos090	JItvslpour-rd0904150917.wav	Gos	Slovenska sončna elektrarna.	2009-04	-	-	Ljubljana	PopTV, 24ur	informativno-izobraževalni	televizija	Mm-novi-03001, Pm-inte-03513	7	16
Gos091	JItvslpour-rd0904150918.wav	Gos	Znani slovenski novinar v studiu komentira izbor novega ameriškega predsednika.	2009-04	-	-	Ljubljana	PopTV, 24ur	informativno-izobraževalni	televizija	Em-novi-03501, Vm-gost-03514, Df-novi-03511	8	22
Gos092	JItvslpour-rd0904150920.wav	Gos	Visoke temperature motijo ritem živali.	2009-05	-	-	Ljubljana	PopTV, 24ur	informativno-izobraževalni	televizija	Af-novi-02023, Bm-nast-04001, Cm-nast-04002, Df-nast-04003	10	13
Gos093	JItvslpour-rd0904150922.wav	Gos	Zaposleni v davčni upravi razburjeni.	2009-04	-	-	Ljubljana	PopTV, 24ur	informativno-izobraževalni	televizija	Mf-novi-03522, Nf-inte-03523	7	21
Gos094	JItvslpour-rd0904150959.wav	Gos	Nova vlada skoraj oblikovana.	2009-04	-	-	Ljubljana	PopTV, 24ur	informativno-izobraževalni	televizija	Sf-novi-02006, Bm-inte-03508, Rm-inte-03527, Vm-inte-03528	9	19
Gos095	JItvslpour-rd0904151003.wav	Gos	Nove podražitve.	2009-05	-	-	Ljubljana	PopTV, 24ur	informativno-izobraževalni	televizija	Bf-novi-00001, Xf-anke-01516, Xf-anke-01517, Am-anke-01518, Cf-anke-01519	10	14
Gos096	JItvslpour-rd0904151004.wav	Gos	Pocenitev zdravil.	2009-05	-	-	Ljubljana	PopTV, 24ur	informativno-izobraževalni	televizija	Af-novi-05504, Bf-inte-05502, Cm-inte-05503, Dm-inte-00016	8	9
Gos097	JItvslpour-rd0904151207.wav	Gos	Policija pridržala 176 voznikov na Martinov konec tedna.	2009-04	-	-	Ljubljana	PopTV, 24ur	informativno-izobraževalni	televizija	Tf-novi-03533, Lm-inte-03529, Um-inte-03530, Rm-inte-03531, Zm-inte-03532	12	21
Gos098	JItvslpour-rd0904151208.wav	Gos	Razdelitev resorjev v novi vladi.	2009-04	-	-	Ljubljana	PopTV, 24ur	informativno-izobraževalni	televizija	Kf-novi-03516, Mm-inte-03515, Am-inte-03517, Am-inte-03518, Vm-inte-03519, Mf-inte-03520, If-inte-03521	26	38
Gos099	JItvslpour-rd0904151210.wav	Gos	Sodba v prid učitelju.	2009-06	-	-	Ljubljana	PopTV, 24ur	informativno-izobraževalni	televizija	Df-novi-03539, Am-inte-03538	5	13
Gos100	JItvslpour-rd0904151211.wav	Gos	Svetovno prvenstvo v bodybuildingu na Obali.	2010-07	-	-	Ljubljana	PopTV, 24ur	informativno-izobraževalni	televizija	Am-novi-05591, Bf-nast-05592, Cm-nast-05593	7	13
Gos101	JItvslpour-rd0904151213.wav	Gos	Težave v vladi z dvema resorjema.	2009-04	-	-	Ljubljana	PopTV, 24ur	informativno-izobraževalni	televizija	Pf-novi-03503, Sm-inte-03504, Dm-inte-03505, Mm-novi-03506, Bm-gost-03508, Pf-novi-03507	32	68
Gos102	JItvslpour-rd0904151214.wav	Gos	Učitelji najverjetneje ne bodo tožili.	2009-04	-	-	Ljubljana	PopTV, 24ur	informativno-izobraževalni	televizija	Pf-novi-03534, Dm-inte-03535, Af-novi-03536	7	14
Gos103	JItvslpour-rd0904151218.wav	Gos	Vreme vpliva na počutje.	2009-05	-	-	Ljubljana	PopTV, 24ur	informativno-izobraževalni	televizija	Af-novi-02023, Bm-anke-02024, Cm-anke-02025, Df-nast-02026, Ef-anke-02027, Ff-anke-02028	13	16
Gos104	JItvslpour-rd0904151220.wav	Gos	Zdravilo proti raku na želodcu.	2009-10	-	-	Ljubljana	PopTV, 24ur	informativno-izobraževalni	televizija	Df-novi-02010, Ff-inte-01601, Gm-inte-01602, Qm-inte-01603	8	13
Gos105	JItvslpour-rd0904151228.wav	Gos	Snemanje spota o omejeni rabi antibiotikov.	2008-10	-	-	Ljubljana	PopTV, 24ur	informativno-izobraževalni	televizija	Pf-novi-01513, Bm-anke-00026, Dm-anke-00027, Af-anke-00028	15	23
Gos106	JItvslpour-rd0904151236.wav	Gos	Televizijski prispevek o smrti pevke Miriam Makeba.	2009-09	-	-	Ljubljana	PopTV, 24ur	informativno-izobraževalni	televizija	Jf-novi-04532	1	7
Gos107	JItvslpour-rd0904151317.wav	Gos	Afera Patria.	2009-09	-	-	Ljubljana	PopTV, 24ur	informativno-izobraževalni	televizija	Xm-novi-00010, Cm-anke-00011, Zm-anke-00012, Kf-anke-00013	7	21
Gos108	JItvslpour-rd0904151318.wav	Gos	Banke slabo kreditirajo gospodarstvo.	-	-	-	Ljubljana	PopTV, 24ur	informativno-izobraževalni	televizija	Kf-novi-03503, Km-anke-00007, Am-anke-00008, Jm-anke-00009	9	18
Gos109	JItvslpour-rd0904151320.wav	Gos	Komentar člana vrhovnega sodišča o odločbi sodišča.	2009-04	-	-	Ljubljana	PopTV, 24ur	informativno-izobraževalni	televizija	Af-novi-03507, Bm-inte-05501	12	13
Gos110	JItvslpour-rd0904151330.wav	Gos	Kršenje delovnih pravic.	2009-04	-	-	Ljubljana	PopTV, 24ur	informativno-izobraževalni	televizija	Ef-novi-04501, Bm-inte-04502	3	9
Gos111	JItvslpour-rd0904151332.wav	Gos	Sestanek kandidatov za ministre.	2009-09	-	-	Ljubljana	PopTV, 24ur	informativno-izobraževalni	televizija	Xf-novi-00014, Sm-anke-00015, Km-anke-00017, Mm-anke-00016, Zm-anke-00018, Pf-anke-00019, Pm-anke-03508, Gm-anke-00020	30	44
Gos112	JItvslpour-rd0904151335.wav	Gos	Družinska tragedija v Brežicah.	2009-09	-	-	Ljubljana	PopTV, 24ur	informativno-izobraževalni	televizija	Kf-novi-00001, Xm-anke-00002, Tf-anke-00003, Pf-anke-00004, Zf-anke-00005	20	39
Gos113	JItvslslod-rd0905280739.wav	Gos	Intervju o gospodarski krizi v industriji.	2009-10	-	-	Ljubljana	TVSlo, Odmevi	informativno-izobraževalni	televizija	Rf-novi-01604, Im-inte-07501, Bm-inte-07502	63	131
Gos114	JItvslslod-rd0905280742.wav	Gos	Pogovor z gosti o kazenskem zakoniku in njegovih slabostih.	2009-10	-	-	Ljubljana	TVSlo, Odmevi	informativno-izobraževalni	televizija	Ef-mode-01604, Am-gost-00527, Bm-gost-00528, Cm-gost-00530, Df-gost-00529	104	203
Gos115	JItvslslod-rd0905280744.wav	Gos	Intervju s tremi politiki o predsedniku ZDA Obami.	2009-07	-	-	Ljubljana	TVSlo, Odmevi	informativno-izobraževalni	televizija	Af-mode-07152, Bf-novi-07153, Cm-gost-02503, Dm-gost-07154, Em-gost-00018	49	121
Gos116	JItvslslod-rd0905280747.wav	Gos	Intervju na temo prodaje Mercatorja.	2009-11	-	-	Ljubljana	TVSlo, Odmevi	informativno-izobraževalni	televizija	Sm-novi-07003, Bm-gost-03509, Lf-gost-08501, Tm-gost-02088, Fm-gost-08502, Ym-gost-00000	150	231
Gos117	JItvslslod-rd0905280749.wav	Gos	Pogovor s predstavniki poslanskih skupin o novi vladi.	2009-10	-	-	Ljubljana	TVSlo, Odmevi	informativno-izobraževalni	televizija	Am-mode-07003, Dm-gost-07006, Gm-gost-00000, Bm-gost-05512, Cm-gost-02008, Em-gost-02019, all	86	123
Gos118	JItvslslod-rd0905280751.wav	Gos	Intervju na temo odločbe o ustanovitvi nove univerze v Novi Gorici.	2009-10	-	-	Ljubljana	TVSlo, Odmevi	informativno-izobraževalni	televizija	Tm-novi-09001, Af-gost-09003, Mf-gost-09002, Nm-gost-09004	91	132
Gos119	JItvslslod-rd0905280755.wav	Gos	Intervju z direktorjem železnic o poslovanju uprave in upravičenosti do izplačila božičnice.	2010-07	-	-	Ljubljana	TVSlo, Odmevi	informativno-izobraževalni	televizija	Am-mode-07003, Bm-gost-07155, Cm-gost-07156, Dm-gost-06505, Em-gost-07157	108	150
Gos120	JItvslslod-rd0905280757.wav	Gos	Pogovor s politikom o odnosih med Hrvaško in Slovenijo.	2010-09	-	-	Ljubljana	TVSlo, Odmevi	informativno-izobraževalni	televizija	Of-novi-01604, Mm-gost-01605	51	93
Gos121	JItvslslod-rd1009160948.wav	Gos	Slovenija pojasnjuje svoj 'ne' Hrvaški pri nadaljevanju pogajanj za vstop v EU.	2010-09	-	-	Ljubljana	TVSlo, Odmevi	informativno-izobraževalni	televizija	Am-mode-07003, Bf-gost-07197, Cm-gost-00018, Dm-gost-07198, Em-gost-07199	118	233
Gos122	JItvslslod-rd1009160957.wav	Gos	Pomoč države podjetjem v času krize.	2010-09	-	-	Ljubljana	TVSlo, Odmevi	informativno-izobraževalni	televizija	Am-mode-07003, Bm-gost-03505, Cm-gost-00015, Dm-gost-05567, Ym-gost-00000, Em-gost-02344, audience, all	117	169
Gos123	JItvslslpo-rd0905270932.wav	Gos	Oddaja z gosti o mirovnih operacijah in prisotnosti slovenskih vojakov v Iraku, Afganistanu ter na Kosovu.	2009-11	-	-	Ljubljana	TVSlo, Polemika	informativno-izobraževalni	televizija	Vm-novi-01606, Lf-gost-05513, Km-gost-01610, Bm-gost-01609, Jm-gost-01611, Am-gost-01608, Ym-gost-00000, audience	287	500
Gos124	JItvslslpo-rd0905270939.wav	Gos	Oddaja z gosti o izraelskih napadih na Gazo in o tem, kakšne so možnosti mirnega sobivanja Palestincev in Izraelcev na tem območju.	2009-11	-	-	Ljubljana	TVSlo, Polemika	informativno-izobraževalni	televizija	Am-novi-02133, Bm-gost-02134, Cm-gost-01611, Dm-gost-01610, Fm-gost-02136, Em-gost-02135, Gf-novi-02137, Hf-novi-02138, Im-gost-02139, Jm-inte-02140	195	454
Gos125	JItvslslsc-rd0905271043.wav	Gos	Intervju o načrtih politične opozicije v Sloveniji.	2009-10	-	-	Ljubljana	TVSlo, StudioCity	informativno-izobraževalni	televizija	Sm-novi-06570, Gm-gost-02549, audience	122	151
Gos126	JItvslslsc-rd0905271046.wav	Gos	Intervju o težavah večjega slovenskega holdinga.	2009-10	-	-	Ljubljana	TVSlo, StudioCity	informativno-izobraževalni	televizija	Sm-novi-06570, Im-gost-06571	120	158
Gos127	JItvslslsc-rd0905271047.wav	Gos	Intervju o slovenskih vojaških operacijah v tujini.	2009-10	-	-	Ljubljana	TVSlo, StudioCity	informativno-izobraževalni	televizija	Sm-novi-06570, Lf-gost-05513	116	141
Gos128	JItvslslsc-rd0905271049.wav	Gos	Intervju o slovenski polpretekli zgodovini.	2009-10	-	-	Ljubljana	TVSlo, StudioCity	informativno-izobraževalni	televizija	Sm-novi-06570, Fm-gost-06571, all, audience	119	153
Gos129	JItvslslsc-rd0905271057.wav	Gos	Intervju o težavah slovenske policije.	2009-10	-	-	Ljubljana	TVSlo, StudioCity	informativno-izobraževalni	televizija	Sm-novi-06570, Sf-gost-00013, all	117	148
Gos130	JRrajzbejp-rd0907171241.wav	Gos	Jutranji program radia.	2009-07	-	-	Kranj	Belvi, jutranji	razvedrilni	radio	Bm-novi-06519, Af-novi-06518, Cf-inte-06520, Dn-nast-06521, Ef-inte-06522, Fm-inte-06523	153	243
Gos131	JRrajzbejp-rd0907171245.wav	Gos	Jutranji program radia.	2009-08	-	-	Kranj	Belvi, jutranji	razvedrilni	radio	Af-novi-06518, Bm-novi-06519, Mf-inte-06524, Gm-inte-06525, Fm-gost-06526, Nm-anke-06527, Nm-anke-06528, Nm-anke-06529, Nf-anke-06530, Nf-anke-065231, Nf-anke-06532, Xm-mode-03545, Rm-inte-06533, Rf-anke-06534, Rf-anke-06535, Rf-anke-06536, Rm-anke-06537, Rm-anke-03546, Rm-anke-06538, Rm-anke-06539	223	300
Gos132	JRrajzbejp-rd0907171248.wav	Gos	Jutranji program radia.	2009-08	-	-	Kranj	Belvi, jutranji	razvedrilni	radio	Bm-novi-06519, Af-novi-06518, Df-anke-06540, Df-anke-06541, Df-anke-06542, Dm-anke-06543, all, Dm-anke-06544, Dm-anke-06545, Dm-anke-06546, Dm-anke-06547, Dm-anke-06548, Nf-posl-06550, Ff-anke-06551, Ff-anke-06552, Fm-anke-06553, Fm-anke-06554, Fm-anke-06555	228	286
Gos133	JRrajzbejp-rd0907171249.wav	Gos	Jutranji program radia.	2009-08	-	-	Kranj	Belvi, jutranji	razvedrilni	radio	Bm-novi-06519, Af-novi-06518, Ef-inte-06556, Hf-inte-06557, Fm-nast-06558, Fm-inte-06523	211	291
Gos134	JRrajzbejp-rd0907171250.wav	Gos	Jutranji program radia.	2009-08	-	-	Kranj	Belvi, jutranji	razvedrilni	radio	Af-novi-06518, Bm-novi-06519, Hm-nast-06559, Hm-inte-06560, Hf-inte-06557	191	279
Gos135	JRrajzcajp-rd0907171252.wav	Gos	Jutranji program radia.	2009-11	-	-	Koper	Capris, jutranji	razvedrilni	radio	Am-mode-05620, Bm-mode-05621, Cf-mode-05622, all, audience, Dm-nast-05630, Em-nast-05631, Fm-anke-05632, Gf-anke-05633, Hf-anke-05634, Im-anke-05635, Jf-anke-05636, Kf-anke-05637, Lm-nast-05625, Mm-nast-05626, Nm-posl-05638, Of-anke-05639, Pm-anke-05640, Qm-anke-05641, Rf-anke-05642, Sm-anke-05643, Tm-anke-05644, Uf-posl-05645	750	1026
Gos136	JRrajzcajp-rd0907171301.wav	Gos	Jutranji program radia, rdeča nit oddaje je odnos do resnice in laži.	2010-01	-	-	Koper	Capris, jutranji	razvedrilni	radio	Am-mode-05620, Bf-mode-05622, audience, Cm-mode-05621, Dm-posl-05645, all, Ef-posl-05646, Fm-inte-05647, Gm-inte-05648, Hf-posl-05649, Im-nast-05625, Jm-nast-05626, Kf-posl-05650, Lm-posl-05651, Mf-posl-05652	835	1135
Gos137	JRrajzcajp-rd0907171303.wav	Gos	Jutranji program radia.	2009-10	-	-	Koper	Capris, jutranji	razvedrilni	radio	Am-mode-05620, Bm-mode-05621, Cf-mode-05622, audience, all, Dm-nast-03508, Em-nast-05622, Fm-nast-05623, Gm-nast-05624, Hm-nast-05625, Im-nast-05626, Jm-posl-05627, Kf-posl-05628, Lf-posl-05629	579	890
Gos138	JRrajzkkna-rd0906111426.wav	Gos	Nagradni kviz - poslušalca se v dvoboju pomerita v poznavanju krajev na črko i.	2009-07	-	-	Novo mesto	Krka, potovanja	razvedrilni	radio	Sf-mode-04529, Dm-posl-04530, Mm-posl-04531	125	132
Gos139	JRramarmpo-dm1007091314.wav	Gos	Radijski pogovor med novinarjem in starejšo prebivalko Porabja (Gornji Senik) o vsakdanjih dogodkih v preteklosti.	2010-07	-	-	Monošter	moderirani pogovor	razvedrilni	radio	Am-novi-10501, If-inte-10503, audience, all	299	390
Gos140	JRramarmpo-dm1007091342.wav	Gos	Radijski pogovor med novinarjem in starejšo prebivalko Porabja (Stevanovci) o dogodkih v preteklosti.	2010-07	-	-	Monošter	moderirani pogovor	razvedrilni	radio	Am-novi-10501, Bf-inte-10502, audience, all	148	276
Gos141	JRraslcejp-rd0906101524.wav	Gos	Jutranji program radia.	2009-07	-	-	Maribor	Center, jutranji	razvedrilni	radio	Am-novi-02066, Bf-novi-02067, Cf-novi-02068, Df-posl-02069, Em-novi-02070, Ff-novi-02071, Gf-posl-02072, Hm-posl-02073, If-posl-02074, Jf-nast-02075, Kf-posl-02076, Lf-novi-02077, Mm-posl-02078, Nf-posl-02079, Of-posl-02080, Pf-posl-02081, Qm-posl-02082, Rf-nast-02083, Sm-nast-02084, Tf-gost-02085, Uf-posl-02086	696	787
Gos142	JRraslvans-rd0906101501.wav	Gos	Pogovor s pevko o nastajanju in izdaji nove plošče.	2009-07	-	-	Ljubljana	Val202, Na sceni	razvedrilni	radio	Am-novi-02044, Bf-gost-02045	151	329
Gos143	JRraslvans-rd0906101503.wav	Gos	Pogovor z gostoma iz glasbene skupine o izdaji nove plošče.	2009-10	-	-	Ljubljana	Val202, Na sceni	razvedrilni	radio	Ym-inte-00000, Am-novi-02044, Bm-inte-02099, Cm-inte-02100, all, audience	256	356
Gos144	JRrasvcijp-rd0908250924.wav	Gos	Jutranji program radia.	2009-11	-	-	Maribor	City, jutranji	razvedrilni	radio	Dm-mode-01017, Ef-mode-01018, all, Nm-mode-01029, Pm-posl-01019, audience, Bm-mode-01016, Nm-posl-01020, Lf-mode-01021, Dm-gost-01022, Kf-posl-01023, Jf-posl-01024, Tf-mode-01025, Im-posl-01026, Bm-mode-01027, Mm-posl-01028	783	1020
Gos145	JRrasvcijp-rd0908250930.wav	Gos	Jutranji program: vsakdanje teme (zimsko vreme, služba), čestitke, nagradna igra.	2009-12	-	-	Maribor	City, jutranji	razvedrilni	radio	Dm-mode-01017, Ef-mode-01018, all, audience, Am-posl-01030, Nm-mode-01029, Mf-posl-01031, Mm-posl-01032, Jm-posl-01031, Tf-mode-01025, Bm-mode-01016, Dm-gost-01022, Pf-novi-01034, Jm-inte-01035, Nf-posl-01036, Bf-posl-01037, Sm-posl-01038, Am-posl-01039, Bm-mode-01027, Lf-mode-01021, If-posl-01040, Jm-posl-01041	920	1138
Gos146	JRrasvcijp-rd0908250932.wav	Gos	Jutranji program: vsakdanje teme (zimsko vreme, služba), nagradna igra.	2009-12	-	-	Maribor	City, jutranji	razvedrilni	radio	Dm-mode-01017, Ef-mode-01018, audience, Nm-mode-01029, all, Bm-posl-01042, Bm-mode-01016, Sm-posl-01043, Tf-mode-01025, Dm-gost-01022, Tm-gost-01044, Nf-mode-01045, Rm-posl-01046, Vm-posl-01047, Lf-mode-01021, Bm-mode-01027, Mm-posl-01048	665	791
Gos147	JRrasvfajp-rd0908250936.wav	Gos	Jutranji program radia.	2009-11	-	-	Škofja vas	Fantasy, jutranji	razvedrilni	radio	Am-mode-02120, Bf-mode-02121, Dm-posl-02123, Cm-posl-02122, audience, Em-anke-02124, Kf-anke-02130, Fm-anke-02125, Gm-anke-02126, Lf-anke-02131, Hm-anke-02127, Im-anke-02128, Jm-anke-02129, all	187	272
Gos148	JRrasvkoso-rd0908250942.wav	Gos	Intervju s popotnikom iz Irana.	2009-10	-	-	Slovenj Gradec	Koroški, intervju	razvedrilni	radio	Pf-novi-01004, Pm-inte-01005	29	100
Gos149	JRrasvkoso-rd0908250945.wav	Gos	Intervju z uspešno slovensko smučarko.	2009-10	-	-	Slovenj Gradec	Koroški, intervju	razvedrilni	radio	Jm-novi-01006, Mf-inte-01007	23	51
Gos150	JRrasvkoso-rd0908250947.wav	Gos	Intervju z radijskim napovedovalcem.	2009-10	-	-	Slovenj Gradec	Koroški, intervju	razvedrilni	radio	Gm-novi-01008, Jm-inte-01009	164	204
Gos151	JRrasvkoso-rd0908250953.wav	Gos	Intervju s strokovnjakom o prenovljeni lokalni meteorološki postaji.	2009-10	-	-	Slovenj Gradec	Koroški, intervju	razvedrilni	radio	Xm-novi-01001, Bm-inte-01002, Sm-inte-01003	12	23
Gos152	JRrasvkost-rd0908250958.wav	Gos	Študentska oddaja.	2009-10	-	-	Slovenj Gradec	Koroški, Salter	razvedrilni	radio	Af-mode-01010, Df-posl-01011, Dm-posl-01012, Tf-mode-01013, Zf-mode-01014	242	331
Gos153	JRrasvkost-rd0908251001.wav	Gos	Študentska radijska oddaja.	2009-10	-	-	Slovenj Gradec	Koroški, Salter	razvedrilni	radio	Zf-mode-01014, Tf-mode-01013, Af-mode-01010, all, Yf-mode-00000, audience, Im-novi-01015	265	406
Gos154	JRrasvmbjp-rd0908250921.wav	Gos	Jutranji program radia.	2009-11	-	-	Maribor	Maribor1, jutranji	razvedrilni	radio	Hf-mode-07518, Nm-anke-07503, Of-anke-07504, Qm-anke-07505, Sm-anke-07506, Vm-anke-07507, Pf-anke-07508, Gf-anke-07509, audience, Mm-inte-07510, Jf-gost-07511, Hf-gost-07512, Pf-gost-07513, Df-gost-07514, Ef-posl-07515, all, Af-posl-07516, Bf-posl-07517	194	341
Gos155	JRrasvmvge-rd0908251007.wav	Gos	Lokalna radijska oddaja, v kateri poslušalcem izpolnjujejo glasbene želje.	2010-09	-	-	Ljutomer	Maxi, Pižama bar	razvedrilni	radio	Pm-mode-10504, Dm-mode-10505, Bm-posl-10506, Ff-posl-10507, audience, Sm-posl-10508, Zm-posl-10509, all, Mf-posl-10510, Af-posl-10511, Tf-posl-10512, Gm-posl-10513, Om-posl-10514, Nm-posl-10515, Rm-posl-10516, Im-posl-10517, Lm-posl-10518, Jm-posl-10519, Cf-posl-10520, Em-posl-10521, Km-posl-10522	856	1020
Gos156	JRrasvmvzd-rd0908251004.wav	Gos	Glasbena oddaja o domači glasbi z gosti, nagradno igro ipd.	2010-03	-	-	Ljutomer	Maxi, Pod brajdami	razvedrilni	radio	Rm-mode-08503, Jm-gost-08504, all, audience	460	495
Gos157	JRtvslpoas-rd0904220925.wav	Gos	Razvedrilni TV šov v nedeljo zvečer z dvema voditeljema in gostjo, pevko v slovenski zabavnoglasbeni skupini.	2009-07	-	-	Ljubljana	PopTV, As ti tud	razvedrilni	televizija	Am-novi-02048, Bm-novi-02049, Cf-gost-00510, audience, all, Em-nast-02050, Fm-nast-02051, Gm-nast-02052, Df-gost-02045	1252	1305
Gos158	JRtvslpoas-rd0904221512.wav	Gos	Večerni razvedrilni TV-šov z gostjo, znano slovensko pevko.	2010-07	-	-	Ljubljana	PopTV, As ti tud	razvedrilni	televizija	Em-mode-02048, Cm-mode-02049, audience, Af-gost-09027, all, Ff-gost-01104, Hm-gost-01106, Bm-nast-01102, Dm-gost-01103, Gm-gost-01105	1430	1500
Gos159	JRtvslpoas-rd0904231043.wav	Gos	Razvedrilni TV-šov v nedeljo zvečer z dvema voditeljema in gostom, znanim slovenskim igralcem in gledališčnikom.	2009-08	-	-	Ljubljana	PopTV, As ti tud	razvedrilni	televizija	Gm-novi-02048, Sm-novi-02049, audience, Om-gost-06560, all, Ym-novi-00000, Df-gost-06561, Nn-posl-06563, Hm-gost-06562	1494	1572
Gos160	JRtvslpode-rd0904200926.wav	Gos	Kuharska oddaja, kuhanje petelina v vinu, prisoten tudi gost v studiu.	2009-10	-	-	Ljubljana	PopTV, Desetka	razvedrilni	televizija	Um-nast-00021, Bm-nast-00022, Mm-gost-00023, Xm-drug-00024, Xf-drug-00025, audience, all	550	619
Gos161	JRtvslpode-rd0904200931.wav	Gos	Televizijska kuharska oddaja z znano gostjo; kuhanje špagetov s školjkami.	2009-12	-	-	Ljubljana	PopTV, Desetka	razvedrilni	televizija	Bm-nast-00022, Um-nast-00021, audience, Kf-gost-00029	350	383
Gos162	JRtvslpokm-rd0905151406.wav	Gos	Resničnostni šov, v katerem udeleženci živijo na kmetiji.	2009-08	-	-	Ljubljana	PopTV, Kmetija	razvedrilni	televizija	Cf-nast-00511, Dm-nast-00512, Em-nast-00513, Am-nast-00509, Gf-nast-00515, Jm-nast-00519, Hf-nast-00516, If-nast-00517, audience, Bf-mode-00510, Yf-nast-00000, all, Ym-nast-00000, Fm-nast-00514	523	738
Gos163	JRtvslpokm-rd0905151410.wav	Gos	Resničnostni šov, v katerem udeleženci živijo na kmetiji. Večerna oddaja.	2009-07	-	-	Ljubljana	PopTV, Kmetija	razvedrilni	televizija	Hf-nast-00516, Em-nast-00513, Dm-nast-00512, Bf-mode-00510, Am-nast-00509, If-nast-00517, Cf-nast-00511, Fm-nast-00514, Gf-nast-00515, audience, all	474	531
Gos164	JRtvslpovp-rd0904201545.wav	Gos	Televizijska igra na srečo - posebna oddaja z znanimi osebnostmi.	2009-12	-	-	Ljubljana	PopTV, Vzemi ali pusti	razvedrilni	televizija	Zm-mode-00026, Yn-posl-00000, all, audience, Sf-novi-09008, Tf-nast-09007, Pm-gost-09014, Am-gost-09028, Pm-novi-09013, Mm-gost-09018, Af-gost-06561, Jm-gost-09023, Af-gost-09030, Gm-gost-09024, Mm-gost-09020, Sf-gost-09010, Um-gost-09006, Mm-gost-09017, Af-gost-02045, Kf-gost-09005, Tm-posl-09032, Sf-gost-09009, Bf-gost-09026, Of-gost-09015, Ef-gost-09022, Rf-gost-09011, Mf-gost-09021, Nf-gost-09016, Mm-gost-09019, Af-gost-09027, Fm-gost-09025, Dm-gost-09012, Am-gost-09029	2203	2940
Gos165	JRtvslslnl-rd0905221433.wav	Gos	Pogovor z znano igralko in njenimi prijatelji o gledališču, filmu in njenem zasebnem življenju.	2009-11	-	-	Ljubljana	TVSlo, NLP	razvedrilni	televizija	Bm-novi-02158, Af-gost-02157, Cf-novi-02159, audience, all, Ef-nast-02157, Gf-nast-02162, Dm-gost-02160, Fm-gost-02161	695	856
Gos166	JRtvslslnl-rd0905221437.wav	Gos	Pogovor z znano osebo s področja smučanja o smučanju in o njegovem zasebnem življenju.	2009-11	-	-	Ljubljana	TVSlo, NLP	razvedrilni	televizija	Af-novi-02159, Bm-novi-02158, Cm-gost-02163, audience, all, Dm-gost-02164, Ef-gost-02165	493	766
Gos167	JRtvslslpi-rd0905250924.wav	Gos	Zabavna TV oddaja z znanimi gosti, teme so slovensko-hrvaški odnosi, slovenski nacionalni značaj, metanje čevljev v politike...	2009-11	-	-	Ljubljana	TVSlo, Piramida	razvedrilni	televizija	Df-mode-06573, If-nast-06574, Tm-nast-06575, audience, Zf-nast-05502, Jm-nast-06577, Ym-nast-00000, all	631	846
Gos168	JRtvslslsp-rd0905200815.wav	Gos	Finale velaslaloma za ženske v Aareju - prvi tek.	2009-07	-	-	Ljubljana	TVSlo, šport	razvedrilni	televizija	Am-novi-02099, Bm-novi-02092, audience	211	451
Gos169	JRtvslslsp-rd0905200820.wav	Gos	Finale velaslaloma za ženske v Aareju - drugi tek.	2009-08	-	-	Ljubljana	TVSlo, šport	razvedrilni	televizija	Am-mode-02099, Bm-mode-02092, audience	320	696
Gos170	JRtvslslsp-rd0905200825.wav	Gos	Nogomet - kvalifikacije za SP 2010 (Poljska - Severna Irska) - prvi polčas.	2009-08	-	-	Ljubljana	TVSlo, šport	razvedrilni	televizija	Am-mode-00518	507	770
Gos171	JRtvslslsp-rd0905200826.wav	Gos	Nogomet - kvalifikacije za SP 2010 (Poljska - Severna Irska) - drugi polčas.	2009-07	-	-	Ljubljana	TVSlo, šport	razvedrilni	televizija	Am-mode-00518	496	668
Gos172	NNosgopods-kk0905222006.wav	Gos	Sestanek učiteljic, razpravljajo o nadomešcanju izostale učiteljice, načrtujejo šolsko delo prihajajočega tedna.	2009-07	lastni posnetek	-	Dobravlje	formalni delovni sestanek	nezasebni	osebni stik	Af-prof-05563, Bf-prof-05564, Cf-prof-05565, all	359	367
Gos173	NNoskpprdo-pk1003311343.wav	Gos	Pogovor med prodajalcem prevlek za žimnice in stranko po prodaji, ko je prodajalec prišel po denar.	2010-07	lastni posnetek	-	Izola	prodaja/trgovina	nezasebni	osebni stik	Am-prod-05581, Bm-stra-05582, all, audience	128	175
Gos174	NNoskpsods-pk1003311057.wav	Gos	Sestanek sodelavk v okviru univerze o delu na projektu.	2010-05	lastni posnetek	-	Koper	formalni delovni sestanek	nezasebni	osebni stik	Af-vodj-05578, Cf-udel-05580, Bf-udel-05579, all, audience	580	605
Gos175	NNoskrprdo-az1004091424.wav	Gos	Pogovor stranke in zavarovalne agentke pri stranki doma, obnavljanje zavarovalne police za hišo.	2010-04	lastni posnetek	-	Škofja Loka	prodaja/trgovina	nezasebni	osebni stik	Bf-akvi-02263, Am-stra-02231, all, audience	415	426
Gos176	NNosljakds-jm0103151200.wav	Gos	Sestanek jezikovnega oddelka v okviru univerze.	2010-03	lastni posnetek	-	Ljubljana	formalni delovni sestanek	nezasebni	osebni stik	Am-udel-02284, Bf-udel-02285, Cf-udel-02286, Nf-udel-02297, Df-udel-02287, Ef-udel-02288, Yf-udel-00000, Ff-udel-02289, Jf-udel-02293, all, audience, If-udel-02292, Mf-udel-02296, Hm-udel-02291, Gf-udel-02290, Lf-udel-02295, Kf-udel-02294	1313	1369
Gos177	NNosljakko-np0910182052.wav	Gos	Konzultacija za doktorsko disertacijo.	2009-10	lastni posnetek	-	Ljubljana	konzultacija	nezasebni	osebni stik	Af-prof-02166, Bf-stud-02167	399	412
Gos178	NNosljpods-az1003111100.wav	Gos	Sestanek sodelavcev pri gradnji nacionalnega govornega korpusa. Ena sogovornica sodeluje pri sestanku prek Skypa.	2010-03	lastni posnetek	-	Ljubljana	neformalni delovni sestanek	nezasebni	osebni stik	Am-udel-02231, Bf-udel-02232, audience, Cf-udel-02233, all, Df-udel-02234, Ef-udel-02235, Jf-udel-00000, Ff-udel-02236, Hf-udel-02238, Gm-udel-02237, Kf-udel-00000, Lf-udel-00000, Mf-udel-00000, Nf-udel-00000, If-udel-02239, Of-udel-00000, Pf-udel-00000, Rf-udel-00000, Sf-udel-00000, Tf-udel-00000, Uf-udel-00000	779	785
Gos179	NNosljpods-pk1004191451.wav	Gos	Neformalni delovni sestanek med naročnikom raziskave in študentko, ki pomaga pri raziskavi o lastništvu medijev.	2010-07	lastni posnetek	-	Ljubljana	neformalni delovni sestanek	nezasebni	osebni stik	Af-sode-05584, Bm-sode-05588, audience	762	912
Gos180	NNosljprdo-az1004011600.wav	Gos	Pogovor med stranko in arhitektom pri stranki doma o ureditvi vrta in izgradnji bazena.	2010-04	lastni posnetek	-	Ljubljana	storitev	nezasebni	osebni stik	Bm-udel-07137, Af-stra-02166, audience	643	678
Gos181	NNosljsods-lr0906022314.wav	Gos	Delovni sestanek učiteljic 4. in 5. razreda osnovne šole. Izpolnjevanje delovnega lista, povezanega z veščinami, ki naj bi jih otroci usvojili do konca osnovne šole. Razprava o kolesarskem izpitu in učbenikih za naslednje šolsko leto.	2009-06	lastni posnetek	-	Domžale	neformalni delovni sestanek	nezasebni	osebni stik	Af-udel-02552, Bf-udel-02553, Cf-udel-02554, Df-udel-02555, all, audience, Ef-udel-02556	811	882
Gos182	NNosljtrgo-az1003241254.wav	Gos	Pogovor med redno stranko in frizerko v frizerskem salonu.	2010-03	lastni posnetek	-	Ljubljana	storitev	nezasebni	osebni stik	Af-stra-02238, Bf-prod-02264, audience, all	530	595
Gos183	NNosljtrgo-mj0912192155.wav	Gos	Pogovor med tremi sodelavci v trgovini o svojem delu, prevzemanju izdelkov itd. Govorka ima veliko dela na računalniku, eden izmed govorcev je malo oddaljen in se pogovoru pridruži redkeje. Eden izmed govorcev pa med drugim kliče svojo nadrejeno, njenega moža in neko podjetje, kjer naroča izdelke.	2009-12	lastni posnetek	-	Kočevje	neformalni delovni sestanek	nezasebni	osebni stik	Sm-prod-00803, Pf-prod-00804, Gm-prod-00805, audience	444	560
Gos184	NNosljtrgo-mj0912202338.wav	Gos	Pogovor med tremi zaposlenimi v lovski in ribiški trgovini: o delu med prazniki, pošiljanju voščilnic poslovnim partnerjem, inventuri v začetku leta, dolgovih, strankah, krajah itd. Ker so vsi trije govorci zaposleni v družinskem podjetju, je veliko pogovora osebnega in ne povezanega s podjetjem.	2009-12	lastni posnetek	-	Kočevje	neformalni delovni sestanek	nezasebni	osebni stik	Jm-soro-00807, Gm-soro-00806, Mf-soro-00808, audience, all	814	882
Gos185	NNosljupra-az1006082214.wav	Gos	Govorilna ura v vrtcu, pogovor med mamo, vzgojiteljico in pomočnico vzgojiteljice.	2010-06	lastni posnetek	-	Vrhnika	formalni razgovor	nezasebni	osebni stik	Bf-udel-02322, Af-udel-02236, Cf-udel-02323, audience, all	433	439
Gos186	NNosmbakko-kk1001141025.wav	Gos	Konzultacija o diplomski nalogi iz prevajalstva med mentorjem in študentko.	2010-02	lastni posnetek	-	Maribor	konzultacija	nezasebni	osebni stik	Am-prof-05663, Bf-stud-05664, audience	383	387
Gos187	NNosmbakko-pv1001071030.wav	Gos	Pogovor študenta in profesorja na smeri računalništvo o temi seminarske naloge.	2010-01	lastni posnetek	-	Maribor	konzultacija	nezasebni	osebni stik	Mm-prof-01075, Rm-stud-01076	312	330
Gos188	NNosmbakko-sv1007050910.wav	Gos	Konzultacija na višji šoli med študentko in predavateljico pri predmetu jezikovne kulture.	2010-07	lastni posnetek	-	Maribor	konzultacija	nezasebni	osebni stik	Pf-prof-07533, Sf-stud-07532	195	209
Gos189	NNosmbakko-sv1007050918.wav	Gos	Konzultacija na višji šoli med študentko in predavateljico pri predmetu jezikovne kulture.	2010-07	lastni posnetek	-	Maribor	konzultacija	nezasebni	osebni stik	Pf-prof-07533, Sf-stud-07534, all, audience	302	363
Gos190	NNosmbcvst-bb1004191439.wav	Gos	Nakup rož za vrt in sobnih rož v cvetličarni.	2010-04	lastni posnetek	-	Ormož	prodaja/trgovina	nezasebni	osebni stik	Af-stra-02276, Bf-prod-02277, Cf-stra-02265	204	207
Gos191	NNosmbfist-sv1006161508.wav	Gos	Pogovor med pacientom in fizioterapevtko med fizioterapevtsko obravnavo.	2010-05	lastni posnetek	-	Brestrnica	storitev	nezasebni	osebni stik	Am-stra-02298, Bf-udel-02299	753	833
Gos192	NNosmbfrst-sv1006161441.wav	Gos	Pogovor med frizerjem, stranko, ki jo striže, in tretjo (stalno) stranko, ki je prisotna ob striženju.	2010-06	lastni posnetek	-	Maribor	storitev	nezasebni	osebni stik	Am-prod-02325, Bf-stra-02326, audience, Cf-stra-07534, all	605	628
Gos193	NNosmbfrst-sv1006161451.wav	Gos	Pogovor med frizerjem in strankami v frizerskem salonu.	2010-06	lastni posnetek	-	Maribor	storitev	nezasebni	osebni stik	Am-prod-02325, Bf-stra-02329, Cf-stra-07534, Df-stra-02330, Ef-stra-02326, audience, all, Yf-stra-00000	501	542
Gos194	NNosmbinst-bb1004191451.wav	Gos	Inštrukcije matematike, priprave na test.	2010-04	lastni posnetek	-	Maribor	storitev	nezasebni	osebni stik	Af-udel-02265, Bf-udel-02266, Cf-udel-02267	978	1039
Gos195	NNosmbpods-is1003311437.wav	Gos	Prva študija nove gledališke predstave.	2010-03	lastni posnetek	-	Maribor	neformalni delovni sestanek	nezasebni	osebni stik	Vm-nadr-01108, Ym-udel-00000, Yf-udel-00000, audience, If-vodj-01109, all, Pm-udel-01107, Mf-udel-01110	85	207
Gos196	NNosmbpods-sv1007301022.wav	Gos	Razgovor za delo v jezikovni šoli.	2010-07	lastni posnetek	-	Brestrnica	formalni razgovor	nezasebni	osebni stik	Vf-nadr-07537, Mm-udel-07538	138	180
Gos197	NNosmbstzb-sv1007301234.wav	Gos	Pogovor v zobozdravniški ordinaciji med pacientko, zobozdravnikom in asistentko.	2010-07	lastni posnetek	-	Maribor	storitev	nezasebni	osebni stik	Sf-paci-07534, Zm-zdra-07535, Af-udel-07536, audience, all	397	447
Gos198	NNosmbtrgo-sv1006291029.wav	Gos	Pogovor med stranko in prodajalcem v zlatarni.	2010-07	lastni posnetek	-	Maribor	prodaja/trgovina	nezasebni	osebni stik	Af-stra-05596, Bm-prod-05597, audience	504	553
Gos199	NNosmssods-jt1005201326.wav	Gos	Sestanek učiteljic v SŠ. Določanje terminov za projektne naloge, izbor tem nalog, elementi projektne naloge, kriteriji ocenjevanja nastopa dijaka ...	2010-05	lastni posnetek	-	Radenci	neformalni delovni sestanek	nezasebni	osebni stik	Af-udel-02327, Bf-udel-02328, all, audience	489	513
Gos200	NNtekrstpr-sv1007090856.wav	Gos	Telefonska promocija izdelka za lajšanje bolečin in dogovarjanje za termin predstavitve izdelka.	2010-07	lastni posnetek	-	Kranj, Maribor	prodaja/trgovina	nezasebni	telefon	Af-info-05596, Bm-klic-02237, audience, all	157	176
Gos201	NNtekrstsv-ak1007050857.wav	Gos	Učiteljica in vodja izobraževanja se pogovarjata o tekočih zadevah. Na začetku se oglasi še neka druga oseba.	2010-07	lastni posnetek	-	Ljubljana, Kranj	neformalni delovni sestanek	nezasebni	telefon	Bf-udel-05589, Af-klic-06567, Cf-vodj-05590, audience, all	150	157
Gos202	NNteljstpr-az1006091140.wav	Gos	Pogovor med stranko in uslužbenko ponudnika telekomunikacijskih storitev.	2010-06	lastni posnetek	-	Ljubljana, Maribor	prodaja/trgovina	nezasebni	telefon	Af-info-02320, Bm-stra-02321	102	110
Gos203	NNteljstpr-az1008311338.wav	Gos	Telefonski pogovor med uslužbenko v banki, ki posreduje informacije o ponudbi banke, in potencialnim komitentom.	2010-08	lastni posnetek	-	Ljubljana	informacije	nezasebni	telefon	Af-info-07192, Bm-klic-07193, all	150	160
Gos204	NNteljstsv-az1007061015.wav	Gos	Posredovanje informacij o turističnih aktivnostih.	2010-07	lastni posnetek	-	Ljubljana, Kostanjevica na Krki	informacije	nezasebni	telefon	Af-stra-02233, Bf-info-02319	156	157
Gos205	NNteljstsv-az1007121324.wav	Gos	Svetovanje o lokalni turistični ponudbi, pogovor med informatorko v turističnem informativnem centru in klicalko.	2010-07	lastni posnetek	-	Ljubljana, Štanjel	informacije	nezasebni	telefon	Af-info-02324, all, Bf-stra-02233	214	219
Gos206	NNteljstsv-az1008061059.wav	Gos	Telefonsko svetovanje o energetsko varčni gradnji.	2010-08	lastni posnetek	-	Ljubljana, Ljutomer	svetovanje	nezasebni	telefon	Vm-prod-07539, Sm-klic-02321, audience, all	258	347
Gos207	NNteljstsv-az1009301349.wav	Gos	Telefonski pogovor med tajnico fakultetnega oddelka in predavateljem o izpitnem roku.	2010-09	lastni posnetek	-	Ljubljana	tajništvo	nezasebni	telefon	Af-urad-02353, Bm-pred-02354, audience	38	38
Gos208	NNteljstsv-az1009301356.wav	Gos	Kratek telefonski pogovor med tajnico fakultetnega oddelka in predavateljem na oddelku.	2010-09	lastni posnetek	-	Ljubljana	tajništvo	nezasebni	telefon	Af-urad-02353, Bm-pred-01107, audience	89	91
Gos209	NNteljstsv-np1007061052.wav	Gos	Turistično agencijo pokliče dekle, ki potuje v Izrael in želi pridobiti podatke o potovanju.	2010-07	lastni posnetek	-	Ljubljana	informacije	nezasebni	telefon	Am-info-05594, Bf-klic-05595, audience, all	274	294
Gos210	NNtembstpr-bb1005121510.wav	Gos	Telefonski pogovor med stranko in informatorjem v klicnem centru podjetja, ki trži telekomunikacijske storitve.	2010-05	lastni posnetek	-	Maribor	informacije	nezasebni	telefon	Af-prod-02278, Bf-stra-02265	57	60
Gos211	NNtembstpr-bb1005121513.wav	Gos	Telefonski pogovor med stranko in informatorjem v klicnem centru podjetja, ki trži telekomunikacijske storitve.	2010-05	lastni posnetek	-	Maribor	informacije	nezasebni	telefon	Af-prod-02279, Bf-stra-02265	64	66
Gos212	NNtembstpr-jt1005070948.wav	Gos	Telefonski pogovor med stranko in informatorjem v klicnem centru podjetja, ki trži telekomunikacijske storitve.	2010-08	lastni posnetek	-	Maribor	informacije	nezasebni	telefon	Af-info-02265, Bm-klic-05614	183	209
Gos213	NNtembstpr-rd1004211451.wav	Gos	Predstavitev in prodaja prehrambenih izdelkov.	2010-04	lastni posnetek	-	Maribor	prodaja/trgovina	nezasebni	telefon	Am-stra-02270, Bm-prod-02271, audience	145	153
Gos214	NNtembstpr-rd1005041400.wav	Gos	Telefonski pogovor med kupcem in prodajalcem v kolesarski trgovini.	2010-05	lastni posnetek	-	Maribor	prodaja/trgovina	nezasebni	telefon	Am-prod-02274, Bm-stra-02275	192	195
Gos215	NNtembstpr-rd1005070943.wav	Gos	Telefonski pogovor med stranko in prodajalcem v kolesarski trgovini.	2010-05	lastni posnetek	-	Maribor	prodaja/trgovina	nezasebni	telefon	Am-prod-02272, Bf-stra-02273	36	36
Gos216	NNtembstsv-rd1004211506.wav	Gos	Svetovanje glede energetsko varčne gradnje.	2010-04	lastni posnetek	-	Maribor	svetovanje	nezasebni	telefon	Am-stra-02275, Bm-prod-02283, audience	587	644
Gos217	NZosavdodr-er1002161011.wav	Gos	Pogovor na predvečer debelega četrtka v pustnem času. Teme so različne in se neprestano menjujejo, npr. pluženje snega, praznovanje debelega četrtka, vinjete itd.	2010-02	lastni posnetek	-	Sele-Kot	doma, družina	zasebni	osebni stik	Pm-soro-10004, Ef-soro-10003, Jf-star-10005, audience, Bf-ssta-10002, all, Tm-star-10006	857	873
Gos218	NZosavdodr-er1002161043.wav	Gos	Pogovor med babico, vnukinjo in pravnukinjo ob preživljanju prostega dopoldneva. Teme so barvanje slikanice, različni pripetljaji, računanje ...	2010-02	lastni posnetek	-	Sele-Kot	doma, družina	zasebni	osebni stik	Jf-otro-10001, Ef-soro-10003, audience, Bf-ssta-10002, all	931	943
Gos219	NZoscedodr-ms0908251830.wav	Gos	Pogovor predvsem o temah, povezanih z življenjem na podeželju - stroji, pridelki, kuhanje...	2009-08	lastni posnetek	-	Žiče	doma, družina	zasebni	osebni stik	Am-soro-02104, Cm-star-02106, Bm-otro-02105, Df-soro-02107, audience, all	908	970
Gos220	NZosgododr-ag0907121630.wav	Gos	Družinski pogovor ob kavici.	2009-09	lastni posnetek	-	Lože Vipava	doma, družina	zasebni	osebni stik	Af-star-05611, Bm-star-05612, Cf-otro-05613, Df-otro-05614, all	183	201
Gos221	NZosgododr-kk0904131700.wav	Gos	Pogovor v družini o aktualnih zadevah - velikonočni prazniki, dogajanje v družini...	2009-07	lastni posnetek	-	Ajdovščina	doma, družina	zasebni	osebni stik	Am-star-05559, Bf-otro-05560, Cf-star-05561, Df-otro-05562, audience, all	320	339
Gos222	NZositdopr-jm0910281306.wav	Gos	Pogovor med dvema prijateljicama o stanodajalcih in drugih dogodkih.	2009-12	lastni posnetek	-	Ljubljana	doma, prijatelji	zasebni	osebni stik	Jf-prij-01612, Mf-prij-01630, audience, all	422	489
Gos223	NZositdopr-jm1003141600.wav	Gos	Pogovor treh prijateljic.	2010-07	lastni posnetek	-	Trst	doma, prijatelji	zasebni	osebni stik	Af-prij-05585, Cf-prij-05587, Bf-prij-05586, all, audience	868	1032
Gos224	NZoskkdodr-lu1007301428.wav	Gos	Pogovor med starejšima prijateljicama o cerkvi, opravilih, živini, zdravju ...	2010-07	lastni posnetek	-	Žurkov Dol	doma, prijatelji	zasebni	osebni stik	Af-prij-07190, Bf-prij-07191, audience, all	581	645
Gos225	NZoskkdopr-lu1007301412.wav	Gos	Pogovor med mlajšimi prijatelji o športnih stavah, pokru, avtošoli ipd.	2010-07	lastni posnetek	-	Sevnica	doma, prijatelji	zasebni	osebni stik	Am-prij-02345, Bm-prij-02346, Cm-prij-02347, Dm-prij-02348, Gm-prij-02351, Em-prij-02349, Fm-prij-02350, Ym-prij-00000, Hf-prij-02352, audience, all	1055	1092
Gos226	NZoskkdopr-np0912021058.wav	Gos	Obisk pri sosedih in pogovori o vsakdanjih stvareh.	2009-12	lastni posnetek	-	Vihre	doma, prijatelji	zasebni	osebni stik	Am-star-02240, Bf-star-02241, Cf-otro-02242, audience, Df-otro-02243, Em-prij-02244, all	784	789
Gos227	NZoskpzudr-ag0907121500.wav	Gos	Družinsko kosilo in druženje s sorodniki; splošni pogovor, obujanje spominov ipd.	2009-10	lastni posnetek	-	Stomaž pri Sežani	zunaj doma, družina	zasebni	osebni stik	Af-soro-05615, Bf-soro-05616, Cf-soro-05611, audience, Dm-soro-05617, Ef-soro-05613, Ff-soro-05614, Gf-soro-05618, all, Hm-soro-05619	322	338
Gos228	NZoskpzupr-np0911041757.wav	Gos	Pogovor v baru med sodelavci med odmorom za malico.	2009-12	lastni posnetek	-	Koper	zunaj doma, prijatelji	zasebni	osebni stik	Kf-sode-01615, Tf-sode-01617, all, If-sode-01616, audience, Rm-sode-01614, Sf-sode-01618	162	179
Gos229	NZoskrdodr-ak0904251100.wav	Gos	Vsakotedenski pogovar vnukinje na obisku pri babici o trenutnih dogodkih, dogodkih iz preteklosti...	2009-04	lastni posnetek	-	Tržič	doma, družina	zasebni	osebni stik	Ef-ssta-06566, Lf-otro-06567, audience, all	417	510
Gos230	NZoskrdodr-ak0904302200.wav	Gos	Hči pripoveduje materi o filmu, ki ga je gledala, dogodkih, ki so se zgodili čez vikend...	2009-04	lastni posnetek	-	Tržič	doma, družina	zasebni	osebni stik	Cf-star-06564, If-otro-06565, audience, all	286	330
Gos231	NZoskrdodr-pk1003311355.wav	Gos	Pogovor med materjo in hčerko o vnukinji in vsakdanjih stvareh.	2010-07	lastni posnetek	-	Kranj	doma, družina	zasebni	osebni stik	Af-star-05582, Bf-otro-05583, all, audience, Cf-soro-05584	348	412
Gos232	NZoskrdopr-ab0906231945.wav	Gos	Pogovor med sestrama o študiju, plesu, koncertih.	2009-10	lastni posnetek	-	Čirče	doma, prijatelji	zasebni	osebni stik	Pf-udel-03012, Mf-udel-03013, audience, all	476	547
Gos233	NZosljdodr-ab0907091515.wav	Gos	Pogovor med sinom in staršema o urejanju vrta, nakupu novih zvočnikov in vzdrževanju računalniške opreme.	2009-10	lastni posnetek	-	Valburga	doma, družina	zasebni	osebni stik	Bm-star-03014, Df-star-03015, Tm-otro-03016, all, audience	498	616
Gos234	NZosljdodr-ak1003221205.wav	Gos	Mož in žena se pogovarjata o preživetem dnevu, preživljanju vikenda, načrtih za bližnjo prihodnost, sorodnikih ...	2010-03	lastni posnetek	-	Ljubljana	doma, družina	zasebni	osebni stik	Bf-soro-07139, Am-soro-07138, audience, all	344	405
Gos235	NZosljdodr-bo0910211650.wav	Gos	Pogovor ob kavi med svakinjama in možem ene od njiju o vsakdanjih dogodkih doma in v službi, o otrocih, izletih, nabiranju gob, domačih živalih itd.	2010-07	lastni posnetek	-	Ljubljana	doma, družina	zasebni	osebni stik	Tf-soro-09519, Mf-soro-09520, audience, all, Zm-soro-09521	611	651
Gos236	NZosljdodr-lr0906022207.wav	Gos	Družinsko srečanje, praznovanje uspešno opravljenega strokovnega izpita članice družine. Teme so prihajajoč dopust, anekdote s potovanja dveh članov družine, zgodbe, ki so se pripetile prijateljem, ter o potovanjih in izkušnjah s turističnimi agencijami nasploh.	2009-05	lastni posnetek	-	Vrhpolje pri Moravčah	doma, družina	zasebni	osebni stik	Bm-star-02560, Af-otro-02559, Em-prij-02563, Cf-star-02561, Df-otro-02562, all, audience	904	1048
Gos237	NZosljdodr-mj0912202305.wav	Gos	Pogovor med starejšima osebama o otroštvu, vojni, revščini itd.	2009-12	lastni posnetek	-	Potok pri Kočevju	doma, družina	zasebni	osebni stik	Mf-ssta-00801, Tm-ssta-00802, audience	102	177
Gos238	NZosljdodr-np0908221050.wav	Gos	Pogovor dveh zakoncev o vsakdanjiku, delu na vrtu...	2009-08	lastni posnetek	-	Zaplana	doma, družina	zasebni	osebni stik	Af-star-00525, Bm-star-00526, audience, all	536	569
Gos239	NZosljdopr-at0909152030.wav	Gos	Prijatelja se pogovarjata o težavah domačega zdravstva in obujata spomine na potovanje po Španiji.	2009-09	lastni posnetek	-	Ljubljana	doma, prijatelji	zasebni	osebni stik	Pm-prij-06568, Om-prij-06569, audience, all	620	686
Gos240	NZosljdopr-bo0908141215.wav	Gos	Pogovor o kmečkih opravilih (pobiranje krompirja, košnja trave itd.), raznih dogodkih, hrani, znancih in njihovem življenju, življenjskih modrostih ...	2009-08	lastni posnetek	-	Ivančna Gorica	doma, prijatelji	zasebni	osebni stik	Mm-prij-09501, Pm-prij-09502, Om-prij-09503, all, Hm-prij-09504, audience	884	915
Gos241	NZosljdopr-bo0910181640.wav	Gos	Pogovor med prijateljema iz najstniških let in mamo enega izmed njiju. Večinoma o glasbi, delu in fakulteti. Eden izmed udeležencev se je razgovoril o morebitni temi diplomske naloge, elektrotehniki, robotiki, veliko so govorili o računalnikih in tehnologiji.	2010-07	lastni posnetek	-	Ivančna Gorica	doma, prijatelji	zasebni	osebni stik	Df-prij-09522, Vm-prij-09524, Bm-prij-09523, all, audience	393	536
Gos242	NZosljdopr-bo0910212030.wav	Gos	Ponovno srečanje po dolgem času - trije govorci so se poznali že od prej, medtem ko je četrta oseba poznala le eno. Tema: glasba, koncerti, pripovedovanje raznih pripetljajev, obujanje spominov in razmišljanje o stvareh, ki se bodo šele zgodile.	2009-10	lastni posnetek	-	Ljubljana	doma, prijatelji	zasebni	osebni stik	Mm-prij-09509, Pm-prij-09508, Bf-prij-09525, Tf-prij-09510, audience, all	661	711
Gos243	NZosljzupr-bo0910192226.wav	Gos	Pogovor treh članov alternativne glasbene skupine po vaji, teme se večinoma vrtijo okoli glasbe, dogajanja med vikendom in načrtov za prihodnje dni.	2010-03	lastni posnetek	-	Lavrica	zunaj doma, prijatelji	zasebni	osebni stik	Am-prij-09505, Pm-prij-09506, Mm-prij-09507, audience, all	454	535
Gos244	NZosljzupr-bo0910221200.wav	Gos	Pogovor dveh prijateljev in sošolcev, ki študirata v Ljubljani, večinoma o filozofiji, fakultetni politiki in računalniških igricah.	2010-07	lastni posnetek	-	Ljubljana	zunaj doma, prijatelji	zasebni	osebni stik	Sm-prij-09517, Mm-prij-09518, audience, all	499	654
Gos245	NZosljzupr-lr0906031349.wav	Gos	Srečanje dveh prijateljev s fakultete. Pogovor se večinoma nanaša na študijske obveznosti, pa tudi glasbo, vlogo medijev v današnjem času ter kritiko ljudi, ki medijem brezpogojno zaupajo.	2009-06	lastni posnetek	-	Ljubljana	zunaj doma, prijatelji	zasebni	osebni stik	Am-prij-02557, Bm-prij-02558, audience, all	783	979
Gos246	NZosmbdodr-mo0911021528.wav	Gos	Tast in zet se ob kavi pogovarjata o gradnji hiše, službenih temah itd.	2009-12	lastni posnetek	-	Šentilj	doma, družina	zasebni	osebni stik	Mm-star-07523, Am-soro-07522, audience, all	724	746
Gos247	NZosmbdodr-mo0911021552.wav	Gos	Mati in hči se ob kavi pogovarjata o gradnji hiše, službi, sanjah itd.	2010-02	lastni posnetek	-	Šentilj	doma, družina	zasebni	osebni stik	Df-star-07526, Pf-otro-07527, audience, all	559	657
Gos248	NZosmbdodr-mo0911232226.wav	Gos	Babica in vnukinja se pogovarjata o prostovoljnem delu pri evropskem projektu, nogometu itd.	2009-12	lastni posnetek	-	Šentilj	doma, družina	zasebni	osebni stik	Mf-drug-07525, Bf-ssta-07524, audience	397	412
Gos249	NZosmbdodr-rd1005060903.wav	Gos	Oče pripoveduje svoji hčerki spomine iz šole ipd.	2010-05	lastni posnetek	-	Maribor	doma, družina	zasebni	osebni stik	Am-star-02268, Bf-otro-02269, all, audience	298	362
Gos250	NZosmbzudr-pv0908262121.wav	Gos	Pogovor pri kosilu, teme so zelo različne: družinsko življenje, kozmetika, šola...	2009-11	lastni posnetek	-	Maribor	zunaj doma, družina	zasebni	osebni stik	Bf-ssta-07520, Pf-vrst-07519, Dm-ssta-07521, audience, all	646	717
Gos251	NZosmbzupr-mo0910301111.wav	Gos	Vsi govorci igrajo v glasbeni skupini, pogovor je potekal pred vajami. Teme: glasba, služba, nogomet ...	2009-10	lastni posnetek	-	Ceršak	zunaj doma, prijatelji	zasebni	osebni stik	Om-prij-07528, Vm-prij-07529, Sm-prij-07530, Mm-prij-07531, all, audience	476	536
Gos252	NZosmbzupr-pv0908181918.wav	Gos	Pogovor pri večerji o konjih, reji, prijateljih...	2009-11	lastni posnetek	-	Lenart	zunaj doma, prijatelji	zasebni	osebni stik	Af-vrst-07522, audience, Pf-vrst-07519, Am-vrst-07523, all, Yf-vrst-00000	521	630
Gos253	NZosmbzupr-rd1003301557.wav	Gos	Prijatelji v kampu ob morju se pogovarjajo o zdravstvu, spominih iz jugoslovanske vojske ipd.	2010-03	lastni posnetek	-	Novigrad	zunaj doma, prijatelji	zasebni	osebni stik	Am-prij-02280, Bm-prij-02281, Cm-prij-02282, audience, all	525	572
Gos254	NZosmsstdo-jt0907061638.wav	Gos	Prijatelji, ki se družijo že vrsto let, v študentskem domu. Pogovor o osebnih lastnostih govorcev, prijateljih, družini, aktualnih dogodkih, izvajanju študijskih predmetov ...	2009-07	lastni posnetek	-	Maribor	zunaj doma, prijatelji	zasebni	osebni stik	If-prij-06008, Dm-prij-06009, Mm-prij-06007, audience, all, Jm-prij-05614	1192	1249
Gos255	NZosmszudr-jt0907061634.wav	Gos	Pogovor o poteku žetve nekoč, življenju kmetov in bližnjih sorodnikov, dogodkih iz otroških let ...	2009-07	lastni posnetek	-	Gornja Radgona	zunaj doma, družina	zasebni	osebni stik	Sm-soro-10523, Tf-soro-10524, Jm-soro-05614, all, audience	617	663
Gos256	NZosnmdmso-tp0911282110.wav	Gos	Pogovor med sodelavkama o službi, recesiji itd.	2009-12	lastni posnetek	-	Metlika	delovno mesto, sodelavci	zasebni	osebni stik	Bf-sode-07099, Af-sode-07098, audience, all	681	723
Gos257	NZosnmdopr-jg0909141900.wav	Gos	Pogovor družinske prijateljice s starši o smučarskih počitnicah.	2009-10	lastni posnetek	-	Novo mesto	doma, prijatelji	zasebni	osebni stik	Af-prij-07149, Bm-prij-07150, Cf-prij-07151, audience, all	473	543
Gos258	NZosnmdopr-jg0909201830.wav	Gos	Pogovor dveh prijateljev o najrazličnejših temah (delo, glasba, košarka, rekreacija, punce, starši ipd.).	2009-10	lastni posnetek	-	Novo mesto	doma, prijatelji	zasebni	osebni stik	Am-prij-07167, Bm-prij-07168, audience, all	511	560
Gos259	NZosnndopr-ak0909102300.wav	Gos	Prijatelja, po rodu Srba, ki živita in delata v Sloveniji, se pogovarjata o različnih aktualnih stvareh, slovenščini itd.	2009-07	lastni posnetek	-	Ljubljana	doma, prijatelji	zasebni	osebni stik	Dm-prij-06581, Im-prij-06580, all, audience	411	445
Gos260	NZosnndopr-dp1009031512.wav	Gos	Pogovor med znancema, študentom in tujko, ki dalj časa živi v Sloveniji.	2010-09	lastni posnetek	-	Maribor	doma, prijatelji	zasebni	osebni stik	Dm-znan-07550, Cf-znan-07540, all, audience	595	689
Gos261	NZosnnzupr-sv1008201003.wav	Gos	Pogovor v kavarni med tujko in domačinko, ki se prvič srečata ob tem pogovoru, o vtisih in življenju tujke.	2010-08	lastni posnetek	-	Maribor	zunaj doma, prijatelji	zasebni	osebni stik	Sf-znan-07534, Tf-znan-07540, audience, all	178	187
Gos262	NZospodopr-np0904280935.wav	Gos	Študentki, prijateljici in sosedi klepetata o svojem vsakdanjiku.	2009-04	lastni posnetek	-	Postojna	doma, prijatelji	zasebni	osebni stik	Af-prij-00507, Bf-prij-00508, all, audience	307	368
Gos263	NZossgdodr-am1003212116.wav	Gos	Mati in sin, ki jo je obiskal, se pogovarjata o osebnih situacijah, sorodnikih, znancih, dogodkih zadnjih dni ...	2010-03	lastni posnetek	-	Podgorje pri Slovenj Gradcu	doma, družina	zasebni	osebni stik	Af-star-01083, Mm-otro-01079, all, audience	340	441
Gos264	NZossgdopr-am1003151543.wav	Gos	Pogovor prijateljev o bližajočem se srečanju pevskih zborov ter o dogodkih iz življenja zborov.	2010-03	lastni posnetek	-	Slovenj Gradec	doma, prijatelji	zasebni	osebni stik	Tm-prij-01081, Bf-prij-01082, audience	262	282
Gos265	NZossgdopr-am1003161108.wav	Gos	Pogovor dveh prijateljev o zanju aktualnih temah (novem psu, načrtovanju izleta, razmerah v pevskem zboru, njunih skupnih znancih itd.).	2010-03	lastni posnetek	-	Slovenj Gradec	doma, prijatelji	zasebni	osebni stik	Mm-prij-01079, Im-prij-01080, audience	276	296
Gos266	NZossgdopr-am1003161112.wav	Gos	Novomašnik s prijateljico obišče starejšo gospo. Ob tem steče pogovor o stvareh, ki jih povezujejo: molitvi, skupnih znancih, načrtih ...	2010-03	lastni posnetek	-	Slovenj Gradec	doma, prijatelji	zasebni	osebni stik	Dm-prij-01099, Mf-prij-01101, Af-prij-01100, audience, all	347	400
Gos267	NZossgdopr-am1003202009.wav	Gos	Prijateljica predstavi kolegu vsebino knjige, ki mu jo priporoča v branje. Pogovor začneta z izražanjem mnenja o Korošcih kot govorcih, nato se pogovarjata o knjigi, stresu ...	2010-03	lastni posnetek	-	Slovenj Gradec	doma, prijatelji	zasebni	osebni stik	Mf-prij-01077, Dm-prij-01078, audience	50	55
Gos268	NZteceprij-im0906301216.wav	Gos	Pogovor med prijateljicama o ocenah izpitov, delu ...	2009-07	lastni posnetek	-	Polzela Ljubljana	klic prijatelju	zasebni	telefon	Vf-prij-06002, Tf-prij-06001, audience, all	507	623
Gos269	NZteceprij-im0906301218.wav	Gos	Pogovor med prijateljema o delu, načrtih za večer, o prejšnji noči ...	2009-07	lastni posnetek	-	Podčetrtek	klic prijatelju	zasebni	telefon	Am-prij-02168, Bm-prij-02169, audience, all	142	151
Gos270	NZteceprij-im0906301220.wav	Gos	Pogovor med prijateljema o delu, načrtih, življenju ...	2009-07	lastni posnetek	-	Podčetrtek	klic prijatelju	zasebni	telefon	Bm-prij-02169, Am-prij-02168, all, audience	270	277
Gos271	NZteceprij-ms0907301634.wav	Gos	Telefonski pogovor s prijateljico, predvsem z namenom dogovoriti se, kdaj in kje se bosta srečali.	2009-08	lastni posnetek	-	Žiče	klic prijatelju	zasebni	telefon	Af-prij-02102, Bf-prij-02103, audience, all	110	114
Gos272	NZteceprij-ms0907301853.wav	Gos	Telefonski pogovor med prijateljicama o organiziranju druženja oziroma zabave.	2009-08	lastni posnetek	-	Žiče	klic prijatelju	zasebni	telefon	Af-prij-02108, Bf-prij-02102, audience, all	79	94
Gos273	NZteceprij-ms0907301938.wav	Gos	Telefonski pogovor med prijateljicama o različnih stvareh, največ o potovanju, s katerega se je ena pred kratkim vrnila.	2009-08	lastni posnetek	-	Žiče	klic prijatelju	zasebni	telefon	Af-prij-02101, Bf-prij-02102, all, audience	612	637
Gos274	NZtecesoro-im0906301214.wav	Gos	Pogovor med bratom in sestro o tem, kar se je dogajalo tisti dan.	2009-07	lastni posnetek	-	Polzela Ljubljana	klic sorodniku	zasebni	telefon	Af-soro-02170, Bm-soro-02171, audience	198	202
Gos275	NZtegoprij-kk0905221951.wav	Gos	Pogovor med prijateljicama. Teme: vnetje mehurja, poletne počitnice, študentska izmenjava.	2009-06	lastni posnetek	-	Ajdovščina	klic prijatelju	zasebni	telefon	Af-prij-05515, Bf-prij-05516	197	210
Gos276	NZtegoprij-kk1003061818.wav	Gos	Pogovor med prijateljema o mobilni telefoniji, lokostrelstvu in planinarjenju.	2010-03	lastni posnetek	-	Ajdovščina	klic prijatelju	zasebni	telefon	Bm-prij-05577, Am-prij-05576	183	183
Gos277	NZteljprij-at1001242200.wav	Gos	Prijatelja se po telefonu pogovarjata in šalita o življenju.	2010-01	lastni posnetek	-	Ljubljana	klic prijatelju	zasebni	telefon	Pm-prij-06582, Tm-prij-06583, audience, all	729	813
Gos278	NZteljprij-bo1001181400.wav	Gos	Pogovor med sošolkama o tem, kaj počneta zadnje čase, o glasbi, smučanju, načrtih za bližnjo prihodnost.	2010-07	lastni posnetek	-	Ljubljana	klic prijatelju	zasebni	telefon	Bf-prij-09525, Df-prij-09526, audience, all	548	637
Gos279	NZteljprij-bo1001202100.wav	Gos	Pogovor med sosedoma. Vsakdanje teme: kam bodo šli ven čez vikend, šolske zadeve, o smučanju, sošolkah, učenju, načrtih za večer.	2010-07	lastni posnetek	-	Ljubljana	klic prijatelju	zasebni	telefon	Lm-prij-09515, Sm-prij-09516, audience	257	282
Gos280	NZteljsoro-bo0910042000.wav	Gos	Pogovor med sestrama o dogajanju v vsakdanjem življenju: kaj se je zgodilo čez dan/med tednom, o družini in ljudeh v njuni okolici.	2010-07	lastni posnetek	-	Mekinje nad Stično	klic sorodniku	zasebni	telefon	Af-soro-09512, Mf-soro-09513, all, audience	864	894
Gos281	NZteljsoro-mj1004062313.wav	Gos	Pogovor med bratrancema o aktualnih zadevah v družini in lokalni skupnosti - npr. težave s pridobitvijo interneta itd.	2010-04	lastni posnetek	-	Ljubljana	zunaj doma, družina	zasebni	telefon	Mm-soro-00809, Jm-soro-00810, all, audience	542	730
Gos282	NZtembprij-is0905042048.wav	Gos	Pogovor med prijateljicama o vsakdanjih rečeh (ribe, rože, garderoba ...).	2009-05	lastni posnetek	-	Lovrenc na Pohorju	doma, prijatelji	zasebni	telefon	If-prij-01073, Uf-prij-01074, all, audience	472	486
Gos283	NZtemsprij-jt0904290221.wav	Gos	Pogovor med prijateljema o opravljanju prakse v osnovni šoli, vrememu, študentskem življenju, učiteljih in šolskem sistemu.	2009-04	lastni posnetek	-	Maribor	klic prijatelju	zasebni	telefon	Nm-prij-06006, Mm-prij-06005, all, audience	603	638
Gos284	NZtemssoro-jt0904290045.wav	Gos	Telefonski pogovor med starejšima osebama o bolezni psa, velikonočnih jedeh, delu na vrtu, finančni krizi, znancih in prijateljih.	2009-04	lastni posnetek	-	Paričjak Gradišče	doma, družina	zasebni	telefon	Mf-otro-06004, Zf-star-06003, audience	212	266
Gos285	NZtenmprij-tp1002082041.wav	Gos	Pogovor med fantom in dekletom: načrti za kino, pogovor o šoli, maturi, vremenu, poklicih.	2010-02	lastni posnetek	-	Stranska vas	klic prijatelju	zasebni	telefon	Am-prij-07100, Bf-prij-07101, all, audience	767	901
Gos286	NZtenmprij-tp1002082044.wav	Gos	Pogovor med prijateljema o študiju, kolegih, hobijih, delu.	2010-02	lastni posnetek	-	Ljubljana	klic prijatelju	zasebni	telefon	Am-prij-07102, Bm-prij-07103, all, audience	571	685
Gos287	NZtesgprij-is0905111918.wav	Gos	Pogovor med parom o aktualnih stvareh in planiranju počitnic.	2009-05	lastni posnetek	-	Lovrenc na Pohorju	klic prijatelju	zasebni	telefon	Bm-prij-01072, Bf-prij-01071, audience, all	634	656
GosVL01_pravo	GosVL01_pravo.wav	GosVL	Kriza refleksije prava	2013-02	VideoLectures.NET	http://videolectures.net/outofthebox_flander_kriza_prava/	Maribor	javno predavanje, pravo	informativno-izobraževalni	osebni stik	Bm-vl007	5	203
GosVL02_kleme	GosVL02_kleme.wav	GosVL	Monografija o kiparju Francescu Robbi	2014-12	VideoLectures.NET	http://videolectures.net/odlicnivznanosti2013_klemencic_monografija/	Ljubljana	javno predavanje, kiparstvo	informativno-izobraževalni	osebni stik	Cm-vl008	20	67
GosVL03_medit	GosVL03_medit.wav	GosVL	Meditacija - razum izven škatle	2012-10	VideoLectures.NET	http://videolectures.net/outofthebox_skoberne_meditacija/	Maribor	javno predavanje, meditacija	informativno-izobraževalni	osebni stik	Dm-vl009	11	121
GosVL04_fitot	GosVL04_fitot.wav	GosVL	Sodobna fitoterapija…	2014-09	VideoLectures.NET	http://videolectures.net/odlicnivznanosti2013_kreft_sodobna_fitoterapija/	Ljubljana	javno predavanje, fitoterapija	informativno-izobraževalni	osebni stik	Em-vl010, GosVL04_fitot-audience	2	58
GosVL05_zsrce	GosVL05_zsrce.wav	GosVL	Nenaden zastoj srca izven bolnišnice…	2015-11	VideoLectures.NET	http://videolectures.net/odlicnivznanosti2015_noc_zastoj_srca/	Ljubljana	javno predavanje, zastoj srca	informativno-izobraževalni	osebni stik	Gf-vl012, Hm-vl013	23	67
GosVL06_kzcoi	GosVL06_kzcoi.wav	GosVL	Kako živčna celica obdeluje informacije	2010-10	VideoLectures.NET	http://videolectures.net/bzid2010_zupancic_kzcoi/	Ljubljana	javno predavanje, celice	informativno-izobraževalni	osebni stik	Jm-vl015, Im-vl014, GosVL06_kzcoi-audience	24	205
GosVL07_kungf	GosVL07_kungf.wav	GosVL	Spletni kung-fu, nekaj malega o varnosti…	2012-03	VideoLectures.NET	http://videolectures.net/rtk2012_krevl_kungfu/	Ljubljana	javno predavanje, spletna varnost	informativno-izobraževalni	osebni stik	Om-vl020, Pm-vl021, GosVL07_kungf-audience	219	524
GosVL08_droge	GosVL08_droge.wav	GosVL	Možgani: Droge in duševne motnje	2010-01	VideoLectures.NET	http://videolectures.net/tedx2010_lovrecic_droge/	Maribor	javno predavanje, droge	informativno-izobraževalni	osebni stik	Kf-vl016	25	127
GosVL09_ocean	GosVL09_ocean.wav	GosVL	Morja in oceani…	2013-09	VideoLectures.NET	http://videolectures.net/pms2013_brecko_grubar_morja_oceani/	Ljubljana	javno predavanje, oceani	informativno-izobraževalni	osebni stik	Lf-vl017	44	274
GosVL10_partn	GosVL10_partn.wav	GosVL	Izbira spolnega in/ali življenjskega partnerja…	2015-01	VideoLectures.NET	http://videolectures.net/pms2015_fiser_kralj_izbira_partnerja/	Ljubljana	javno predavanje, partnerstvo	informativno-izobraževalni	osebni stik	Af-vl001, GosVL10_partn-audience, Xm-vl002, Xm-vl003, Xf-vl004, Xm-vl005, Xf-vl006	79	266
GosVL11_lhise	GosVL11_lhise.wav	GosVL	Energijsko učinkovite leseno-steklene hiše	2014-11	VideoLectures.NET	http://videolectures.net/odlicnivznanosti2013_premrov_zegarac_leskovar_hise/	Ljubljana	javno predavanje, hiše	informativno-izobraževalni	osebni stik	Mf-vl018, Nm-vl019	6	86
GosVL12_cujec	GosVL12_cujec.wav	GosVL	Čuječnost tukaj in zdaj	2016-02	VideoLectures.NET	http://videolectures.net/pozitivnapsihologija_postuvan_cujecnost/	Ljubljana	javno predavanje, čuječnost	informativno-izobraževalni	osebni stik	Pf-vl020, GosVL12_cujec-audience	124	486
GosVL13_menin	GosVL13_menin.wav	GosVL	Klopni meningoencefalitis	2015-03	VideoLectures.NET	http://videolectures.net/tedenmozganov2015_martincic_meningoencefalitis/	Ljubljana	javno predavanje, meningoencefalitis	informativno-izobraževalni	osebni stik	Rm-vl021	19	212
GosVL14_karci	GosVL14_karci.wav	GosVL	Zdravljenje neoperabilnega ploščatoceličnega …	2014-10	VideoLectures.NET	http://videolectures.net/odlicnivznanosti2013_strojan_karcinom_glave/	Ljubljana	javno predavanje, karcinom	informativno-izobraževalni	osebni stik	Sm-vl022	12	135
GosVL15_celia	GosVL15_celia.wav	GosVL	Incidenca celiakije v zdravi študentski populaciji…	2014-01	VideoLectures.NET	http://videolectures.net/smrk2014_beric_cencic_celiaklija/	Maribor	javno predavanje, celiakija	informativno-izobraževalni	osebni stik	Tm-vl024, Uf-vl025, Xm-vl666, Yf-vl025, GosVL15_celia-audience, Yf-vl222	66	153
GosVL16_stara	GosVL16_stara.wav	GosVL	Družbeni vidiki zdravja in staranja	2007-10	VideoLectures.NET	http://videolectures.net/bzid07_lakota_dvzs/	Ljubljana	javno predavanje, staranje	informativno-izobraževalni	osebni stik	Vf-vl026, Ym-vl444, GosVL16_stara-audience, Yf-vl333, Ym-vl765	29	214
GosVL17_inten	GosVL17_inten.wav	GosVL	Računsko intenzivne metode in aplikacije	2014-12	VideoLectures.NET	http://videolectures.net/odlicnivznanosti2013_bauer_intenzivne_metode/	Ljubljana	javno predavanje, računske metode	informativno-izobraževalni	osebni stik	Zm-vl027, GosVL17_inten-audience	6	112
GosVL18_aritm	GosVL18_aritm.wav	GosVL	Aritmetika oblik: skriti vzorci v oblakih točk	2013-02	VideoLectures.NET	http://videolectures.net/outofthebox_mongus_aritmetika_oblik/	Maribor	javno predavanje, matematična morfologija	informativno-izobraževalni	osebni stik	Hm-vl707	23	148
GosVL19_pujsk	GosVL19_pujsk.wav	GosVL	Urejen vrvež novorojenih pujskov pri seskih	2015-12	VideoLectures.NET	http://videolectures.net/odlicnivznanosti2015_skok_novorojeni_pujski/	Ljubljana	javno predavanje, pujski	informativno-izobraževalni	osebni stik	Yf-vl090, Gm-vl706, GosVL19_pujsk-audience	16	91
GosVL20_zumer	GosVL20_zumer.wav	GosVL	Ograjene in koloidne modre faze ter skirimioni	2013-03	VideoLectures.NET	http://videolectures.net/znanstveni_dosezki2011_zumer_faze/	Ljubljana	javno predavanje, tekočekristalne modre faze	informativno-izobraževalni	osebni stik	Fm-vl705, Ym-vl434	3	39
GosVL21_poraz	GosVL21_poraz.wav	GosVL	Porazdelitev kemičnih prvin v tleh…	2010-06	VideoLectures.NET	http://videolectures.net/outbursts_jemec_gzsp/	Litija	javno predavanje, kemične prvine v tleh	informativno-izobraževalni	osebni stik	Ef-vl704	3	85
GosVL22_siste	GosVL22_siste.wav	GosVL	Ekspertni sistem za odkrivanje goljufij …	2013-03	VideoLectures.NET	http://videolectures.net/znanstveni_dosezki2011_subelj_sistem/	Ljubljana	javno predavanje, ekspertni sistemi	informativno-izobraževalni	osebni stik	Dm-vl703	2	71
GosVL23_jeklo	GosVL23_jeklo.wav	GosVL	Jeklo nove generacije PROTAC 500	2013-10	VideoLectures.NET	http://videolectures.net/znanstveni_dosezki2012_kosec_jeklo/	Ljubljana	javno predavanje, jeklo	informativno-izobraževalni	osebni stik	Cm-vl702	2	51
GosVL24_inter	GosVL24_inter.wav	GosVL	Omrežja in porazdeljeni sistemi	2015-03	VideoLectures.NET	http://videolectures.net/rtk2015_ciglaric_porazdeljeni_sistemi/	Ljubljana	javno predavanje, omrežja	informativno-izobraževalni	osebni stik	Bf-vl701, Ym-vl224, GosVL24_inter-audience, Ym-vl228	48	157
GosVL25_nanom	GosVL25_nanom.wav	GosVL	Nanomateriali v okoljevarstvu in senzoriki	2014-05	VideoLectures.NET	http://videolectures.net/11nanodan2014_lobnik_nanomateriali/	Ljubljana	javno predavanje, nanomateriali	informativno-izobraževalni	osebni stik	Af-vl700	10	150
GosVL26_slova	GosVL26_slova.wav	GosVL	Slovanski knjižni mikrojeziki: opredelitev in prikaz pojava znotraj slovenščine	2015-07	VideoLectures.NET	http://videolectures.net/ssjlk2015_sekli_slovanski_mikrojeziki/	Ljubljana	javno predavanje, slovanski mikrojeziki	informativno-izobraževalni	osebni stik	Bm-vl709, Am-vl708, Xm-vl712, GosVL26_slova-audience, Cm-vl710, Df-vl711	91	291
GosVL27_zagar	GosVL27_zagar.wav	GosVL	Srednja Evropa in oblikovanje kolektivnih…	2013-10	VideoLectures.NET	http://videolectures.net/znanstveni_dosezki2012_zagar_evropa/	Ljubljana	javno predavanje, srednjeevropske identitete	informativno-izobraževalni	osebni stik	Em-vl712	14	102
GosVL28_reber	GosVL28_reber.wav	GosVL	Podjetniška univerza in podjetno mesto	2013-04	VideoLectures.NET	http://videolectures.net/podjetniskiforum2013_rebernik_podjetniske_izkusnje/	Maribor	javno predavanje, podjetništvo	informativno-izobraževalni	osebni stik	Fm-vl713, GosVL28_reber-audience	34	210
GosVL29_hladn	GosVL29_hladn.wav	GosVL	Perspektive slovenske literarne zgodovine	2014-07	VideoLectures.NET	http://videolectures.net/ssjlk2014_hladnik_perspektive/	Ljubljana	javno predavanje, literarna zgodovina	informativno-izobraževalni	osebni stik	Gm-vl714, GosVL29_hladn-audience, Xf-vl714, Xm-vl515	22	285
GosVL30_kramb	GosVL30_kramb.wav	GosVL	Bionika in nanotehnologija	2011-03	VideoLectures.NET	http://videolectures.net/7nanodan2011_kramberger_bn/	Ptuj	javno predavanje, nanotehnologija	informativno-izobraževalni	osebni stik	Hm-vl715, GosVL30_kramb-audience	30	347
GosVL31_plesn	GosVL31_plesn.wav	GosVL	Individualizacija kazenskih sankcij	2014-10	VideoLectures.NET	http://videolectures.net/odlicnivznanosti2013_plesnicar_kazenske_sankcije/	Ljubljana	javno predavanje, kazenske sankcije	informativno-izobraževalni	osebni stik	If-vl716	10	135
GosVL32_temen	GosVL32_temen.wav	GosVL	Delovne kariere	2014-05	VideoLectures.NET	http://videolectures.net/um_tement_delovne_kariere/	Maribor	javno predavanje, delovne kariere	informativno-izobraževalni	osebni stik	Jf-vl717	25	451
GosVL33_erjav	GosVL33_erjav.wav	GosVL	Raziskovanje sodobnih medijskih problemov	2013-10	VideoLectures.NET	http://videolectures.net/znanstveni_dosezki2012_erjavec_govor/	Ljubljana	javno predavanje, mediji	informativno-izobraževalni	osebni stik	Kf-vl718	2	124
GosVL34_druzb	GosVL34_druzb.wav	GosVL	Moč družboslovne imaginacije	2015-01	VideoLectures.NET	http://videolectures.net/um_vuk_godina_moc_druzboslovne_imaginacije/	Ljubljana	javno predavanje, dužboslovna imaginacija	informativno-izobraževalni	osebni stik	Nf-vl721	3	120
GosVL35_vicar	GosVL35_vicar.wav	GosVL	Si kdaj videl svobodnega konja	2013-07	VideoLectures.NET	http://videolectures.net/ssjlk2013_vicar_animalisticna_etika/	Ljubljana	javno predavanje, animalistična etika	informativno-izobraževalni	osebni stik	Mf-vl720, Xm-vl444	39	297
GosVL36_bozan	GosVL36_bozan.wav	GosVL	Digitalna komunikacija - prenos podatkov na zahtevo	2010-11	VideoLectures.NET	http://videolectures.net/bio2010_bozanic_diko/	Ljubljana	javno predavanje, digitalna komunikacija	informativno-izobraževalni	osebni stik	Xf-vl720, Lf-vl719	23	213
GosVL37_zadel	GosVL37_zadel.wav	GosVL	Pozitivna psihologija - več tisoč let stara misel	2013-02	VideoLectures.NET	http://videolectures.net/pozitivnapsihologija_zadel_psihologija/	Ljubljana	javno predavanje, pozitivna psihologija	informativno-izobraževalni	osebni stik	Om-vl727, GosVL37_zadel-audience	297	1215
GosVL38_remsk	GosVL38_remsk.wav	GosVL	Morje: smetišče ali zdravo življenjsko okolje	2014-05	VideoLectures.NET	http://videolectures.net/11nanodan2014_remskar_nanovarnost/	Ljubljana	javno predavanje, biologija	informativno-izobraževalni	osebni stik	Af-vl201, GosVL38_remsk-audience	54	382
GosVL39_skrek	GosVL39_skrek.wav	GosVL	Identifikacija in upravljanje podatkov	2018-04	VideoLectures.NET	http://videolectures.net/ELRCworkshop2018_krek_upravljanje_podatkov/	Ljubljana	javno predavanje, računalništvo	informativno-izobraževalni	osebni stik	Bm-vl202	18	109
GosVL40_dobra	GosVL40_dobra.wav	GosVL	Otvoritev	2017-12	VideoLectures.NET	http://videolectures.net/IOTmeetup2017_dobranic_otvoritev/	Ljubljana	javno predavanje, uvodni govor	informativno-izobraževalni	osebni stik	Cm-vl203	2	121
GosVL41_custv	GosVL41_custv.wav	GosVL	Trenja stališč in čustvenčki v žarišču	2018-05	VideoLectures.NET	http://videolectures.net/jota_kralj_novak_custvencki/	Ljubljana	javno predavanje, računalništvo	informativno-izobraževalni	osebni stik	Df-vl204	30	450
GosVL42_kovac	GosVL42_kovac.wav	GosVL	Mikroplastika v Jadranskem morju	2017-03	VideoLectures.NET	http://videolectures.net/MAOplastika2017_kovac_virsek_mikroplastika/	Ljubljana	javno predavanje, okolje	informativno-izobraževalni	osebni stik	Ef-vl205	10	133
GosVL43_ramsa	GosVL43_ramsa.wav	GosVL	Nanovarnost in detekcija onesnaženosti zraka z nanodelci	2017-03	VideoLectures.NET	http://videolectures.net/MAOplastika2017_ramsak_vpliv_plastike/	Ljubljana	javno predavanje, nanotehnologija	informativno-izobraževalni	osebni stik	Ff-vl206, Xf-vl207	35	192
GosVL44_mramo	GosVL44_mramo.wav	GosVL	Koliko se lahko podjetje zadolži?	2010-10	VideoLectures.NET	http://videolectures.net/mpp2010_mramor_kpz/	Ljubljana	javno predavanje, ekonomija	informativno-izobraževalni	osebni stik	Gm-vl207, Hm-vl208, Xm-vl209, GosVL44_mramo-audience	42	312
GosVL45_tinta	GosVL45_tinta.wav	GosVL	Vpliv antropogenih dejavnikov in klimatskih sprememb na morske mikroorganizme	2015-12	VideoLectures.NET	http://videolectures.net/odlicnivznanosti2015_tinta_mikroorganizmi/	Ljubljana	javno predavanje, biologija	informativno-izobraževalni	osebni stik	Jf-vl210, Kf-vl211	11	103
GosVL46_peter	GosVL46_peter.wav	GosVL	Opazovanje plazu na Potoški planini (SZ Slovenija) z uporabo rezultatov zračne fotogrametrije in tahimetričnih meritev	2017-10	VideoLectures.NET	http://videolectures.net/odlicnivznanosti2017_peternel_tahimetricna_meritev/	Ljubljana	javno predavanje, geologija	informativno-izobraževalni	osebni stik	Lf-vl212, Mf-vl213	12	77
GosVL47_algeb	GosVL47_algeb.wav	GosVL	Konveksnost in realna algebraična geometrija	2017-10	VideoLectures.NET	http://videolectures.net/odlicnivznanosti2017_povh_algebraicna_geometrija/	Ljubljana	javno predavanje, matematika	informativno-izobraževalni	osebni stik	Nf-vl214, Om-vl215	28	111
GosVL48_vavpo	GosVL48_vavpo.wav	GosVL	Nova priložnost za nas?	2013-11	VideoLectures.NET	http://videolectures.net/outofthebox_vavpotic_nova_priloznost/	Maribor	javno predavanje, sociologija	informativno-izobraževalni	osebni stik	Pm-vl216	15	229
GosVL49_izobr	GosVL49_izobr.wav	GosVL	Stanje izobraževanja računalništva in informatike v Sloveniji	2017-12	VideoLectures.NET	http://videolectures.net/posvetRIN2017_krajnc_stanje_izobrazevanja/	Ljubljana	javno predavanje, izobraževanje	informativno-izobraževalni	osebni stik	Rm-vl217, GosVL49_izobr-audience	8	143
GosVL50_smole	GosVL50_smole.wav	GosVL	Ko narečje v družini zamre	2015-07	VideoLectures.NET	http://videolectures.net/ssjlk2015_smole_narecje_zamre/	Ljubljana	javno predavanje, jezik	informativno-izobraževalni	osebni stik	Sf-vl218	28	201
GosVL51_horva	GosVL51_horva.wav	GosVL	Poroke skozi fotografijo	2010-02	VideoLectures.NET	http://videolectures.net/tedx2010_horvat_foto/	Maribor	javno predavanje, umetnost	informativno-izobraževalni	osebni stik	Tm-vl219, GosVL51_horva-audience	55	170
GosVL52_bezge	GosVL52_bezge.wav	GosVL	O jeziku glasbe in tišine	2009-09	VideoLectures.NET	http://videolectures.net/tedxjesen09_bezget_ojgit/	Ljubljana	javno predavanje, umetnost	informativno-izobraževalni	osebni stik	Um-vl220, GosVL52_bezge-audience	16	76
GosVL53_sirok	GosVL53_sirok.wav	GosVL	Planiški vetrovnik	2016-04	VideoLectures.NET	http://videolectures.net/znanostnacesti_sirok_planiski_vetrovnik/	Ljubljana	javno predavanje, strojništvo	informativno-izobraževalni	osebni stik	Vm-vl221, Zm-vl222	91	408
GosVL54_mrhar	GosVL54_mrhar.wav	GosVL	Translacijska medicina: razlaga variabilnosti in vivo učinka zdravilne učinkovine z in vitro eksperimenti, primer raloksifena	2013-03	VideoLectures.NET	http://videolectures.net/znanstveni_dosezki2011_mrhar_raloksifen/	Ljubljana	javno predavanje, farmacija	informativno-izobraževalni	osebni stik	Xm-vl223	2	106
GosVL55_vrabe	GosVL55_vrabe.wav	GosVL	Fazna razmerja v ultravisokotlačnih kianitovih eklogitih med viškom metamorfoze in dekompresijo	2013-10	VideoLectures.NET	http://videolectures.net/znanstveni_dosezki2012_vrabec_razmerja/	Ljubljana	javno predavanje, geologija	informativno-izobraževalni	osebni stik	Yf-vl224, GosVL55_vrabe-audience	4	105
Artur-J-Gvecg-P500001	Artur-J-Gvecg-P500001-avd.wav	Artur-J	Artur-J-Gvecg-P500001	2020-09	STA	https://www.facebook.com/watch/live/?v=339333000613185&ref=watch_permalink	Ljubljana	okrogla miza	informativno-izobraževalni	osebni stik	Artur-J-G3006, Artur-J-G3008, Artur-J-G3011, Artur-J-G3001, Artur-J-G3003, Artur-J-G3012, Artur-J-G3009, Artur-J-G3005, Artur-J-G3007, Artur-J-G3010, Artur-J-G3004	142	2349
Artur-J-Gvecg-P500002	Artur-J-Gvecg-P500002-avd.wav	Artur-J	Artur-J-Gvecg-P500002	2020-09	STA	https://www.facebook.com/watch/live/?v=339333000613185&ref=watch_permalink	Ljubljana	nagovor na dogodku	informativno-izobraževalni	osebni stik	Artur-J-G3002	2	104
Artur-J-Gvecg-P500013	Artur-J-Gvecg-P500013-avd.wav	Artur-J	Artur-J-Gvecg-P500013	2020-09	STA	https://livestream.com/zivo/stavzivo/videos/211249197	Ljubljana	okrogla miza	informativno-izobraževalni	osebni stik	Artur-J-G3018, Artur-J-G3013, Artur-J-G3016, Artur-J-G3017, Artur-J-G3014, Artur-J-G3015, Artur-J-G3042, Artur-J-G3043, Artur-J-G3044, Artur-J-G3045, Artur-J-G3046	148	1459
Artur-J-Gvecg-P500014	Artur-J-Gvecg-P500014-avd.wav	Artur-J	Artur-J-Gvecg-P500014	2020-06	STA	https://livestream.com/accounts/564247/events/7618799/videos/207774394/player	Ljubljana	spletni dogodek	informativno-izobraževalni	internet	Artur-J-G3018, Artur-J-G3019, Artur-J-G3020, Artur-J-G3021	78	967
Artur-J-Gvecg-P500015	Artur-J-Gvecg-P500015-avd.wav	Artur-J	Artur-J-Gvecg-P500015	2020-09	STA	https://livestream.com/accounts/564247/events/7618799/videos/210606312/player	Ljubljana	spletni dogodek	informativno-izobraževalni	internet	Artur-J-G3018, Artur-J-G3022, Artur-J-G3024, Artur-J-G3023	77	766
Artur-J-Gvecg-P500016	Artur-J-Gvecg-P500016-avd.wav	Artur-J	Artur-J-Gvecg-P500016	2020-06	STA	https://www.youtube.com/watch?v=fTymM6UTB0M&feature=youtu.be	Ljubljana	spletni dogodek	informativno-izobraževalni	internet	Artur-J-G3018, Artur-J-G3025	34	347
Artur-J-Gvecg-P500020	Artur-J-Gvecg-P500020-avd.wav	Artur-J	Artur-J-Gvecg-P500020	2020-10	STA	https://livestream.com/accounts/564247/events/7618799/videos/212364116	Ljubljana	okrogla miza	informativno-izobraževalni	osebni stik	Artur-J-G3041, Artur-J-G3035, Artur-J-G3039, Artur-J-G3038, Artur-J-G3040	48	1084
Artur-J-Gvecg-P500021	Artur-J-Gvecg-P500021-avd.wav	Artur-J	Artur-J-Gvecg-P500021	2020-11	STA	https://livestream.com/accounts/564247/events/7618799/videos/213431819	Ljubljana	spletni dogodek	informativno-izobraževalni	internet	Artur-J-G3047	9	188
Artur-J-Gvecg-P500024	Artur-J-Gvecg-P500024-avd.wav	Artur-J	Artur-J-Gvecg-P500024	2020-11	STA	-	Ljubljana	spletni dogodek	informativno-izobraževalni	internet	Artur-J-G3052, Artur-J-G3051, Artur-J-G3050	18	391
Artur-J-Gvecg-P500025	Artur-J-Gvecg-P500025-avd.wav	Artur-J	Artur-J-Gvecg-P500025	2020-11	STA	https://livestream.com/accounts/564247/events/7618799/videos/213140872	Ljubljana	novinarska konferenca	informativno-izobraževalni	osebni stik	Artur-J-G3053, Artur-J-G3054	28	393
Artur-J-Gvecg-P500026	Artur-J-Gvecg-P500026-avd.wav	Artur-J	Artur-J-Gvecg-P500026	2020-12	STA	https://livestream.com/accounts/564247/events/7618799/videos/215066628	Ljubljana	okrogla miza	informativno-izobraževalni	osebni stik	Artur-J-G3057, Artur-J-G3055, Artur-J-G3056	56	1126
Artur-J-Gvecg-P500027	Artur-J-Gvecg-P500027-avd.wav	Artur-J	Artur-J-Gvecg-P500027	2020-12	STA	https://livestream.com/accounts/564247/events/7618799/videos/214728579	Ljubljana	okrogla miza	informativno-izobraževalni	osebni stik	Artur-J-G3057, Artur-J-G3060, Artur-J-G3058, Artur-J-G3059	81	802
Artur-J-Gvecg-P500028	Artur-J-Gvecg-P500028-avd.wav	Artur-J	Artur-J-Gvecg-P500028	2020-12	STA	https://livestream.com/accounts/564247/events/7618799/videos/215024193	Ljubljana	okrogla miza	informativno-izobraževalni	osebni stik	Artur-J-G3061, Artur-J-G3063, Artur-J-G3062	30	922
Artur-J-Gvecg-P500029	Artur-J-Gvecg-P500029-avd.wav	Artur-J	Artur-J-Gvecg-P500029	2020-11	STA	https://livestream.com/accounts/564247/events/7618799/videos/213491803	Ljubljana	spletni dogodek	informativno-izobraževalni	internet	Artur-J-G3064	2	787
Artur-J-Gvecg-P500030	Artur-J-Gvecg-P500030-avd.wav	Artur-J	Artur-J-Gvecg-P500030	2020-11	STA	https://livestream.com/accounts/564247/events/7618799/videos/213387701/player	Ljubljana	novinarska konferenca	informativno-izobraževalni	osebni stik	Artur-J-G3065	5	413
Artur-J-Gvecg-P500032	Artur-J-Gvecg-P500032-avd.wav	Artur-J	Artur-J-Gvecg-P500032	2020-11	STA	https://www.youtube.com/watch?v=SmXlgO91slY&feature=emb_title	Novo mesto	novinarska konferenca	informativno-izobraževalni	osebni stik	Artur-J-G3067	1	276
Artur-J-Gvecg-P500034	Artur-J-Gvecg-P500034-avd.wav	Artur-J	Artur-J-Gvecg-P500034	2020-11	STA	https://www.youtube.com/watch?time_continue=3109&v=Fa4oOO6LuuE&feature=emb_title	Trbovlje	novinarska konferenca	informativno-izobraževalni	osebni stik	Artur-J-G3069	5	185
Artur-J-Gvecg-P500035	Artur-J-Gvecg-P500035-avd.wav	Artur-J	Artur-J-Gvecg-P500035	2020-11	STA	https://livestream.com/accounts/564247/events/7618799/videos/214145441	Ljubljana	novinarska konferenca	informativno-izobraževalni	osebni stik	Artur-J-G3070	18	230
Artur-J-Gvecg-P500036	Artur-J-Gvecg-P500036-avd.wav	Artur-J	Artur-J-Gvecg-P500036	2021-02	STA	https://livestream.com/accounts/564247/events/7618799/videos/217404659	Ljubljana	spletni dogodek	informativno-izobraževalni	internet	Artur-J-G3027, Artur-J-G3072, Artur-J-G3071, Artur-J-G3073	55	893
Artur-J-Gvecg-P500037	Artur-J-Gvecg-P500037-avd.wav	Artur-J	Artur-J-Gvecg-P500037	2021-01	STA	https://livestream.com/accounts/564247/events/7618799/videos/216648797	Ljubljana	novinarska konferenca	informativno-izobraževalni	osebni stik	Artur-J-G3070	1	311
Artur-J-Gvecg-P500039	Artur-J-Gvecg-P500039-avd.wav	Artur-J	Artur-J-Gvecg-P500039	2021-03	STA	https://livestream.com/accounts/564247/events/7618799/videos/218313547	Ljubljana	spletni dogodek	informativno-izobraževalni	internet	Artur-J-G3078	6	445
Artur-J-Gvecg-P500040	Artur-J-Gvecg-P500040-avd.wav	Artur-J	Artur-J-Gvecg-P500040	2021-03	STA	https://livestream.com/accounts/564247/events/7618799/videos/218365005	Ljubljana	spletni dogodek	informativno-izobraževalni	internet	Artur-J-G3079	7	359
Artur-J-Gvecg-P500041	Artur-J-Gvecg-P500041-avd.wav	Artur-J	Artur-J-Gvecg-P500041	2021-03	STA	https://livestream.com/accounts/564247/events/7618799/videos/218263763	Ljubljana	spletni dogodek	informativno-izobraževalni	internet	Artur-J-G3080, Artur-J-G3081	10	579
Artur-J-Gvecg-P500042	Artur-J-Gvecg-P500042-avd.wav	Artur-J	Artur-J-Gvecg-P500042	2021-03	STA	https://livestream.com/accounts/564247/events/7618799/videos/218485333	Ljubljana	spletni dogodek	informativno-izobraževalni	internet	Artur-J-G3083, Artur-J-G3082	5	264
Artur-J-Gvecg-P500043	Artur-J-Gvecg-P500043-avd.wav	Artur-J	Artur-J-Gvecg-P500043	2021-02	STA	https://livestream.com/accounts/564247/events/7618799/videos/217356757	Ljubljana	spletni dogodek	informativno-izobraževalni	internet	Artur-J-G3084	14	301
Artur-J-Gvecg-P500045	Artur-J-Gvecg-P500045-avd.wav	Artur-J	Artur-J-Gvecg-P500045	2021-03	STA	https://livestream.com/accounts/564247/events/7618799/videos/219116486	Ljubljana	spletni dogodek	informativno-izobraževalni	internet	Artur-J-G3088, Artur-J-G3087, Artur-J-G3089	33	590
Artur-J-Gvecg-P500046	Artur-J-Gvecg-P500046-avd.wav	Artur-J	Artur-J-Gvecg-P500046	2021-03	STA	https://livestream.com/accounts/564247/events/7618799/videos/219161223	Ljubljana	spletni dogodek	informativno-izobraževalni	internet	Artur-J-G3018, Artur-J-G3090, Artur-J-G3091	49	372
Artur-J-Gvecg-P500047	Artur-J-Gvecg-P500047-avd.wav	Artur-J	Artur-J-Gvecg-P500047	2021-05	STA	https://livestream.com/zivo/stavzivo/videos/221548352	Ljubljana	spletni dogodek	informativno-izobraževalni	internet	Artur-J-G3092, Artur-J-G3093, Artur-J-G3094, Artur-J-G3095	77	571
Artur-J-Gvecg-P500048	Artur-J-Gvecg-P500048-avd.wav	Artur-J	Artur-J-Gvecg-P500048	2021-04	STA	https://livestream.com/zivo/stavzivo/videos/220246779	Ljubljana	spletni dogodek	informativno-izobraževalni	internet	Artur-J-G3098, Artur-J-G3097, Artur-J-G3023	22	432
Artur-J-Gvecg-P500050	Artur-J-Gvecg-P500050-avd.wav	Artur-J	Artur-J-Gvecg-P500050	2021-05	STA	https://livestream.com/zivo/stavzivo/videos/221511406	Ljubljana	spletni dogodek	informativno-izobraževalni	internet	Artur-J-G3103, Artur-J-G3102	14	175
Artur-J-Gvecg-P500051	Artur-J-Gvecg-P500051-avd.wav	Artur-J	Artur-J-Gvecg-P500051	2021-06	STA	https://livestream.com/accounts/564247/events/7618799/videos/222633872/player	Ljubljana	novinarska konferenca	informativno-izobraževalni	osebni stik	Artur-J-G3016	38	633
Artur-J-Gvecg-P500053	Artur-J-Gvecg-P500053-avd.wav	Artur-J	Artur-J-Gvecg-P500053	2020-09	STA	https://youtu.be/SUJevj_4_HQ	Ljubljana	novinarska konferenca	informativno-izobraževalni	osebni stik	Artur-J-G3107	10	629
Artur-J-Gvecg-P500054	Artur-J-Gvecg-P500054-avd.wav	Artur-J	Artur-J-Gvecg-P500054	2019-10	STA	https://youtu.be/C_AlXre1vTI	Ljubljana	okrogla miza	informativno-izobraževalni	osebni stik	Artur-J-G3110, Artur-J-G3109, Artur-J-G3108	22	613
Artur-J-Gvecg-P500055	Artur-J-Gvecg-P500055-avd.wav	Artur-J	Artur-J-Gvecg-P500055	2019-09	STA	https://youtu.be/R8irSGPUJEs	Ljubljana	novinarska konferenca	informativno-izobraževalni	osebni stik	Artur-J-G3111	68	410
Artur-J-Gvecg-P500056	Artur-J-Gvecg-P500056-avd.wav	Artur-J	Artur-J-Gvecg-P500056	2021-08	STA	https://youtu.be/_Y7xRQqhm6c	Gornja Radgona	okrogla miza	informativno-izobraževalni	osebni stik	Artur-J-G3113, Artur-J-G3112, Artur-J-G3114	32	554
Artur-J-Gvecg-P500057	Artur-J-Gvecg-P500057-avd.wav	Artur-J	Artur-J-Gvecg-P500057	2021-08	STA	https://youtu.be/jW7yx1EWf80	Ljubljana	novinarska konferenca	informativno-izobraževalni	osebni stik	Artur-J-G3105	15	222
Artur-J-Gvecg-P500058	Artur-J-Gvecg-P500058-avd.wav	Artur-J	Artur-J-Gvecg-P500058	2021-08	STA	https://youtu.be/EFumetO6UD4	Gornja Radgona	okrogla miza	informativno-izobraževalni	osebni stik	Artur-J-G3115, Artur-J-G3116, Artur-J-G3117	27	620
Artur-J-Gvecg-P500059	Artur-J-Gvecg-P500059-avd.wav	Artur-J	Artur-J-Gvecg-P500059	2021-08	STA	-	Ljubljana	novinarska konferenca	informativno-izobraževalni	osebni stik	Artur-J-G3121, Artur-J-G3119, Artur-J-G3120, Artur-J-G3118	54	697
Artur-J-Gvecg-P500060	Artur-J-Gvecg-P500060-avd.wav	Artur-J	Artur-J-Gvecg-P500060	2021-08	STA	-	Ljubljana	intervju	informativno-izobraževalni	radio	Artur-J-G3123, Artur-J-G3122	125	379
Artur-J-Gvecg-P500061	Artur-J-Gvecg-P500061-avd.wav	Artur-J	Artur-J-Gvecg-P500061	2021-08	STA	https://youtu.be/Pv2274qkypE	Gornja Radgona	okrogla miza	informativno-izobraževalni	osebni stik	Artur-J-G3125, Artur-J-G3124	17	286
Artur-J-Gvecg-P500062	Artur-J-Gvecg-P500062-avd.wav	Artur-J	Artur-J-Gvecg-P500062	2021-09	STA	-	Ljubljana	novinarska konferenca	informativno-izobraževalni	osebni stik	Artur-J-G3126, Artur-J-G3131, Artur-J-G3130, Artur-J-G3127, Artur-J-G3128, Artur-J-G3129	46	701
Artur-J-Gvecg-P500063	Artur-J-Gvecg-P500063-avd.wav	Artur-J	Artur-J-Gvecg-P500063	2021-09	STA	https://youtu.be/lkpWkX9JMOU	Ljubljana	okrogla miza	informativno-izobraževalni	osebni stik	Artur-J-G3134, Artur-J-G3132, Artur-J-G3135, Artur-J-G3133	35	468
Artur-J-Gvecg-P500064	Artur-J-Gvecg-P500064-avd.wav	Artur-J	Artur-J-Gvecg-P500064	2021-09	STA	https://youtu.be/TCEX9YOUJvw	Ljubljana	okrogla miza	informativno-izobraževalni	osebni stik	Artur-J-G3139, Artur-J-G3140, Artur-J-G3136, Artur-J-G3137, Artur-J-G3138, Artur-J-G3141	91	899
Artur-J-Gvecg-P580001	Artur-J-Gvecg-P580001-avd.wav	Artur-J	Artur-J-Gvecg-P580001	2020-09	SDJT	https://nas.cjvt.si/index.php/apps/files/?dir=/ASR/JavniGovor/JavniGovor-01-FERI-IzvorniPosnetki-bkp&fileid=1452584	Ljubljana	spletni dogodek	informativno-izobraževalni	internet	Artur-J-G4502, Artur-J-G4507, Artur-J-G4501, Artur-J-G4500, Artur-J-G4508, Artur-J-G4503, Artur-J-G4509, Artur-J-G4510, Artur-J-G4505, Artur-J-G4506, Artur-J-G4504	71	997
Artur-J-Gvecg-P580002	Artur-J-Gvecg-P580002-avd.wav	Artur-J	Artur-J-Gvecg-P580002	2020-09	Radio Štajerski val	-	Šentjur	intervju	informativno-izobraževalni	radio	Artur-J-G4529, Artur-J-G4528	66	271
Artur-J-Gvecg-P580003	Artur-J-Gvecg-P580003-avd.wav	Artur-J	Artur-J-Gvecg-P580003	2017-05	Radio Štajerski val	-	Šentjur	intervju	informativno-izobraževalni	radio	Artur-J-G4531, Artur-J-G4530	131	548
Artur-J-Gvecg-P580004	Artur-J-Gvecg-P580004-avd.wav	Artur-J	Artur-J-Gvecg-P580004	2016-01	Radio Štajerski val	-	Šentjur	intervju	informativno-izobraževalni	radio	Artur-J-G4531, Artur-J-G4532, Artur-J-G4533	174	467
Artur-J-Gvecg-P580005	Artur-J-Gvecg-P580005-avd.wav	Artur-J	Artur-J-Gvecg-P580005	2020-09	Radio Štajerski val	-	Šentjur	intervju	informativno-izobraževalni	radio	Artur-J-G4531, Artur-J-G4527	70	607
Artur-J-Gvecg-P580006	Artur-J-Gvecg-P580006-avd.wav	Artur-J	Artur-J-Gvecg-P580006	2017-09	Radio Štajerski val	-	Šentjur	intervju	informativno-izobraževalni	radio	Artur-J-G4529, Artur-J-G4535	178	643
Artur-J-Gvecg-P580007	Artur-J-Gvecg-P580007-avd.wav	Artur-J	Artur-J-Gvecg-P580007	2020-01	Radio Štajerski val	-	Šentjur	intervju	informativno-izobraževalni	radio	Artur-J-G4529, Artur-J-G4536	60	323
Artur-J-Gvecg-P580008	Artur-J-Gvecg-P580008-avd.wav	Artur-J	Artur-J-Gvecg-P580008	2020-06	Radio Štajerski val	-	Šentjur	intervju	informativno-izobraževalni	radio	Artur-J-G4531, Artur-J-G4537	100	343
Artur-J-Gvecg-P580009	Artur-J-Gvecg-P580009-avd.wav	Artur-J	Artur-J-Gvecg-P580009	2020-09	Radio Štajerski val	-	Šentjur	intervju	informativno-izobraževalni	radio	Artur-J-G4539, Artur-J-G4538	63	289
Artur-J-Gvecg-P580010	Artur-J-Gvecg-P580010-avd.wav	Artur-J	Artur-J-Gvecg-P580010	2020-10	Radio Štajerski val	-	Šentjur	intervju	informativno-izobraževalni	radio	Artur-J-G4539, Artur-J-G4540	115	377
Artur-J-Gvecg-P580011	Artur-J-Gvecg-P580011-avd.wav	Artur-J	Artur-J-Gvecg-P580011	2020-10	Radio Štajerski val	-	Šentjur	intervju	informativno-izobraževalni	radio	Artur-J-G4529, Artur-J-G4541	50	413
Artur-J-Gvecg-P580012	Artur-J-Gvecg-P580012-avd.wav	Artur-J	Artur-J-Gvecg-P580012	2021-01	Radio Štajerski val	-	Šentjur	intervju	informativno-izobraževalni	radio	Artur-J-G4542, Artur-J-G4531	213	697
Artur-J-Gvecg-P580013	Artur-J-Gvecg-P580013-avd.wav	Artur-J	Artur-J-Gvecg-P580013	2020-12	Radio Štajerski val	-	Šentjur	intervju	informativno-izobraževalni	radio	Artur-J-G4531, Artur-J-G4543	90	381
Artur-J-Gvecg-P580014	Artur-J-Gvecg-P580014-avd.wav	Artur-J	Artur-J-Gvecg-P580014	2019-12	Radio Štajerski val	-	Šentjur	intervju	informativno-izobraževalni	radio	Artur-J-G4544, Artur-J-G4545	54	406
Artur-J-Gvecg-P580015	Artur-J-Gvecg-P580015-avd.wav	Artur-J	Artur-J-Gvecg-P580015	2020-02	Radio Štajerski val	-	Šentjur	intervju	informativno-izobraževalni	radio	Artur-J-G4529, Artur-J-G4546	62	375
Artur-J-Gvecg-P580016	Artur-J-Gvecg-P580016-avd.wav	Artur-J	Artur-J-Gvecg-P580016	2020-01	Radio Štajerski val	-	Šentjur	intervju	informativno-izobraževalni	radio	Artur-J-G4544, Artur-J-G4547	40	472
Artur-J-Gvecg-P580017	Artur-J-Gvecg-P580017-avd.wav	Artur-J	Artur-J-Gvecg-P580017	2016-08	Radio Štajerski val	-	Šentjur	intervju	informativno-izobraževalni	radio	Artur-J-G4544, Artur-J-G4548	43	730
Artur-J-Gvecg-P580019	Artur-J-Gvecg-P580019-avd.wav	Artur-J	Artur-J-Gvecg-P580019	2020-03	Radio Štajerski val	-	Šentjur	intervju	informativno-izobraževalni	radio	Artur-J-G4531, Artur-J-G4550	67	504
Artur-J-Gvecg-P580020	Artur-J-Gvecg-P580020-avd.wav	Artur-J	Artur-J-Gvecg-P580020	2020-07	Radio Štajerski val	-	Šentjur	intervju	informativno-izobraževalni	radio	Artur-J-G4531, Artur-J-G4551	76	270
Artur-J-Gvecg-P580021	Artur-J-Gvecg-P580021-avd.wav	Artur-J	Artur-J-Gvecg-P580021	2020-02	Radio Štajerski val	-	Šentjur	intervju	informativno-izobraževalni	radio	Artur-J-G4544, Artur-J-G4552	38	296
Artur-J-Gvecg-P580022	Artur-J-Gvecg-P580022-avd.wav	Artur-J	Artur-J-Gvecg-P580022	2020-03	Radio Štajerski val	-	Šentjur	intervju	informativno-izobraževalni	radio	Artur-J-G4529, Artur-J-G4553	69	367
Artur-J-Gvecg-P580023	Artur-J-Gvecg-P580023-avd.wav	Artur-J	Artur-J-Gvecg-P580023	2020-02	Radio Štajerski val	-	Šentjur	intervju	informativno-izobraževalni	radio	Artur-J-G4544, Artur-J-G4554	65	330
Artur-J-Gvecg-P580024	Artur-J-Gvecg-P580024-avd.wav	Artur-J	Artur-J-Gvecg-P580024	2020-03	Radio Štajerski val	-	Šentjur	intervju	informativno-izobraževalni	radio	Artur-J-G4531, Artur-J-G4555	103	380
Artur-J-Gvecg-P580025	Artur-J-Gvecg-P580025-avd.wav	Artur-J	Artur-J-Gvecg-P580025	2020-12	Radio Štajerski val	-	Šentjur	intervju	informativno-izobraževalni	radio	Artur-J-G4556, Artur-J-G4539	24	259
Artur-J-Gvecg-P580026	Artur-J-Gvecg-P580026-avd.wav	Artur-J	Artur-J-Gvecg-P580026	2020-02	Radio Štajerski val	-	Šentjur	intervju	informativno-izobraževalni	radio	Artur-J-G4531, Artur-J-G4557	100	408
Artur-J-Gvecg-P580027	Artur-J-Gvecg-P580027-avd.wav	Artur-J	Artur-J-Gvecg-P580027	2020-01	Radio Štajerski val	-	Šentjur	intervju	informativno-izobraževalni	radio	Artur-J-G4531, Artur-J-G4558	171	525
Artur-J-Gvecg-P580028	Artur-J-Gvecg-P580028-avd.wav	Artur-J	Artur-J-Gvecg-P580028	2021-04	Univerza v Mariboru	https://nas.cjvt.si/index.php/apps/files/?dir=/ASR/JavniGovor/JavniGovor-01-FERI-IzvorniPosnetki-bkp&fileid=1452584	Maribor	spletni dogodek	informativno-izobraževalni	internet	Artur-J-G4559, Artur-J-G4567, Artur-J-G4573, Artur-J-G4500, Artur-J-G4560, Artur-J-G3006, Artur-J-G4561, Artur-J-G4562, Artur-J-G4563, Artur-J-G4564, Artur-J-G4565, Artur-J-G4566	249	3228
Artur-J-Gvecg-P580029	Artur-J-Gvecg-P580029-avd.wav	Artur-J	Artur-J-Gvecg-P580029	2021-04	Univerza v Mariboru	https://nas.cjvt.si/index.php/apps/files/?dir=/ASR/JavniGovor/JavniGovor-01-FERI-IzvorniPosnetki-bkp&fileid=1452584	Maribor	spletni dogodek	informativno-izobraževalni	internet	Artur-J-G4568, Artur-J-G4572, Artur-J-G4569, Artur-J-G4573, Artur-J-G4574, Artur-J-G4575, Artur-J-G4570, Artur-J-G4576, Artur-J-G4577	162	1831
Artur-J-Gvecg-P580030	Artur-J-Gvecg-P580030-avd.wav	Artur-J	Artur-J-Gvecg-P580030	2021-04	Univerza v Mariboru	https://nas.cjvt.si/index.php/apps/files/?dir=/ASR/JavniGovor/JavniGovor-01-FERI-IzvorniPosnetki-bkp&fileid=1452584	Maribor	spletni dogodek	informativno-izobraževalni	internet	Artur-J-G4562, Artur-J-G4578, Artur-J-G4579, Artur-J-G4580, Artur-J-G4581, Artur-J-G4582, Artur-J-G4577, Artur-J-G4583, Artur-J-G4584, Artur-J-G4573	144	1722
Artur-J-Gvecg-P580031	Artur-J-Gvecg-P580031-avd.wav	Artur-J	Artur-J-Gvecg-P580031	2021-01	Radio Štajerski val	-	Šentjur	intervju	informativno-izobraževalni	radio	Artur-J-G4531, Artur-J-G4511	78	547
Artur-J-Gvecg-P580032	Artur-J-Gvecg-P580032-avd.wav	Artur-J	Artur-J-Gvecg-P580032	2021-03	Radio Štajerski val	-	Šentjur	intervju	informativno-izobraževalni	radio	Artur-J-G4539, Artur-J-G4512	47	395
Artur-J-Gvecg-P580033	Artur-J-Gvecg-P580033-avd.wav	Artur-J	Artur-J-Gvecg-P580033	2021-03	Radio Štajerski val	-	Šentjur	intervju	informativno-izobraževalni	radio	Artur-J-G4544, Artur-J-G4513	45	274
Artur-J-Gvecg-P580034	Artur-J-Gvecg-P580034-avd.wav	Artur-J	Artur-J-Gvecg-P580034	2019-12	Radio Štajerski val	-	Šentjur	intervju	informativno-izobraževalni	radio	Artur-J-G4529, Artur-J-G4514	47	250
Artur-J-Gvecg-P580035	Artur-J-Gvecg-P580035-avd.wav	Artur-J	Artur-J-Gvecg-P580035	2021-01	Radio Štajerski val	-	Šentjur	intervju	informativno-izobraževalni	radio	Artur-J-G4529, Artur-J-G4515	63	293
Artur-J-Gvecg-P580036	Artur-J-Gvecg-P580036-avd.wav	Artur-J	Artur-J-Gvecg-P580036	2021-02	Radio Štajerski val	-	Šentjur	intervju	informativno-izobraževalni	radio	Artur-J-G4544, Artur-J-G4516	48	532
Artur-J-Gvecg-P580037	Artur-J-Gvecg-P580037-avd.wav	Artur-J	Artur-J-Gvecg-P580037	2021-04	Radio Štajerski val	-	Šentjur	intervju	informativno-izobraževalni	radio	Artur-J-G4529, Artur-J-G4517	74	333
Artur-J-Gvecg-P580038	Artur-J-Gvecg-P580038-avd.wav	Artur-J	Artur-J-Gvecg-P580038	2018-06	Radio Štajerski val	-	Šentjur	intervju	informativno-izobraževalni	radio	Artur-J-G4544, Artur-J-G4518	82	464
Artur-J-Gvecg-P580039	Artur-J-Gvecg-P580039-avd.wav	Artur-J	Artur-J-Gvecg-P580039	2021-04	Radio Štajerski val	-	Šentjur	intervju	informativno-izobraževalni	radio	Artur-J-G4539, Artur-J-G4519	38	392
Artur-J-Gvecg-P580040	Artur-J-Gvecg-P580040-avd.wav	Artur-J	Artur-J-Gvecg-P580040	2021-01	Radio Štajerski val	-	Šentjur	intervju	informativno-izobraževalni	radio	Artur-J-G4539, Artur-J-G4520	83	384
Artur-J-Gvecg-P580041	Artur-J-Gvecg-P580041-avd.wav	Artur-J	Artur-J-Gvecg-P580041	2021-04	Radio Štajerski val	-	Šentjur	intervju	informativno-izobraževalni	radio	Artur-J-G4531, Artur-J-G4521	119	376
Artur-J-Gvecg-P580042	Artur-J-Gvecg-P580042-avd.wav	Artur-J	Artur-J-Gvecg-P580042	2021-03	Radio Štajerski val	-	Šentjur	intervju	informativno-izobraževalni	radio	Artur-J-G4529, Artur-J-G4522	67	332
Artur-J-Gvecg-P580043	Artur-J-Gvecg-P580043-avd.wav	Artur-J	Artur-J-Gvecg-P580043	2021-04	Radio Štajerski val	-	Šentjur	intervju	informativno-izobraževalni	radio	Artur-J-G4531, Artur-J-G4523	71	359
Artur-J-Gvecg-P580044	Artur-J-Gvecg-P580044-avd.wav	Artur-J	Artur-J-Gvecg-P580044	2021-05	Radio Štajerski val	-	Šentjur	intervju	informativno-izobraževalni	radio	Artur-J-G4531, Artur-J-G4524	56	421
Artur-J-Gvecg-P580046	Artur-J-Gvecg-P580046-avd.wav	Artur-J	Artur-J-Gvecg-P580046	-	Radio Štajerski val	-	Šentjur	intervju	informativno-izobraževalni	radio	Artur-J-G4544, Artur-J-G4526	73	498
Artur-J-Gvecg-P580047	Artur-J-Gvecg-P580047-avd.wav	Artur-J	Artur-J-Gvecg-P580047	-	Radio Štajerski val	-	Šentjur	intervju	informativno-izobraževalni	radio	Artur-J-G4529, Artur-J-G4586	74	393
Artur-J-Gvecg-P580048	Artur-J-Gvecg-P580048-avd.wav	Artur-J	Artur-J-Gvecg-P580048	2016-05	Radio Štajerski val	-	Šentjur	intervju	informativno-izobraževalni	radio	Artur-J-G4544, Artur-J-G4587	72	367
Artur-J-Gvecg-P580049	Artur-J-Gvecg-P580049-avd.wav	Artur-J	Artur-J-Gvecg-P580049	-	Radio Štajerski val	-	Šentjur	intervju	informativno-izobraževalni	radio	Artur-J-G4544, Artur-J-G4588	50	554
Artur-J-Gvecg-P580050	Artur-J-Gvecg-P580050-avd.wav	Artur-J	Artur-J-Gvecg-P580050	2021-01	Radio Štajerski val	-	Šentjur	intervju	informativno-izobraževalni	radio	Artur-J-G4544, Artur-J-G4589	32	326
Artur-J-Gvecg-P580051	Artur-J-Gvecg-P580051-avd.wav	Artur-J	Artur-J-Gvecg-P580051	2021-05	ZRC SAZU	https://www.youtube.com/watch?v=bD9C8Y-pG2M	Ljubljana	spletni dogodek	informativno-izobraževalni	internet	Artur-J-G4602, Artur-J-G4604, Artur-J-G4605, Artur-J-G4603, Artur-J-G4597, Artur-J-G4595, Artur-J-G4592, Artur-J-G4593, Artur-J-G4596, Artur-J-G4599, Artur-J-G4600, Artur-J-G4594, Artur-J-G4590, Artur-J-G4601, Artur-J-G4598, Artur-J-G4591	494	5803
Artur-N-G5001-P600001	Artur-N-G5001-P600001-avd.wav	Artur-N	Artur-N-G5001-P600001	2020-08	lastni posnetek	-	Slovenske Konjice	prosti dialog med dvema sogovornikoma	zasebni	osebni stik	Artur-N-G5001	122	352
Artur-N-G5002-P600001	Artur-N-G5002-P600001-avd.wav	Artur-N	Artur-N-G5002-P600001	2020-08	lastni posnetek	-	Slovenske Konjice	prosti dialog med dvema sogovornikoma	zasebni	osebni stik	Artur-N-G5002	169	262
Artur-N-G5003-P600002	Artur-N-G5003-P600002-avd.wav	Artur-N	Artur-N-G5003-P600002	2020-09	lastni posnetek	-	Maribor	prosti dialog med dvema sogovornikoma	zasebni	osebni stik	Artur-N-G5003	209	196
Artur-N-G5004-P600002	Artur-N-G5004-P600002-avd.wav	Artur-N	Artur-N-G5004-P600002	2020-09	lastni posnetek	-	Maribor	prosti dialog med dvema sogovornikoma	zasebni	osebni stik	Artur-N-G5004	199	181
Artur-N-G5005-P600003	Artur-N-G5005-P600003-avd.wav	Artur-N	Artur-N-G5005-P600003	2020-09	lastni posnetek	-	Oplotnica	prosti dialog med dvema sogovornikoma	zasebni	osebni stik	Artur-N-G5005	395	468
Artur-N-G5006-P600003	Artur-N-G5006-P600003-avd.wav	Artur-N	Artur-N-G5006-P600003	2020-09	lastni posnetek	-	Oplotnica	prosti dialog med dvema sogovornikoma	zasebni	osebni stik	Artur-N-G5006	440	500
Artur-N-G5007-P600004	Artur-N-G5007-P600004-avd.wav	Artur-N	Artur-N-G5007-P600004	2020-09	lastni posnetek	-	Maribor	prosti dialog med dvema sogovornikoma	zasebni	osebni stik	Artur-N-G5007	347	295
Artur-N-G5008-P600004	Artur-N-G5008-P600004-avd.wav	Artur-N	Artur-N-G5008-P600004	2020-09	lastni posnetek	-	Maribor	prosti dialog med dvema sogovornikoma	zasebni	osebni stik	Artur-N-G5008	328	414
Artur-N-G5009-P600005	Artur-N-G5009-P600005-avd.wav	Artur-N	Artur-N-G5009-P600005	2020-09	lastni posnetek	-	Maribor	prosti dialog med dvema sogovornikoma	zasebni	osebni stik	Artur-N-G5009	358	295
Artur-N-G5011-P600005	Artur-N-G5011-P600005-avd.wav	Artur-N	Artur-N-G5011-P600005	2020-09	lastni posnetek	-	Maribor	prosti dialog med dvema sogovornikoma	zasebni	osebni stik	Artur-N-G5011	382	256
Artur-N-G5013-P600007	Artur-N-G5013-P600007-avd.wav	Artur-N	Artur-N-G5013-P600007	2020-09	lastni posnetek	-	Hajdina	prosti dialog med dvema sogovornikoma	zasebni	osebni stik	Artur-N-G5013	338	313
Artur-N-G5014-P600007	Artur-N-G5014-P600007-avd.wav	Artur-N	Artur-N-G5014-P600007	2020-09	lastni posnetek	-	Hajdina	prosti dialog med dvema sogovornikoma	zasebni	osebni stik	Artur-N-G5014	187	465
Artur-N-G5015-P600008	Artur-N-G5015-P600008-avd.wav	Artur-N	Artur-N-G5015-P600008	2020-09	lastni posnetek	-	Oplotnica	prosti dialog med dvema sogovornikoma	zasebni	osebni stik	Artur-N-G5015	332	338
Artur-N-G5016-P600008	Artur-N-G5016-P600008-avd.wav	Artur-N	Artur-N-G5016-P600008	2020-09	lastni posnetek	-	Oplotnica	prosti dialog med dvema sogovornikoma	zasebni	osebni stik	Artur-N-G5016	386	302
Artur-N-G5017-P600009	Artur-N-G5017-P600009-avd.wav	Artur-N	Artur-N-G5017-P600009	2020-10	lastni posnetek	-	Maribor	prosti dialog med dvema sogovornikoma	zasebni	osebni stik	Artur-N-G5017	555	428
Artur-N-G5017-P600010	Artur-N-G5017-P600010-avd.wav	Artur-N	Artur-N-G5017-P600010	2020-10	lastni posnetek	-	Maribor	prosti monološki govor	zasebni	osebni stik	Artur-N-G5017	41	151
Artur-N-G5018-P600009	Artur-N-G5018-P600009-avd.wav	Artur-N	Artur-N-G5018-P600009	2020-10	lastni posnetek	-	Maribor	prosti dialog med dvema sogovornikoma	zasebni	osebni stik	Artur-N-G5018	423	489
Artur-N-G5018-P600011	Artur-N-G5018-P600011-avd.wav	Artur-N	Artur-N-G5018-P600011	2020-10	lastni posnetek	-	Maribor	prosti monološki govor	zasebni	osebni stik	Artur-N-G5018	18	171
Artur-N-G5019-P600012	Artur-N-G5019-P600012-avd.wav	Artur-N	Artur-N-G5019-P600012	2020-12	lastni posnetek	-	Maribor	prosti dialog med dvema sogovornikoma	zasebni	osebni stik	Artur-N-G5019	186	114
Artur-N-G5019-P600013	Artur-N-G5019-P600013-avd.wav	Artur-N	Artur-N-G5019-P600013	2020-12	lastni posnetek	-	Maribor	prosti monološki govor	zasebni	osebni stik	Artur-N-G5019	17	187
Artur-N-G5020-P600012	Artur-N-G5020-P600012-avd.wav	Artur-N	Artur-N-G5020-P600012	2020-12	lastni posnetek	-	Maribor	prosti dialog med dvema sogovornikoma	zasebni	osebni stik	Artur-N-G5020	235	326
Artur-N-G5020-P600014	Artur-N-G5020-P600014-avd.wav	Artur-N	Artur-N-G5020-P600014	2020-12	lastni posnetek	-	Maribor	prosti monološki govor	zasebni	osebni stik	Artur-N-G5020	11	157
Artur-N-G5021-P600015	Artur-N-G5021-P600015-avd.wav	Artur-N	Artur-N-G5021-P600015	2020-12	lastni posnetek	-	Maribor	prosti dialog med dvema sogovornikoma	zasebni	osebni stik	Artur-N-G5021	407	406
Artur-N-G5021-P600016	Artur-N-G5021-P600016-avd.wav	Artur-N	Artur-N-G5021-P600016	2020-12	lastni posnetek	-	Maribor	prosti monološki govor	zasebni	osebni stik	Artur-N-G5021	100	169
Artur-N-G5022-P600015	Artur-N-G5022-P600015-avd.wav	Artur-N	Artur-N-G5022-P600015	2020-12	lastni posnetek	-	Maribor	prosti dialog med dvema sogovornikoma	zasebni	osebni stik	Artur-N-G5022	405	355
Artur-N-G5022-P600017	Artur-N-G5022-P600017-avd.wav	Artur-N	Artur-N-G5022-P600017	2020-12	lastni posnetek	-	Maribor	prosti monološki govor	zasebni	osebni stik	Artur-N-G5022	139	205
Artur-N-G5023-P600018	Artur-N-G5023-P600018-avd.wav	Artur-N	Artur-N-G5023-P600018	2020-12	lastni posnetek	-	Maribor	prosti dialog med dvema sogovornikoma	zasebni	osebni stik	Artur-N-G5023	300	554
Artur-N-G5023-P600019	Artur-N-G5023-P600019-avd.wav	Artur-N	Artur-N-G5023-P600019	2020-12	lastni posnetek	-	Maribor	prosti monološki govor	zasebni	osebni stik	Artur-N-G5023	201	246
Artur-N-G5024-P600018	Artur-N-G5024-P600018-avd.wav	Artur-N	Artur-N-G5024-P600018	2020-12	lastni posnetek	-	Maribor	prosti dialog med dvema sogovornikoma	zasebni	osebni stik	Artur-N-G5024	262	253
Artur-N-G5024-P600020	Artur-N-G5024-P600020-avd.wav	Artur-N	Artur-N-G5024-P600020	2020-12	lastni posnetek	-	Maribor	prosti monološki govor	zasebni	osebni stik	Artur-N-G5024	149	303
Artur-N-G5025-P600021	Artur-N-G5025-P600021-avd.wav	Artur-N	Artur-N-G5025-P600021	2020-12	lastni posnetek	-	Murska Sobota	prosti dialog med dvema sogovornikoma	zasebni	osebni stik	Artur-N-G5025	251	553
Artur-N-G5025-P600022	Artur-N-G5025-P600022-avd.wav	Artur-N	Artur-N-G5025-P600022	2020-12	lastni posnetek	-	Murska Sobota	prosti monološki govor	zasebni	osebni stik	Artur-N-G5025	31	173
Artur-N-G5026-P600021	Artur-N-G5026-P600021-avd.wav	Artur-N	Artur-N-G5026-P600021	2020-12	lastni posnetek	-	Murska Sobota	prosti dialog med dvema sogovornikoma	zasebni	osebni stik	Artur-N-G5026	241	387
Artur-N-G5026-P600023	Artur-N-G5026-P600023-avd.wav	Artur-N	Artur-N-G5026-P600023	2020-12	lastni posnetek	-	Murska Sobota	prosti monološki govor	zasebni	osebni stik	Artur-N-G5026	25	66
Artur-N-G5027-P600024	Artur-N-G5027-P600024-avd.wav	Artur-N	Artur-N-G5027-P600024	2020-12	lastni posnetek	-	Murska Sobota	prosti dialog med dvema sogovornikoma	zasebni	osebni stik	Artur-N-G5027	286	630
Artur-N-G5027-P600025	Artur-N-G5027-P600025-avd.wav	Artur-N	Artur-N-G5027-P600025	2020-12	lastni posnetek	-	Murska Sobota	prosti monološki govor	zasebni	osebni stik	Artur-N-G5027	4	55
Artur-N-G5028-P600024	Artur-N-G5028-P600024-avd.wav	Artur-N	Artur-N-G5028-P600024	2020-12	lastni posnetek	-	Murska Sobota	prosti dialog med dvema sogovornikoma	zasebni	osebni stik	Artur-N-G5028	348	334
Artur-N-G5028-P600026	Artur-N-G5028-P600026-avd.wav	Artur-N	Artur-N-G5028-P600026	2020-12	lastni posnetek	-	Murska Sobota	prosti monološki govor	zasebni	osebni stik	Artur-N-G5028	37	91
Artur-N-G5029-P600027	Artur-N-G5029-P600027-avd.wav	Artur-N	Artur-N-G5029-P600027	2020-12	lastni posnetek	-	Murska Sobota	prosti dialog med dvema sogovornikoma	zasebni	osebni stik	Artur-N-G5029	69	260
Artur-N-G5029-P600028	Artur-N-G5029-P600028-avd.wav	Artur-N	Artur-N-G5029-P600028	2020-12	lastni posnetek	-	Murska Sobota	prosti monološki govor	zasebni	osebni stik	Artur-N-G5029	5	37
Artur-N-G5030-P600027	Artur-N-G5030-P600027-avd.wav	Artur-N	Artur-N-G5030-P600027	2020-12	lastni posnetek	-	Murska Sobota	prosti dialog med dvema sogovornikoma	zasebni	osebni stik	Artur-N-G5030	63	377
Artur-N-G5030-P600029	Artur-N-G5030-P600029-avd.wav	Artur-N	Artur-N-G5030-P600029	2020-12	lastni posnetek	-	Murska Sobota	prosti monološki govor	zasebni	osebni stik	Artur-N-G5030	3	44
Artur-N-G5033-P600031	Artur-N-G5033-P600031-avd.wav	Artur-N	Artur-N-G5033-P600031	2021-01	lastni posnetek	-	Beltinci	prosti dialog med dvema sogovornikoma	zasebni	osebni stik	Artur-N-G5033	79	114
Artur-N-G5033-P600032	Artur-N-G5033-P600032-avd.wav	Artur-N	Artur-N-G5033-P600032	2021-01	lastni posnetek	-	Beltinci	prosti monološki govor	zasebni	osebni stik	Artur-N-G5033	3	29
Artur-N-G5034-P600031	Artur-N-G5034-P600031-avd.wav	Artur-N	Artur-N-G5034-P600031	2021-01	lastni posnetek	-	Beltinci	prosti dialog med dvema sogovornikoma	zasebni	osebni stik	Artur-N-G5034	72	739
Artur-N-G5034-P600033	Artur-N-G5034-P600033-avd.wav	Artur-N	Artur-N-G5034-P600033	2021-01	lastni posnetek	-	Beltinci	prosti monološki govor	zasebni	osebni stik	Artur-N-G5034	3	30
Artur-N-G5035-P600034	Artur-N-G5035-P600034-avd.wav	Artur-N	Artur-N-G5035-P600034	2021-01	lastni posnetek	-	Ormož	prosti dialog med dvema sogovornikoma	zasebni	osebni stik	Artur-N-G5035	98	278
Artur-N-G5036-P600034	Artur-N-G5036-P600034-avd.wav	Artur-N	Artur-N-G5036-P600034	2021-01	lastni posnetek	-	Ormož	prosti dialog med dvema sogovornikoma	zasebni	osebni stik	Artur-N-G5036	120	247
Artur-N-G5037-P600035	Artur-N-G5037-P600035-avd.wav	Artur-N	Artur-N-G5037-P600035	2021-02	lastni posnetek	-	Murska Sobota	prosti dialog med dvema sogovornikoma	zasebni	osebni stik	Artur-N-G5037	289	415
Artur-N-G5037-P600036	Artur-N-G5037-P600036-avd.wav	Artur-N	Artur-N-G5037-P600036	2021-02	lastni posnetek	-	Murska Sobota	prosti monološki govor	zasebni	osebni stik	Artur-N-G5037	3	97
Artur-N-G5038-P600035	Artur-N-G5038-P600035-avd.wav	Artur-N	Artur-N-G5038-P600035	2021-02	lastni posnetek	-	Murska Sobota	prosti dialog med dvema sogovornikoma	zasebni	osebni stik	Artur-N-G5038	282	278
Artur-N-G5038-P600037	Artur-N-G5038-P600037-avd.wav	Artur-N	Artur-N-G5038-P600037	2021-02	lastni posnetek	-	Murska Sobota	prosti monološki govor	zasebni	osebni stik	Artur-N-G5038	9	68
Artur-N-G5039-P600039	Artur-N-G5039-P600039-avd.wav	Artur-N	Artur-N-G5039-P600039	2021-02	lastni posnetek	-	Ravne	prosti monološki govor	zasebni	osebni stik	Artur-N-G5039	153	229
Artur-N-G5040-P600040	Artur-N-G5040-P600040-avd.wav	Artur-N	Artur-N-G5040-P600040	2021-02	lastni posnetek	-	Ravne	prosti monološki govor	zasebni	osebni stik	Artur-N-G5040	189	148
Artur-N-G5041-P600042	Artur-N-G5041-P600042-avd.wav	Artur-N	Artur-N-G5041-P600042	2021-02	lastni posnetek	-	Ravne	prosti monološki govor	zasebni	osebni stik	Artur-N-G5041	171	176
Artur-N-G5042-P600043	Artur-N-G5042-P600043-avd.wav	Artur-N	Artur-N-G5042-P600043	2021-02	lastni posnetek	-	Ravne	prosti monološki govor	zasebni	osebni stik	Artur-N-G5042	191	260
Artur-N-G5043-P600044	Artur-N-G5043-P600044-avd.wav	Artur-N	Artur-N-G5043-P600044	2021-03	lastni posnetek	-	Ravne	prosti dialog med dvema sogovornikoma	zasebni	osebni stik	Artur-N-G5043	231	458
Artur-N-G5044-P600044	Artur-N-G5044-P600044-avd.wav	Artur-N	Artur-N-G5044-P600044	2021-03	lastni posnetek	-	Ravne	prosti dialog med dvema sogovornikoma	zasebni	osebni stik	Artur-N-G5044	206	186
Artur-N-G5045-P600046	Artur-N-G5045-P600046-avd.wav	Artur-N	Artur-N-G5045-P600046	2021-03	lastni posnetek	-	Maribor	prosti monološki govor	zasebni	osebni stik	Artur-N-G5045	177	130
Artur-N-G5046-P600047	Artur-N-G5046-P600047-avd.wav	Artur-N	Artur-N-G5046-P600047	2021-03	lastni posnetek	-	Maribor	prosti monološki govor	zasebni	osebni stik	Artur-N-G5046	57	107
Artur-N-G5049-P600049	Artur-N-G5049-P600049-avd.wav	Artur-N	Artur-N-G5049-P600049	2021-03	lastni posnetek	-	Maribor	prosti dialog med dvema sogovornikoma	zasebni	osebni stik	Artur-N-G5049	222	303
Artur-N-G5050-P600049	Artur-N-G5050-P600049-avd.wav	Artur-N	Artur-N-G5050-P600049	2021-03	lastni posnetek	-	Maribor	prosti dialog med dvema sogovornikoma	zasebni	osebni stik	Artur-N-G5050	241	205
Artur-N-G5051-P600501	Artur-N-G5051-P600501-avd.wav	Artur-N	Artur-N-G5051-P600501	2021-05	lastni posnetek	-	Maribor	prosti monološki govor	zasebni	osebni stik	Artur-N-G5051	45	223
Artur-N-G5053-P600052	Artur-N-G5053-P600052-avd.wav	Artur-N	Artur-N-G5053-P600052	2021-05	lastni posnetek	-	Maribor	prosti dialog med dvema sogovornikoma	zasebni	osebni stik	Artur-N-G5053	369	347
Artur-N-G5054-P600052	Artur-N-G5054-P600052-avd.wav	Artur-N	Artur-N-G5054-P600052	2021-05	lastni posnetek	-	Maribor	prosti dialog med dvema sogovornikoma	zasebni	osebni stik	Artur-N-G5054	326	360
Artur-N-G5059-P600055	Artur-N-G5059-P600055-avd.wav	Artur-N	Artur-N-G5059-P600055	2021-05	lastni posnetek	-	Maribor	prosti dialog med dvema sogovornikoma	zasebni	osebni stik	Artur-N-G5059	141	191
Artur-N-G5060-P600055	Artur-N-G5060-P600055-avd.wav	Artur-N	Artur-N-G5060-P600055	2021-05	lastni posnetek	-	Maribor	prosti dialog med dvema sogovornikoma	zasebni	osebni stik	Artur-N-G5060	104	349
Artur-N-G5061-P600561	Artur-N-G5061-P600561-avd.wav	Artur-N	Artur-N-G5061-P600561	2021-07	lastni posnetek	-	Maribor	prosti monološki govor	zasebni	osebni stik	Artur-N-G5061	1	44
Artur-N-G5062-P600057	Artur-N-G5062-P600057-avd.wav	Artur-N	Artur-N-G5062-P600057	2021-07	lastni posnetek	-	Maribor	prosti monološki govor	zasebni	osebni stik	Artur-N-G5062	9	145
Artur-N-G5063-P600581	Artur-N-G5063-P600581-avd.wav	Artur-N	Artur-N-G5063-P600581	2021-07	lastni posnetek	-	Maribor	prosti monološki govor	zasebni	osebni stik	Artur-N-G5063	39	262
Artur-N-G5064-P600591	Artur-N-G5064-P600591-avd.wav	Artur-N	Artur-N-G5064-P600591	2021-07	lastni posnetek	-	Maribor	prosti monološki govor	zasebni	osebni stik	Artur-N-G5064	1	26
Artur-N-G5065-P600601	Artur-N-G5065-P600601-avd.wav	Artur-N	Artur-N-G5065-P600601	2021-07	lastni posnetek	-	Maribor	prosti monološki govor	zasebni	osebni stik	Artur-N-G5065	1	36
Artur-N-G5066-P600611	Artur-N-G5066-P600611-avd.wav	Artur-N	Artur-N-G5066-P600611	2021-07	lastni posnetek	-	Maribor	prosti monološki govor	zasebni	osebni stik	Artur-N-G5066	5	157
Artur-N-G5068-P600063	Artur-N-G5068-P600063-avd.wav	Artur-N	Artur-N-G5068-P600063	2021-07	lastni posnetek	-	Maribor	prosti dialog med dvema sogovornikoma	zasebni	osebni stik	Artur-N-G5068	163	310
Artur-N-G5068-P600064	Artur-N-G5068-P600064-avd.wav	Artur-N	Artur-N-G5068-P600064	2021-07	lastni posnetek	-	Maribor	prosti monološki govor	zasebni	osebni stik	Artur-N-G5068	1	60
Artur-N-G5069-P600063	Artur-N-G5069-P600063-avd.wav	Artur-N	Artur-N-G5069-P600063	2021-07	lastni posnetek	-	Maribor	prosti dialog med dvema sogovornikoma	zasebni	osebni stik	Artur-N-G5069	176	145
Artur-N-G5069-P600065	Artur-N-G5069-P600065-avd.wav	Artur-N	Artur-N-G5069-P600065	2021-07	lastni posnetek	-	Maribor	prosti monološki govor	zasebni	osebni stik	Artur-N-G5069	1	64
Artur-N-G5071-P600067	Artur-N-G5071-P600067-avd.wav	Artur-N	Artur-N-G5071-P600067	2021-07	lastni posnetek	-	Maribor	prosti monološki govor	zasebni	osebni stik	Artur-N-G5071	1	174
Artur-N-G5072-P600068	Artur-N-G5072-P600068-avd.wav	Artur-N	Artur-N-G5072-P600068	2021-07	lastni posnetek	-	Maribor	prosti monološki govor	zasebni	osebni stik	Artur-N-G5072	9	176
Artur-N-G5073-P600069	Artur-N-G5073-P600069-avd.wav	Artur-N	Artur-N-G5073-P600069	2021-07	lastni posnetek	-	Maribor	prosti monološki govor	zasebni	osebni stik	Artur-N-G5073	4	154
Artur-N-G5075-P600071	Artur-N-G5075-P600071-avd.wav	Artur-N	Artur-N-G5075-P600071	2021-07	lastni posnetek	-	Maribor	prosti monološki govor	zasebni	osebni stik	Artur-N-G5075	9	150
Artur-N-G5076-P600072	Artur-N-G5076-P600072-avd.wav	Artur-N	Artur-N-G5076-P600072	2021-07	lastni posnetek	-	Maribor	prosti dialog med dvema sogovornikoma	zasebni	osebni stik	Artur-N-G5076	81	355
Artur-N-G5076-P600073	Artur-N-G5076-P600073-avd.wav	Artur-N	Artur-N-G5076-P600073	2021-07	lastni posnetek	-	Maribor	prosti monološki govor	zasebni	osebni stik	Artur-N-G5076	8	78
Artur-N-G5077-P600072	Artur-N-G5077-P600072-avd.wav	Artur-N	Artur-N-G5077-P600072	2021-07	lastni posnetek	-	Maribor	prosti dialog med dvema sogovornikoma	zasebni	osebni stik	Artur-N-G5077	80	154
Artur-N-G5077-P600074	Artur-N-G5077-P600074-avd.wav	Artur-N	Artur-N-G5077-P600074	2021-07	lastni posnetek	-	Maribor	prosti monološki govor	zasebni	osebni stik	Artur-N-G5077	1	124
Artur-N-G5078-P600075	Artur-N-G5078-P600075-avd.wav	Artur-N	Artur-N-G5078-P600075	2021-07	lastni posnetek	-	Maribor	prosti dialog med dvema sogovornikoma	zasebni	osebni stik	Artur-N-G5078	68	333
Artur-N-G5078-P600076	Artur-N-G5078-P600076-avd.wav	Artur-N	Artur-N-G5078-P600076	2021-07	lastni posnetek	-	Maribor	prosti monološki govor	zasebni	osebni stik	Artur-N-G5078	3	160
Artur-N-G5079-P600075	Artur-N-G5079-P600075-avd.wav	Artur-N	Artur-N-G5079-P600075	2021-07	lastni posnetek	-	Maribor	prosti dialog med dvema sogovornikoma	zasebni	osebni stik	Artur-N-G5079	69	230
Artur-N-G5079-P600077	Artur-N-G5079-P600077-avd.wav	Artur-N	Artur-N-G5079-P600077	2021-07	lastni posnetek	-	Maribor	prosti monološki govor	zasebni	osebni stik	Artur-N-G5079	30	88
Artur-N-G5080-P600781	Artur-N-G5080-P600781-avd.wav	Artur-N	Artur-N-G5080-P600781	2021-07	lastni posnetek	-	Ormož	prosti monološki govor	zasebni	osebni stik	Artur-N-G5080	1	212
Artur-N-G5081-P600791	Artur-N-G5081-P600791-avd.wav	Artur-N	Artur-N-G5081-P600791	2021-07	lastni posnetek	-	Maribor	prosti monološki govor	zasebni	osebni stik	Artur-N-G5081	6	320
Artur-N-G5082-P600080	Artur-N-G5082-P600080-avd.wav	Artur-N	Artur-N-G5082-P600080	2021-07	lastni posnetek	-	Maribor	prosti dialog med dvema sogovornikoma	zasebni	osebni stik	Artur-N-G5082	63	96
Artur-N-G5082-P600081	Artur-N-G5082-P600081-avd.wav	Artur-N	Artur-N-G5082-P600081	2021-07	lastni posnetek	-	Maribor	prosti monološki govor	zasebni	osebni stik	Artur-N-G5082	1	18
Artur-N-G5083-P600080	Artur-N-G5083-P600080-avd.wav	Artur-N	Artur-N-G5083-P600080	2021-07	lastni posnetek	-	Maribor	prosti dialog med dvema sogovornikoma	zasebni	osebni stik	Artur-N-G5083	64	450
Artur-N-G5083-P600082	Artur-N-G5083-P600082-avd.wav	Artur-N	Artur-N-G5083-P600082	2021-07	lastni posnetek	-	Maribor	prosti monološki govor	zasebni	osebni stik	Artur-N-G5083	1	24
Artur-N-G5084-P600831	Artur-N-G5084-P600831-avd.wav	Artur-N	Artur-N-G5084-P600831	2021-07	lastni posnetek	-	Ormož	prosti monološki govor	zasebni	osebni stik	Artur-N-G5084	1	256
Artur-N-G5085-P600841	Artur-N-G5085-P600841-avd.wav	Artur-N	Artur-N-G5085-P600841	2021-07	lastni posnetek	-	Maribor	prosti monološki govor	zasebni	osebni stik	Artur-N-G5085	6	267
Artur-N-G5087-P600861	Artur-N-G5087-P600861-avd.wav	Artur-N	Artur-N-G5087-P600861	2021-07	lastni posnetek	-	Maribor	prosti monološki govor	zasebni	osebni stik	Artur-N-G5087	6	185
Artur-N-G5088-P600087	Artur-N-G5088-P600087-avd.wav	Artur-N	Artur-N-G5088-P600087	2021-07	lastni posnetek	-	Maribor	prosti dialog med dvema sogovornikoma	zasebni	osebni stik	Artur-N-G5088	42	252
Artur-N-G5088-P600088	Artur-N-G5088-P600088-avd.wav	Artur-N	Artur-N-G5088-P600088	2021-07	lastni posnetek	-	Maribor	prosti monološki govor	zasebni	osebni stik	Artur-N-G5088	1	42
Artur-N-G5089-P600087	Artur-N-G5089-P600087-avd.wav	Artur-N	Artur-N-G5089-P600087	2021-07	lastni posnetek	-	Maribor	prosti dialog med dvema sogovornikoma	zasebni	osebni stik	Artur-N-G5089	43	220
Artur-N-G5089-P600089	Artur-N-G5089-P600089-avd.wav	Artur-N	Artur-N-G5089-P600089	2021-07	lastni posnetek	-	Maribor	prosti monološki govor	zasebni	osebni stik	Artur-N-G5089	1	51
Artur-N-G5091-P600911	Artur-N-G5091-P600911-avd.wav	Artur-N	Artur-N-G5091-P600911	2021-07	lastni posnetek	-	Maribor	prosti monološki govor	zasebni	osebni stik	Artur-N-G5091	3	371
Artur-N-G5093-P600921	Artur-N-G5093-P600921-avd.wav	Artur-N	Artur-N-G5093-P600921	2021-07	lastni posnetek	-	Gorenja vas-Poljane	prosti monološki govor	zasebni	osebni stik	Artur-N-G5093	7	144
Artur-N-G5097-P600096	Artur-N-G5097-P600096-avd.wav	Artur-N	Artur-N-G5097-P600096	2021-07	lastni posnetek	-	Škofja Loka	prosti monološki govor	zasebni	osebni stik	Artur-N-G5097	1	125
Artur-N-G5098-P600098	Artur-N-G5098-P600098-avd.wav	Artur-N	Artur-N-G5098-P600098	2021-07	lastni posnetek	-	Ljubljana	prosti monološki govor	zasebni	osebni stik	Artur-N-G5098	1	108
Artur-N-G5099-P600100	Artur-N-G5099-P600100-avd.wav	Artur-N	Artur-N-G5099-P600100	2021-07	lastni posnetek	-	Škofja Loka	prosti monološki govor	zasebni	osebni stik	Artur-N-G5099	1	75
Artur-N-G5100-P600102	Artur-N-G5100-P600102-avd.wav	Artur-N	Artur-N-G5100-P600102	2021-07	lastni posnetek	-	Gorenja vas-Poljane	prosti monološki govor	zasebni	osebni stik	Artur-N-G5100	1	155
Artur-N-G5132-P601311	Artur-N-G5132-P601311-avd.wav	Artur-N	Artur-N-G5132-P601311	2021-08	lastni posnetek	-	Maribor	prosti monološki govor	zasebni	osebni stik	Artur-N-G5132	1	286
Artur-N-G5133-P601321	Artur-N-G5133-P601321-avd.wav	Artur-N	Artur-N-G5133-P601321	2021-08	lastni posnetek	-	Maribor	prosti monološki govor	zasebni	osebni stik	Artur-N-G5133	1	161
Artur-N-G5134-P600133	Artur-N-G5134-P600133-avd.wav	Artur-N	Artur-N-G5134-P600133	2021-08	lastni posnetek	-	Maribor	prosti dialog med dvema sogovornikoma	zasebni	osebni stik	Artur-N-G5134	116	386
Artur-N-G5134-P600134	Artur-N-G5134-P600134-avd.wav	Artur-N	Artur-N-G5134-P600134	2021-08	lastni posnetek	-	Maribor	prosti monološki govor	zasebni	osebni stik	Artur-N-G5134	13	38
Artur-N-G6001-P600102	Artur-N-G6001-P600102-avd.wav	Artur-N	Artur-N-G6001-P600102	2020-12	lastni posnetek	-	Litija	razlaganje in opisovanje	zasebni	osebni stik	Artur-N-G6001	29	340
Artur-N-G6003-P003004	Artur-N-G6003-P003004-avd.wav	Artur-N	Artur-N-G6003-P003004	2021-04	lastni posnetek	-	Kranjska Gora	prosti dialog med dvema sogovornikoma	zasebni	osebni stik	Artur-N-G6003	170	420
Artur-N-G6007-P600702	Artur-N-G6007-P600702-avd.wav	Artur-N	Artur-N-G6007-P600702	2020-12	lastni posnetek	-	Ljubljana	razlaganje in opisovanje	zasebni	osebni stik	Artur-N-G6007	5	376
Artur-N-G6009-P600902	Artur-N-G6009-P600902-avd.wav	Artur-N	Artur-N-G6009-P600902	2020-12	lastni posnetek	-	Ljubljana	razlaganje in opisovanje	zasebni	osebni stik	Artur-N-G6009	11	256
Artur-N-G6011-P601102	Artur-N-G6011-P601102-avd.wav	Artur-N	Artur-N-G6011-P601102	2021-01	lastni posnetek	-	Ljubljana	razlaganje in opisovanje	zasebni	osebni stik	Artur-N-G6011	160	386
Artur-N-G6012-P601201	Artur-N-G6012-P601201-avd.wav	Artur-N	Artur-N-G6012-P601201	2021-09	lastni posnetek	-	Radovljica	prosti monološki govor	zasebni	osebni stik	Artur-N-G6012	55	364
Artur-N-G6014-P601402	Artur-N-G6014-P601402-avd.wav	Artur-N	Artur-N-G6014-P601402	2021-09	lastni posnetek	-	Ljubljana	razlaganje in opisovanje	zasebni	osebni stik	Artur-N-G6014	27	232
Artur-N-G6025-P602501	Artur-N-G6025-P602501-avd.wav	Artur-N	Artur-N-G6025-P602501	2021-03	lastni posnetek	-	Ljubljana	prosti monološki govor	zasebni	osebni stik	Artur-N-G6025	64	518
Artur-N-G6026-P602602	Artur-N-G6026-P602602-avd.wav	Artur-N	Artur-N-G6026-P602602	2021-01	lastni posnetek	-	Ljubljana	razlaganje in opisovanje	zasebni	osebni stik	Artur-N-G6026	213	564
Artur-N-G6027-P602701	Artur-N-G6027-P602701-avd.wav	Artur-N	Artur-N-G6027-P602701	2021-03	lastni posnetek	-	Ljubljana	prosti monološki govor	zasebni	osebni stik	Artur-N-G6027	50	500
Artur-N-G6031-P603102	Artur-N-G6031-P603102-avd.wav	Artur-N	Artur-N-G6031-P603102	2021-01	lastni posnetek	-	Ljubljana	razlaganje in opisovanje	zasebni	osebni stik	Artur-N-G6031	19	135
Artur-N-G6037-P603702	Artur-N-G6037-P603702-avd.wav	Artur-N	Artur-N-G6037-P603702	2021-02	lastni posnetek	-	Škofja Loka	razlaganje in opisovanje	zasebni	osebni stik	Artur-N-G6037	264	427
Artur-N-G6038-P603802	Artur-N-G6038-P603802-avd.wav	Artur-N	Artur-N-G6038-P603802	2021-02	lastni posnetek	-	Škofja Loka	razlaganje in opisovanje	zasebni	osebni stik	Artur-N-G6038	79	334
Artur-N-G6040-P604002	Artur-N-G6040-P604002-avd.wav	Artur-N	Artur-N-G6040-P604002	2021-03	lastni posnetek	-	Ljubljana	razlaganje in opisovanje	zasebni	osebni stik	Artur-N-G6040	15	244
Artur-N-G6043-P604301	Artur-N-G6043-P604301-avd.wav	Artur-N	Artur-N-G6043-P604301	2021-07	lastni posnetek	-	Ljubljana	prosti monološki govor	zasebni	osebni stik	Artur-N-G6043	39	329
Artur-N-G6044-P604402	Artur-N-G6044-P604402-avd.wav	Artur-N	Artur-N-G6044-P604402	2021-02	lastni posnetek	-	Ljubljana	razlaganje in opisovanje	zasebni	osebni stik	Artur-N-G6044	7	305
Artur-N-G6045-P604501	Artur-N-G6045-P604501-avd.wav	Artur-N	Artur-N-G6045-P604501	2021-08	lastni posnetek	-	Ljubljana	prosti monološki govor	zasebni	osebni stik	Artur-N-G6045	24	328
Artur-N-G6046-P604602	Artur-N-G6046-P604602-avd.wav	Artur-N	Artur-N-G6046-P604602	2021-02	lastni posnetek	-	Ljubljana	razlaganje in opisovanje	zasebni	osebni stik	Artur-N-G6046	21	147
Artur-N-G6047-P604702	Artur-N-G6047-P604702-avd.wav	Artur-N	Artur-N-G6047-P604702	2021-02	lastni posnetek	-	Naklo	razlaganje in opisovanje	zasebni	osebni stik	Artur-N-G6047	131	346
Artur-N-G6050-P605001	Artur-N-G6050-P605001-avd.wav	Artur-N	Artur-N-G6050-P605001	2021-02	lastni posnetek	-	Naklo	prosti monološki govor	zasebni	osebni stik	Artur-N-G6050	158	499
Artur-N-G6051-P605101	Artur-N-G6051-P605101-avd.wav	Artur-N	Artur-N-G6051-P605101	2021-02	lastni posnetek	-	Naklo	prosti monološki govor	zasebni	osebni stik	Artur-N-G6051	90	599
Artur-N-G6052-P605202	Artur-N-G6052-P605202-avd.wav	Artur-N	Artur-N-G6052-P605202	2021-02	lastni posnetek	-	Škofja Loka	razlaganje in opisovanje	zasebni	osebni stik	Artur-N-G6052	45	442
Artur-N-G6053-P605302	Artur-N-G6053-P605302-avd.wav	Artur-N	Artur-N-G6053-P605302	2021-03	lastni posnetek	-	Naklo	razlaganje in opisovanje	zasebni	osebni stik	Artur-N-G6053	37	368
Artur-N-G6055-P605501	Artur-N-G6055-P605501-avd.wav	Artur-N	Artur-N-G6055-P605501	2021-03	lastni posnetek	-	Škofja Loka	prosti monološki govor	zasebni	osebni stik	Artur-N-G6055	19	502
Artur-N-G6057-P605701	Artur-N-G6057-P605701-avd.wav	Artur-N	Artur-N-G6057-P605701	2021-03	lastni posnetek	-	Škofja Loka	prosti monološki govor	zasebni	osebni stik	Artur-N-G6057	62	415
Artur-N-G6059-P605901	Artur-N-G6059-P605901-avd.wav	Artur-N	Artur-N-G6059-P605901	2021-05	lastni posnetek	-	Idrija	prosti monološki govor	zasebni	osebni stik	Artur-N-G6059	5	423
Artur-N-G6060-P606001	Artur-N-G6060-P606001-avd.wav	Artur-N	Artur-N-G6060-P606001	2021-05	lastni posnetek	-	Idrija	prosti monološki govor	zasebni	osebni stik	Artur-N-G6060	57	259
Artur-N-G6061-P606102	Artur-N-G6061-P606102-avd.wav	Artur-N	Artur-N-G6061-P606102	2021-03	lastni posnetek	-	Naklo	razlaganje in opisovanje	zasebni	osebni stik	Artur-N-G6061	5	338
Artur-N-G6063-P606301	Artur-N-G6063-P606301-avd.wav	Artur-N	Artur-N-G6063-P606301	2021-03	lastni posnetek	-	Naklo	prosti monološki govor	zasebni	osebni stik	Artur-N-G6063	47	536
Artur-N-G6068-P606801	Artur-N-G6068-P606801-avd.wav	Artur-N	Artur-N-G6068-P606801	2021-03	lastni posnetek	-	Ljubljana	prosti monološki govor	zasebni	osebni stik	Artur-N-G6068	76	276
Artur-N-G6069-P606901	Artur-N-G6069-P606901-avd.wav	Artur-N	Artur-N-G6069-P606901	2020-08	lastni posnetek	-	Ljubljana	prosti monološki govor	zasebni	osebni stik	Artur-N-G6069	38	199
Artur-N-G6070-P607002	Artur-N-G6070-P607002-avd.wav	Artur-N	Artur-N-G6070-P607002	2021-06	lastni posnetek	-	Ljubljana	razlaganje in opisovanje	zasebni	osebni stik	Artur-N-G6070	43	97
Artur-N-G6072-P607202	Artur-N-G6072-P607202-avd.wav	Artur-N	Artur-N-G6072-P607202	2021-04	lastni posnetek	-	Ljubljana	razlaganje in opisovanje	zasebni	osebni stik	Artur-N-G6072	64	178
Artur-N-G6074-P607402	Artur-N-G6074-P607402-avd.wav	Artur-N	Artur-N-G6074-P607402	2021-04	lastni posnetek	-	Ljubljana	razlaganje in opisovanje	zasebni	osebni stik	Artur-N-G6074	56	197
Artur-N-G6077-P607701	Artur-N-G6077-P607701-avd.wav	Artur-N	Artur-N-G6077-P607701	2021-04	lastni posnetek	-	Škofja Loka	prosti monološki govor	zasebni	osebni stik	Artur-N-G6077	55	475
Artur-N-G6078-P607801	Artur-N-G6078-P607801-avd.wav	Artur-N	Artur-N-G6078-P607801	2021-04	lastni posnetek	-	Škofja Loka	prosti monološki govor	zasebni	osebni stik	Artur-N-G6078	10	500
Artur-N-G6080-P608002	Artur-N-G6080-P608002-avd.wav	Artur-N	Artur-N-G6080-P608002	2021-04	lastni posnetek	-	Žirovnica	razlaganje in opisovanje	zasebni	osebni stik	Artur-N-G6080	31	134
Artur-N-G6081-P608101	Artur-N-G6081-P608101-avd.wav	Artur-N	Artur-N-G6081-P608101	2021-04	lastni posnetek	-	Žirovnica	prosti monološki govor	zasebni	osebni stik	Artur-N-G6081	9	400
Artur-N-G6082-P608201	Artur-N-G6082-P608201-avd.wav	Artur-N	Artur-N-G6082-P608201	2021-05	lastni posnetek	-	Kamnik	prosti monološki govor	zasebni	osebni stik	Artur-N-G6082	51	351
Artur-N-G6083-P608301	Artur-N-G6083-P608301-avd.wav	Artur-N	Artur-N-G6083-P608301	2021-05	lastni posnetek	-	Idrija	prosti monološki govor	zasebni	osebni stik	Artur-N-G6083	70	298
Artur-N-G6084-P608401	Artur-N-G6084-P608401-avd.wav	Artur-N	Artur-N-G6084-P608401	2021-04	lastni posnetek	-	Ljubljana	prosti monološki govor	zasebni	osebni stik	Artur-N-G6084	29	621
Artur-N-G6085-P608502	Artur-N-G6085-P608502-avd.wav	Artur-N	Artur-N-G6085-P608502	2021-05	lastni posnetek	-	Škofljica	razlaganje in opisovanje	zasebni	osebni stik	Artur-N-G6085	25	313
Artur-N-G6086-P608602	Artur-N-G6086-P608602-avd.wav	Artur-N	Artur-N-G6086-P608602	2021-04	lastni posnetek	-	Ljubljana	razlaganje in opisovanje	zasebni	osebni stik	Artur-N-G6086	27	254
Artur-N-G6087-P608702	Artur-N-G6087-P608702-avd.wav	Artur-N	Artur-N-G6087-P608702	2021-04	lastni posnetek	-	Ljubljana	razlaganje in opisovanje	zasebni	osebni stik	Artur-N-G6087	11	286
Artur-N-G6088-P608802	Artur-N-G6088-P608802-avd.wav	Artur-N	Artur-N-G6088-P608802	2021-04	lastni posnetek	-	Ljubljana	razlaganje in opisovanje	zasebni	osebni stik	Artur-N-G6088	63	224
Artur-N-G6092-P609202	Artur-N-G6092-P609202-avd.wav	Artur-N	Artur-N-G6092-P609202	2021-05	lastni posnetek	-	Škofljica	razlaganje in opisovanje	zasebni	osebni stik	Artur-N-G6092	42	149
Artur-N-G6093-P609301	Artur-N-G6093-P609301-avd.wav	Artur-N	Artur-N-G6093-P609301	2021-06	lastni posnetek	-	Škofljica	prosti monološki govor	zasebni	osebni stik	Artur-N-G6093	5	254
Artur-N-G6094-P609401	Artur-N-G6094-P609401-avd.wav	Artur-N	Artur-N-G6094-P609401	2021-06	lastni posnetek	-	Škofljica	prosti monološki govor	zasebni	osebni stik	Artur-N-G6094	5	346
Artur-N-G6095-P609502	Artur-N-G6095-P609502-avd.wav	Artur-N	Artur-N-G6095-P609502	2021-05	lastni posnetek	-	Škofljica	razlaganje in opisovanje	zasebni	osebni stik	Artur-N-G6095	46	149
Artur-N-G6096-P609602	Artur-N-G6096-P609602-avd.wav	Artur-N	Artur-N-G6096-P609602	2021-07	lastni posnetek	-	Kranj	razlaganje in opisovanje	zasebni	osebni stik	Artur-N-G6096	9	243
Artur-N-G6097-P609702	Artur-N-G6097-P609702-avd.wav	Artur-N	Artur-N-G6097-P609702	2021-12	lastni posnetek	-	Kranj	razlaganje in opisovanje	zasebni	osebni stik	Artur-N-G6097	11	206
Artur-N-G6100-P610002	Artur-N-G6100-P610002-avd.wav	Artur-N	Artur-N-G6100-P610002	2021-07	lastni posnetek	-	Vrhnika	razlaganje in opisovanje	zasebni	osebni stik	Artur-N-G6100	3	189
Artur-N-G6103-P610302	Artur-N-G6103-P610302-avd.wav	Artur-N	Artur-N-G6103-P610302	2021-05	lastni posnetek	-	Nova Gorica	razlaganje in opisovanje	zasebni	osebni stik	Artur-N-G6103	9	218
Artur-N-G6104-P610401	Artur-N-G6104-P610401-avd.wav	Artur-N	Artur-N-G6104-P610401	2021-04	lastni posnetek	-	Ljubljana	prosti monološki govor	zasebni	osebni stik	Artur-N-G6104	41	300
Artur-N-G6105-P610501	Artur-N-G6105-P610501-avd.wav	Artur-N	Artur-N-G6105-P610501	2021-04	lastni posnetek	-	Ljubljana	prosti monološki govor	zasebni	osebni stik	Artur-N-G6105	39	353
Artur-N-G6106-P610601	Artur-N-G6106-P610601-avd.wav	Artur-N	Artur-N-G6106-P610601	2021-04	lastni posnetek	-	Ljubljana	prosti monološki govor	zasebni	osebni stik	Artur-N-G6106	81	411
Artur-N-G6108-P610801	Artur-N-G6108-P610801-avd.wav	Artur-N	Artur-N-G6108-P610801	2021-04	lastni posnetek	-	Ljubljana	prosti monološki govor	zasebni	osebni stik	Artur-N-G6108	37	346
Artur-N-G6112-P611202	Artur-N-G6112-P611202-avd.wav	Artur-N	Artur-N-G6112-P611202	2021-08	lastni posnetek	-	Ljubljana	razlaganje in opisovanje	zasebni	osebni stik	Artur-N-G6112	31	209
Artur-N-G6116-P611601	Artur-N-G6116-P611601-avd.wav	Artur-N	Artur-N-G6116-P611601	2021-06	lastni posnetek	-	Ljubljana	prosti monološki govor	zasebni	osebni stik	Artur-N-G6116	102	479
Artur-N-G6117-P611702	Artur-N-G6117-P611702-avd.wav	Artur-N	Artur-N-G6117-P611702	2021-07	lastni posnetek	-	Domžale	razlaganje in opisovanje	zasebni	osebni stik	Artur-N-G6117	11	178
Artur-N-G6118-P611802	Artur-N-G6118-P611802-avd.wav	Artur-N	Artur-N-G6118-P611802	2021-07	lastni posnetek	-	Domžale	razlaganje in opisovanje	zasebni	osebni stik	Artur-N-G6118	31	247
Artur-N-G6119-P611902	Artur-N-G6119-P611902-avd.wav	Artur-N	Artur-N-G6119-P611902	2021-07	lastni posnetek	-	Domžale	razlaganje in opisovanje	zasebni	osebni stik	Artur-N-G6119	1	156
Artur-N-G6120-P612002	Artur-N-G6120-P612002-avd.wav	Artur-N	Artur-N-G6120-P612002	2021-07	lastni posnetek	-	Domžale	razlaganje in opisovanje	zasebni	osebni stik	Artur-N-G6120	43	158
Artur-N-G6121-P612102	Artur-N-G6121-P612102-avd.wav	Artur-N	Artur-N-G6121-P612102	2021-07	lastni posnetek	-	Domžale	razlaganje in opisovanje	zasebni	osebni stik	Artur-N-G6121	1	118
Artur-N-G6125-P612501	Artur-N-G6125-P612501-avd.wav	Artur-N	Artur-N-G6125-P612501	2021-04	lastni posnetek	-	Škofja Loka	prosti monološki govor	zasebni	osebni stik	Artur-N-G6125	3	462
Artur-N-G6127-P612701	Artur-N-G6127-P612701-avd.wav	Artur-N	Artur-N-G6127-P612701	2021-04	lastni posnetek	-	Škofja Loka	prosti monološki govor	zasebni	osebni stik	Artur-N-G6127	145	487
Artur-N-G6132-P613201	Artur-N-G6132-P613201-avd.wav	Artur-N	Artur-N-G6132-P613201	2021-12	lastni posnetek	-	Kranj	prosti monološki govor	zasebni	osebni stik	Artur-N-G6132	40	309
Artur-N-G6133-P613302	Artur-N-G6133-P613302-avd.wav	Artur-N	Artur-N-G6133-P613302	2022-03	lastni posnetek	-	Kranj	razlaganje in opisovanje	zasebni	osebni stik	Artur-N-G6133	13	186
Artur-N-G6134-P134135	Artur-N-G6134-P134135-avd.wav	Artur-N	Artur-N-G6134-P134135	2021-08	lastni posnetek	-	Domžale	prosti dialog med dvema sogovornikoma	zasebni	osebni stik	Artur-N-G6134	26	147
Artur-N-G6135-P134135	Artur-N-G6135-P134135-avd.wav	Artur-N	Artur-N-G6135-P134135	2021-08	lastni posnetek	-	Domžale	prosti dialog med dvema sogovornikoma	zasebni	osebni stik	Artur-N-G6135	27	240
Artur-N-G6162-P616202	Artur-N-G6162-P616202-avd.wav	Artur-N	Artur-N-G6162-P616202	2022-04	lastni posnetek	-	Ljubljana	razlaganje in opisovanje	zasebni	osebni stik	Artur-N-G6162	7	378
Artur-N-G6163-P616302	Artur-N-G6163-P616302-avd.wav	Artur-N	Artur-N-G6163-P616302	2022-04	lastni posnetek	-	Ljubljana	razlaganje in opisovanje	zasebni	osebni stik	Artur-N-G6163	43	306
Artur-N-G6170-P617002	Artur-N-G6170-P617002-avd.wav	Artur-N	Artur-N-G6170-P617002	2022-05	lastni posnetek	-	Kamnik	razlaganje in opisovanje	zasebni	osebni stik	Artur-N-G6170	1	248
Artur-N-G6171-P617102	Artur-N-G6171-P617102-avd.wav	Artur-N	Artur-N-G6171-P617102	2022-05	lastni posnetek	-	Kamnik	razlaganje in opisovanje	zasebni	osebni stik	Artur-N-G6171	7	235
Artur-N-G6172-P617202	Artur-N-G6172-P617202-avd.wav	Artur-N	Artur-N-G6172-P617202	2022-05	lastni posnetek	-	Kamnik	razlaganje in opisovanje	zasebni	osebni stik	Artur-N-G6172	3	155
Artur-P-G7001-P700192	Artur-P-G7001-P700192-avd.wav	Artur-P	Artur-P-G7001-P700192	-	Državni zbor RS	-	Ljubljana	seja državnega zbora	informativno-izobraževalni	osebni stik	Artur-P-G7001	1	332
Artur-P-G7001-P700199	Artur-P-G7001-P700199-avd.wav	Artur-P	Artur-P-G7001-P700199	-	Državni zbor RS	-	Ljubljana	seja državnega zbora	informativno-izobraževalni	osebni stik	Artur-P-G7001	1	22
Artur-P-G7001-P700200	Artur-P-G7001-P700200-avd.wav	Artur-P	Artur-P-G7001-P700200	-	Državni zbor RS	-	Ljubljana	seja državnega zbora	informativno-izobraževalni	osebni stik	Artur-P-G7001	1	8
Artur-P-G7001-P700440	Artur-P-G7001-P700440-avd.wav	Artur-P	Artur-P-G7001-P700440	-	Državni zbor RS	-	Ljubljana	seja državnega zbora	informativno-izobraževalni	osebni stik	Artur-P-G7001	1	60
Artur-P-G7002-P700434	Artur-P-G7002-P700434-avd.wav	Artur-P	Artur-P-G7002-P700434	-	Državni zbor RS	-	Ljubljana	seja državnega zbora	informativno-izobraževalni	osebni stik	Artur-P-G7002	1	141
Artur-P-G7002-P700442	Artur-P-G7002-P700442-avd.wav	Artur-P	Artur-P-G7002-P700442	-	Državni zbor RS	-	Ljubljana	seja državnega zbora	informativno-izobraževalni	osebni stik	Artur-P-G7002	1	68
Artur-P-G7002-P700444	Artur-P-G7002-P700444-avd.wav	Artur-P	Artur-P-G7002-P700444	-	Državni zbor RS	-	Ljubljana	seja državnega zbora	informativno-izobraževalni	osebni stik	Artur-P-G7002	62	301
Artur-P-G7003-P700433	Artur-P-G7003-P700433-avd.wav	Artur-P	Artur-P-G7003-P700433	-	Državni zbor RS	-	Ljubljana	seja državnega zbora	informativno-izobraževalni	osebni stik	Artur-P-G7003	1	109
Artur-P-G7003-P700452	Artur-P-G7003-P700452-avd.wav	Artur-P	Artur-P-G7003-P700452	-	Državni zbor RS	-	Ljubljana	seja državnega zbora	informativno-izobraževalni	osebni stik	Artur-P-G7003	27	256
Artur-P-G7004-P705621	Artur-P-G7004-P705621-avd.wav	Artur-P	Artur-P-G7004-P705621	-	Državni zbor RS	-	Ljubljana	seja državnega zbora	informativno-izobraževalni	osebni stik	Artur-P-G7004	1	291
Artur-P-G7004-P708094	Artur-P-G7004-P708094-avd.wav	Artur-P	Artur-P-G7004-P708094	-	Državni zbor RS	-	Ljubljana	seja državnega zbora	informativno-izobraževalni	osebni stik	Artur-P-G7004	2	172
Artur-P-G7005-P701622	Artur-P-G7005-P701622-avd.wav	Artur-P	Artur-P-G7005-P701622	-	Državni zbor RS	-	Ljubljana	seja državnega zbora	informativno-izobraževalni	osebni stik	Artur-P-G7005	1	272
Artur-P-G7005-P701679	Artur-P-G7005-P701679-avd.wav	Artur-P	Artur-P-G7005-P701679	-	Državni zbor RS	-	Ljubljana	seja državnega zbora	informativno-izobraževalni	osebni stik	Artur-P-G7005	2	203
Artur-P-G7005-P701734	Artur-P-G7005-P701734-avd.wav	Artur-P	Artur-P-G7005-P701734	-	Državni zbor RS	-	Ljubljana	seja državnega zbora	informativno-izobraževalni	osebni stik	Artur-P-G7005	1	72
Artur-P-G7005-P701937	Artur-P-G7005-P701937-avd.wav	Artur-P	Artur-P-G7005-P701937	-	Državni zbor RS	-	Ljubljana	seja državnega zbora	informativno-izobraževalni	osebni stik	Artur-P-G7005	1	49
Artur-P-G7005-P702051	Artur-P-G7005-P702051-avd.wav	Artur-P	Artur-P-G7005-P702051	-	Državni zbor RS	-	Ljubljana	seja državnega zbora	informativno-izobraževalni	osebni stik	Artur-P-G7005	1	36
Artur-P-G7005-P702053	Artur-P-G7005-P702053-avd.wav	Artur-P	Artur-P-G7005-P702053	-	Državni zbor RS	-	Ljubljana	seja državnega zbora	informativno-izobraževalni	osebni stik	Artur-P-G7005	1	42
Artur-P-G7006-P705283	Artur-P-G7006-P705283-avd.wav	Artur-P	Artur-P-G7006-P705283	-	Državni zbor RS	-	Ljubljana	seja državnega zbora	informativno-izobraževalni	osebni stik	Artur-P-G7006	1	226
Artur-P-G7007-P705496	Artur-P-G7007-P705496-avd.wav	Artur-P	Artur-P-G7007-P705496	-	Državni zbor RS	-	Ljubljana	seja državnega zbora	informativno-izobraževalni	osebni stik	Artur-P-G7007	1	215
Artur-P-G7007-P708039	Artur-P-G7007-P708039-avd.wav	Artur-P	Artur-P-G7007-P708039	-	Državni zbor RS	-	Ljubljana	seja državnega zbora	informativno-izobraževalni	osebni stik	Artur-P-G7007	2	144
Artur-P-G7007-P708045	Artur-P-G7007-P708045-avd.wav	Artur-P	Artur-P-G7007-P708045	-	Državni zbor RS	-	Ljubljana	seja državnega zbora	informativno-izobraževalni	osebni stik	Artur-P-G7007	2	112
Artur-P-G7008-P700618	Artur-P-G7008-P700618-avd.wav	Artur-P	Artur-P-G7008-P700618	-	Državni zbor RS	-	Ljubljana	seja državnega zbora	informativno-izobraževalni	osebni stik	Artur-P-G7008	1	152
Artur-P-G7008-P700620	Artur-P-G7008-P700620-avd.wav	Artur-P	Artur-P-G7008-P700620	-	Državni zbor RS	-	Ljubljana	seja državnega zbora	informativno-izobraževalni	osebni stik	Artur-P-G7008	1	83
Artur-P-G7008-P700631	Artur-P-G7008-P700631-avd.wav	Artur-P	Artur-P-G7008-P700631	-	Državni zbor RS	-	Ljubljana	seja državnega zbora	informativno-izobraževalni	osebni stik	Artur-P-G7008	1	160
Artur-P-G7008-P700633	Artur-P-G7008-P700633-avd.wav	Artur-P	Artur-P-G7008-P700633	-	Državni zbor RS	-	Ljubljana	seja državnega zbora	informativno-izobraževalni	osebni stik	Artur-P-G7008	1	87
Artur-P-G7008-P700654	Artur-P-G7008-P700654-avd.wav	Artur-P	Artur-P-G7008-P700654	-	Državni zbor RS	-	Ljubljana	seja državnega zbora	informativno-izobraževalni	osebni stik	Artur-P-G7008	1	124
Artur-P-G7008-P700656	Artur-P-G7008-P700656-avd.wav	Artur-P	Artur-P-G7008-P700656	-	Državni zbor RS	-	Ljubljana	seja državnega zbora	informativno-izobraževalni	osebni stik	Artur-P-G7008	1	43
Artur-P-G7008-P700658	Artur-P-G7008-P700658-avd.wav	Artur-P	Artur-P-G7008-P700658	-	Državni zbor RS	-	Ljubljana	seja državnega zbora	informativno-izobraževalni	osebni stik	Artur-P-G7008	1	142
Artur-P-G7008-P700660	Artur-P-G7008-P700660-avd.wav	Artur-P	Artur-P-G7008-P700660	-	Državni zbor RS	-	Ljubljana	seja državnega zbora	informativno-izobraževalni	osebni stik	Artur-P-G7008	1	71
Artur-P-G7008-P701181	Artur-P-G7008-P701181-avd.wav	Artur-P	Artur-P-G7008-P701181	-	Državni zbor RS	-	Ljubljana	seja državnega zbora	informativno-izobraževalni	osebni stik	Artur-P-G7008	25	42
Artur-P-G7009-P700033	Artur-P-G7009-P700033-avd.wav	Artur-P	Artur-P-G7009-P700033	-	Državni zbor RS	-	Ljubljana	seja državnega zbora	informativno-izobraževalni	osebni stik	Artur-P-G7009	1	24
Artur-P-G7009-P700099	Artur-P-G7009-P700099-avd.wav	Artur-P	Artur-P-G7009-P700099	-	Državni zbor RS	-	Ljubljana	seja državnega zbora	informativno-izobraževalni	osebni stik	Artur-P-G7009	1	34
Artur-P-G7009-P700101	Artur-P-G7009-P700101-avd.wav	Artur-P	Artur-P-G7009-P700101	-	Državni zbor RS	-	Ljubljana	seja državnega zbora	informativno-izobraževalni	osebni stik	Artur-P-G7009	1	18
Artur-P-G7009-P700728	Artur-P-G7009-P700728-avd.wav	Artur-P	Artur-P-G7009-P700728	-	Državni zbor RS	-	Ljubljana	seja državnega zbora	informativno-izobraževalni	osebni stik	Artur-P-G7009	1	43
Artur-P-G7009-P700730	Artur-P-G7009-P700730-avd.wav	Artur-P	Artur-P-G7009-P700730	-	Državni zbor RS	-	Ljubljana	seja državnega zbora	informativno-izobraževalni	osebni stik	Artur-P-G7009	1	40
Artur-P-G7009-P700949	Artur-P-G7009-P700949-avd.wav	Artur-P	Artur-P-G7009-P700949	-	Državni zbor RS	-	Ljubljana	seja državnega zbora	informativno-izobraževalni	osebni stik	Artur-P-G7009	1	77
Artur-P-G7009-P700993	Artur-P-G7009-P700993-avd.wav	Artur-P	Artur-P-G7009-P700993	-	Državni zbor RS	-	Ljubljana	seja državnega zbora	informativno-izobraževalni	osebni stik	Artur-P-G7009	1	14
Artur-P-G7009-P701301	Artur-P-G7009-P701301-avd.wav	Artur-P	Artur-P-G7009-P701301	-	Državni zbor RS	-	Ljubljana	seja državnega zbora	informativno-izobraževalni	osebni stik	Artur-P-G7009	2	108
Artur-P-G7009-P701366	Artur-P-G7009-P701366-avd.wav	Artur-P	Artur-P-G7009-P701366	-	Državni zbor RS	-	Ljubljana	seja državnega zbora	informativno-izobraževalni	osebni stik	Artur-P-G7009	2	152
Artur-P-G7009-P701467	Artur-P-G7009-P701467-avd.wav	Artur-P	Artur-P-G7009-P701467	-	Državni zbor RS	-	Ljubljana	seja državnega zbora	informativno-izobraževalni	osebni stik	Artur-P-G7009	1	45
Artur-P-G7009-P701598	Artur-P-G7009-P701598-avd.wav	Artur-P	Artur-P-G7009-P701598	-	Državni zbor RS	-	Ljubljana	seja državnega zbora	informativno-izobraževalni	osebni stik	Artur-P-G7009	1	87
Artur-P-G7010-P700944	Artur-P-G7010-P700944-avd.wav	Artur-P	Artur-P-G7010-P700944	-	Državni zbor RS	-	Ljubljana	seja državnega zbora	informativno-izobraževalni	osebni stik	Artur-P-G7010	1	105
Artur-P-G7010-P700988	Artur-P-G7010-P700988-avd.wav	Artur-P	Artur-P-G7010-P700988	-	Državni zbor RS	-	Ljubljana	seja državnega zbora	informativno-izobraževalni	osebni stik	Artur-P-G7010	1	125
Artur-P-G7010-P701860	Artur-P-G7010-P701860-avd.wav	Artur-P	Artur-P-G7010-P701860	-	Državni zbor RS	-	Ljubljana	seja državnega zbora	informativno-izobraževalni	osebni stik	Artur-P-G7010	1	59
Artur-P-G7011-P708222	Artur-P-G7011-P708222-avd.wav	Artur-P	Artur-P-G7011-P708222	-	Državni zbor RS	-	Ljubljana	seja državnega zbora	informativno-izobraževalni	osebni stik	Artur-P-G7011	2	85
Artur-P-G7011-P708223	Artur-P-G7011-P708223-avd.wav	Artur-P	Artur-P-G7011-P708223	-	Državni zbor RS	-	Ljubljana	seja državnega zbora	informativno-izobraževalni	osebni stik	Artur-P-G7011	2	92
Artur-P-G7012-P708069	Artur-P-G7012-P708069-avd.wav	Artur-P	Artur-P-G7012-P708069	-	Državni zbor RS	-	Ljubljana	seja državnega zbora	informativno-izobraževalni	osebni stik	Artur-P-G7012	2	87
Artur-P-G7013-P700278	Artur-P-G7013-P700278-avd.wav	Artur-P	Artur-P-G7013-P700278	-	Državni zbor RS	-	Ljubljana	seja državnega zbora	informativno-izobraževalni	osebni stik	Artur-P-G7013	1	113
Artur-P-G7013-P700287	Artur-P-G7013-P700287-avd.wav	Artur-P	Artur-P-G7013-P700287	-	Državni zbor RS	-	Ljubljana	seja državnega zbora	informativno-izobraževalni	osebni stik	Artur-P-G7013	1	400
Artur-P-G7013-P700289	Artur-P-G7013-P700289-avd.wav	Artur-P	Artur-P-G7013-P700289	-	Državni zbor RS	-	Ljubljana	seja državnega zbora	informativno-izobraževalni	osebni stik	Artur-P-G7013	1	95
Artur-P-G7013-P700292	Artur-P-G7013-P700292-avd.wav	Artur-P	Artur-P-G7013-P700292	-	Državni zbor RS	-	Ljubljana	seja državnega zbora	informativno-izobraževalni	osebni stik	Artur-P-G7013	1	31
Artur-P-G7013-P700304	Artur-P-G7013-P700304-avd.wav	Artur-P	Artur-P-G7013-P700304	-	Državni zbor RS	-	Ljubljana	seja državnega zbora	informativno-izobraževalni	osebni stik	Artur-P-G7013	1	10
Artur-P-G7014-P700113	Artur-P-G7014-P700113-avd.wav	Artur-P	Artur-P-G7014-P700113	-	Državni zbor RS	-	Ljubljana	seja državnega zbora	informativno-izobraževalni	osebni stik	Artur-P-G7014	1	110
Artur-P-G7014-P700188	Artur-P-G7014-P700188-avd.wav	Artur-P	Artur-P-G7014-P700188	-	Državni zbor RS	-	Ljubljana	seja državnega zbora	informativno-izobraževalni	osebni stik	Artur-P-G7014	1	106
Artur-P-G7014-P700223	Artur-P-G7014-P700223-avd.wav	Artur-P	Artur-P-G7014-P700223	-	Državni zbor RS	-	Ljubljana	seja državnega zbora	informativno-izobraževalni	osebni stik	Artur-P-G7014	1	156
Artur-P-G7014-P700830	Artur-P-G7014-P700830-avd.wav	Artur-P	Artur-P-G7014-P700830	-	Državni zbor RS	-	Ljubljana	seja državnega zbora	informativno-izobraževalni	osebni stik	Artur-P-G7014	1	86
Artur-P-G7014-P700857	Artur-P-G7014-P700857-avd.wav	Artur-P	Artur-P-G7014-P700857	-	Državni zbor RS	-	Ljubljana	seja državnega zbora	informativno-izobraževalni	osebni stik	Artur-P-G7014	2	276
Artur-P-G7014-P700863	Artur-P-G7014-P700863-avd.wav	Artur-P	Artur-P-G7014-P700863	-	Državni zbor RS	-	Ljubljana	seja državnega zbora	informativno-izobraževalni	osebni stik	Artur-P-G7014	1	56
Artur-P-G7015-P700055	Artur-P-G7015-P700055-avd.wav	Artur-P	Artur-P-G7015-P700055	-	Državni zbor RS	-	Ljubljana	seja državnega zbora	informativno-izobraževalni	osebni stik	Artur-P-G7015	1	64
Artur-P-G7015-P700057	Artur-P-G7015-P700057-avd.wav	Artur-P	Artur-P-G7015-P700057	-	Državni zbor RS	-	Ljubljana	seja državnega zbora	informativno-izobraževalni	osebni stik	Artur-P-G7015	1	36
Artur-P-G7015-P700078	Artur-P-G7015-P700078-avd.wav	Artur-P	Artur-P-G7015-P700078	-	Državni zbor RS	-	Ljubljana	seja državnega zbora	informativno-izobraževalni	osebni stik	Artur-P-G7015	2	43
Artur-P-G7015-P700081	Artur-P-G7015-P700081-avd.wav	Artur-P	Artur-P-G7015-P700081	-	Državni zbor RS	-	Ljubljana	seja državnega zbora	informativno-izobraževalni	osebni stik	Artur-P-G7015	1	85
Artur-P-G7015-P700083	Artur-P-G7015-P700083-avd.wav	Artur-P	Artur-P-G7015-P700083	-	Državni zbor RS	-	Ljubljana	seja državnega zbora	informativno-izobraževalni	osebni stik	Artur-P-G7015	1	35
Artur-P-G7015-P700086	Artur-P-G7015-P700086-avd.wav	Artur-P	Artur-P-G7015-P700086	-	Državni zbor RS	-	Ljubljana	seja državnega zbora	informativno-izobraževalni	osebni stik	Artur-P-G7015	1	67
Artur-P-G7015-P700088	Artur-P-G7015-P700088-avd.wav	Artur-P	Artur-P-G7015-P700088	-	Državni zbor RS	-	Ljubljana	seja državnega zbora	informativno-izobraževalni	osebni stik	Artur-P-G7015	1	11
Artur-P-G7015-P700095	Artur-P-G7015-P700095-avd.wav	Artur-P	Artur-P-G7015-P700095	-	Državni zbor RS	-	Ljubljana	seja državnega zbora	informativno-izobraževalni	osebni stik	Artur-P-G7015	1	75
Artur-P-G7015-P700097	Artur-P-G7015-P700097-avd.wav	Artur-P	Artur-P-G7015-P700097	-	Državni zbor RS	-	Ljubljana	seja državnega zbora	informativno-izobraževalni	osebni stik	Artur-P-G7015	1	26
Artur-P-G7015-P700100	Artur-P-G7015-P700100-avd.wav	Artur-P	Artur-P-G7015-P700100	-	Državni zbor RS	-	Ljubljana	seja državnega zbora	informativno-izobraževalni	osebni stik	Artur-P-G7015	1	40
Artur-P-G7015-P700640	Artur-P-G7015-P700640-avd.wav	Artur-P	Artur-P-G7015-P700640	-	Državni zbor RS	-	Ljubljana	seja državnega zbora	informativno-izobraževalni	osebni stik	Artur-P-G7015	1	44
Artur-P-G7016-P700063	Artur-P-G7016-P700063-avd.wav	Artur-P	Artur-P-G7016-P700063	-	Državni zbor RS	-	Ljubljana	seja državnega zbora	informativno-izobraževalni	osebni stik	Artur-P-G7016	1	66
Artur-P-G7016-P700340	Artur-P-G7016-P700340-avd.wav	Artur-P	Artur-P-G7016-P700340	-	Državni zbor RS	-	Ljubljana	seja državnega zbora	informativno-izobraževalni	osebni stik	Artur-P-G7016	1	107
Artur-P-G7016-P700407	Artur-P-G7016-P700407-avd.wav	Artur-P	Artur-P-G7016-P700407	-	Državni zbor RS	-	Ljubljana	seja državnega zbora	informativno-izobraževalni	osebni stik	Artur-P-G7016	1	222
Artur-P-G7017-P700193	Artur-P-G7017-P700193-avd.wav	Artur-P	Artur-P-G7017-P700193	-	Državni zbor RS	-	Ljubljana	seja državnega zbora	informativno-izobraževalni	osebni stik	Artur-P-G7017	1	174
Artur-P-G7017-P700717	Artur-P-G7017-P700717-avd.wav	Artur-P	Artur-P-G7017-P700717	-	Državni zbor RS	-	Ljubljana	seja državnega zbora	informativno-izobraževalni	osebni stik	Artur-P-G7017	1	58
Artur-P-G7017-P701096	Artur-P-G7017-P701096-avd.wav	Artur-P	Artur-P-G7017-P701096	-	Državni zbor RS	-	Ljubljana	seja državnega zbora	informativno-izobraževalni	osebni stik	Artur-P-G7017	1	241
Artur-P-G7017-P701116	Artur-P-G7017-P701116-avd.wav	Artur-P	Artur-P-G7017-P701116	-	Državni zbor RS	-	Ljubljana	seja državnega zbora	informativno-izobraževalni	osebni stik	Artur-P-G7017	1	36
Artur-P-G7017-P701121	Artur-P-G7017-P701121-avd.wav	Artur-P	Artur-P-G7017-P701121	-	Državni zbor RS	-	Ljubljana	seja državnega zbora	informativno-izobraževalni	osebni stik	Artur-P-G7017	1	11
Artur-P-G7017-P701127	Artur-P-G7017-P701127-avd.wav	Artur-P	Artur-P-G7017-P701127	-	Državni zbor RS	-	Ljubljana	seja državnega zbora	informativno-izobraževalni	osebni stik	Artur-P-G7017	1	33
Artur-P-G7017-P701164	Artur-P-G7017-P701164-avd.wav	Artur-P	Artur-P-G7017-P701164	-	Državni zbor RS	-	Ljubljana	seja državnega zbora	informativno-izobraževalni	osebni stik	Artur-P-G7017	1	47
Artur-P-G7018-P700411	Artur-P-G7018-P700411-avd.wav	Artur-P	Artur-P-G7018-P700411	-	Državni zbor RS	-	Ljubljana	seja državnega zbora	informativno-izobraževalni	osebni stik	Artur-P-G7018	1	349
Artur-P-G7018-P701827	Artur-P-G7018-P701827-avd.wav	Artur-P	Artur-P-G7018-P701827	-	Državni zbor RS	-	Ljubljana	seja državnega zbora	informativno-izobraževalni	osebni stik	Artur-P-G7018	1	267
Artur-P-G7018-P708083	Artur-P-G7018-P708083-avd.wav	Artur-P	Artur-P-G7018-P708083	-	Državni zbor RS	-	Ljubljana	seja državnega zbora	informativno-izobraževalni	osebni stik	Artur-P-G7018	1	142
Artur-P-G7019-P700675	Artur-P-G7019-P700675-avd.wav	Artur-P	Artur-P-G7019-P700675	-	Državni zbor RS	-	Ljubljana	seja državnega zbora	informativno-izobraževalni	osebni stik	Artur-P-G7019	1	144
Artur-P-G7019-P700677	Artur-P-G7019-P700677-avd.wav	Artur-P	Artur-P-G7019-P700677	-	Državni zbor RS	-	Ljubljana	seja državnega zbora	informativno-izobraževalni	osebni stik	Artur-P-G7019	1	92
Artur-P-G7019-P705572	Artur-P-G7019-P705572-avd.wav	Artur-P	Artur-P-G7019-P705572	-	Državni zbor RS	-	Ljubljana	seja državnega zbora	informativno-izobraževalni	osebni stik	Artur-P-G7019	1	321
Artur-P-G7020-P700187	Artur-P-G7020-P700187-avd.wav	Artur-P	Artur-P-G7020-P700187	-	Državni zbor RS	-	Ljubljana	seja državnega zbora	informativno-izobraževalni	osebni stik	Artur-P-G7020	1	267
Artur-P-G7020-P700234	Artur-P-G7020-P700234-avd.wav	Artur-P	Artur-P-G7020-P700234	-	Državni zbor RS	-	Ljubljana	seja državnega zbora	informativno-izobraževalni	osebni stik	Artur-P-G7020	1	92
Artur-P-G7020-P700435	Artur-P-G7020-P700435-avd.wav	Artur-P	Artur-P-G7020-P700435	-	Državni zbor RS	-	Ljubljana	seja državnega zbora	informativno-izobraževalni	osebni stik	Artur-P-G7020	1	261
Artur-P-G7022-P700820	Artur-P-G7022-P700820-avd.wav	Artur-P	Artur-P-G7022-P700820	-	Državni zbor RS	-	Ljubljana	seja državnega zbora	informativno-izobraževalni	osebni stik	Artur-P-G7022	1	97
Artur-P-G7024-P700376	Artur-P-G7024-P700376-avd.wav	Artur-P	Artur-P-G7024-P700376	-	Državni zbor RS	-	Ljubljana	seja državnega zbora	informativno-izobraževalni	osebni stik	Artur-P-G7024	2	199
Artur-P-G7024-P700410	Artur-P-G7024-P700410-avd.wav	Artur-P	Artur-P-G7024-P700410	-	Državni zbor RS	-	Ljubljana	seja državnega zbora	informativno-izobraževalni	osebni stik	Artur-P-G7024	1	150
Artur-P-G7024-P700578	Artur-P-G7024-P700578-avd.wav	Artur-P	Artur-P-G7024-P700578	-	Državni zbor RS	-	Ljubljana	seja državnega zbora	informativno-izobraževalni	osebni stik	Artur-P-G7024	1	43
Artur-P-G7024-P700580	Artur-P-G7024-P700580-avd.wav	Artur-P	Artur-P-G7024-P700580	-	Državni zbor RS	-	Ljubljana	seja državnega zbora	informativno-izobraževalni	osebni stik	Artur-P-G7024	1	37
Artur-P-G7024-P700582	Artur-P-G7024-P700582-avd.wav	Artur-P	Artur-P-G7024-P700582	-	Državni zbor RS	-	Ljubljana	seja državnega zbora	informativno-izobraževalni	osebni stik	Artur-P-G7024	1	27
Artur-P-G7024-P700826	Artur-P-G7024-P700826-avd.wav	Artur-P	Artur-P-G7024-P700826	-	Državni zbor RS	-	Ljubljana	seja državnega zbora	informativno-izobraževalni	osebni stik	Artur-P-G7024	1	29
Artur-P-G7024-P700829	Artur-P-G7024-P700829-avd.wav	Artur-P	Artur-P-G7024-P700829	-	Državni zbor RS	-	Ljubljana	seja državnega zbora	informativno-izobraževalni	osebni stik	Artur-P-G7024	1	96
Artur-P-G7025-P700204	Artur-P-G7025-P700204-avd.wav	Artur-P	Artur-P-G7025-P700204	-	Državni zbor RS	-	Ljubljana	seja državnega zbora	informativno-izobraževalni	osebni stik	Artur-P-G7025	1	88
Artur-P-G7025-P700431	Artur-P-G7025-P700431-avd.wav	Artur-P	Artur-P-G7025-P700431	-	Državni zbor RS	-	Ljubljana	seja državnega zbora	informativno-izobraževalni	osebni stik	Artur-P-G7025	1	40
Artur-P-G7025-P700445	Artur-P-G7025-P700445-avd.wav	Artur-P	Artur-P-G7025-P700445	-	Državni zbor RS	-	Ljubljana	seja državnega zbora	informativno-izobraževalni	osebni stik	Artur-P-G7025	7	44
Artur-P-G7025-P700679	Artur-P-G7025-P700679-avd.wav	Artur-P	Artur-P-G7025-P700679	-	Državni zbor RS	-	Ljubljana	seja državnega zbora	informativno-izobraževalni	osebni stik	Artur-P-G7025	1	74
Artur-P-G7025-P700822	Artur-P-G7025-P700822-avd.wav	Artur-P	Artur-P-G7025-P700822	-	Državni zbor RS	-	Ljubljana	seja državnega zbora	informativno-izobraževalni	osebni stik	Artur-P-G7025	1	76
Artur-P-G7025-P700869	Artur-P-G7025-P700869-avd.wav	Artur-P	Artur-P-G7025-P700869	-	Državni zbor RS	-	Ljubljana	seja državnega zbora	informativno-izobraževalni	osebni stik	Artur-P-G7025	1	121
Artur-P-G7025-P701356	Artur-P-G7025-P701356-avd.wav	Artur-P	Artur-P-G7025-P701356	-	Državni zbor RS	-	Ljubljana	seja državnega zbora	informativno-izobraževalni	osebni stik	Artur-P-G7025	2	205
Artur-P-G7026-P700080	Artur-P-G7026-P700080-avd.wav	Artur-P	Artur-P-G7026-P700080	-	Državni zbor RS	-	Ljubljana	seja državnega zbora	informativno-izobraževalni	osebni stik	Artur-P-G7026	8	40
Artur-P-G7026-P700082	Artur-P-G7026-P700082-avd.wav	Artur-P	Artur-P-G7026-P700082	-	Državni zbor RS	-	Ljubljana	seja državnega zbora	informativno-izobraževalni	osebni stik	Artur-P-G7026	1	52
Artur-P-G7026-P700084	Artur-P-G7026-P700084-avd.wav	Artur-P	Artur-P-G7026-P700084	-	Državni zbor RS	-	Ljubljana	seja državnega zbora	informativno-izobraževalni	osebni stik	Artur-P-G7026	1	34
Artur-P-G7026-P700102	Artur-P-G7026-P700102-avd.wav	Artur-P	Artur-P-G7026-P700102	-	Državni zbor RS	-	Ljubljana	seja državnega zbora	informativno-izobraževalni	osebni stik	Artur-P-G7026	1	51
Artur-P-G7026-P700110	Artur-P-G7026-P700110-avd.wav	Artur-P	Artur-P-G7026-P700110	-	Državni zbor RS	-	Ljubljana	seja državnega zbora	informativno-izobraževalni	osebni stik	Artur-P-G7026	1	132
Artur-P-G7026-P700323	Artur-P-G7026-P700323-avd.wav	Artur-P	Artur-P-G7026-P700323	-	Državni zbor RS	-	Ljubljana	seja državnega zbora	informativno-izobraževalni	osebni stik	Artur-P-G7026	1	141
Artur-P-G7026-P700336	Artur-P-G7026-P700336-avd.wav	Artur-P	Artur-P-G7026-P700336	-	Državni zbor RS	-	Ljubljana	seja državnega zbora	informativno-izobraževalni	osebni stik	Artur-P-G7026	1	192
Artur-P-G7027-P708115	Artur-P-G7027-P708115-avd.wav	Artur-P	Artur-P-G7027-P708115	-	Državni zbor RS	-	Ljubljana	seja državnega zbora	informativno-izobraževalni	osebni stik	Artur-P-G7027	1	178
Artur-P-G7029-P705506	Artur-P-G7029-P705506-avd.wav	Artur-P	Artur-P-G7029-P705506	-	Državni zbor RS	-	Ljubljana	seja državnega zbora	informativno-izobraževalni	osebni stik	Artur-P-G7029	1	180
Artur-P-G7029-P708048	Artur-P-G7029-P708048-avd.wav	Artur-P	Artur-P-G7029-P708048	-	Državni zbor RS	-	Ljubljana	seja državnega zbora	informativno-izobraževalni	osebni stik	Artur-P-G7029	1	144
Artur-P-G7030-P700134	Artur-P-G7030-P700134-avd.wav	Artur-P	Artur-P-G7030-P700134	-	Državni zbor RS	-	Ljubljana	seja državnega zbora	informativno-izobraževalni	osebni stik	Artur-P-G7030	1	95
Artur-P-G7030-P700144	Artur-P-G7030-P700144-avd.wav	Artur-P	Artur-P-G7030-P700144	-	Državni zbor RS	-	Ljubljana	seja državnega zbora	informativno-izobraževalni	osebni stik	Artur-P-G7030	1	33
Artur-P-G7030-P700150	Artur-P-G7030-P700150-avd.wav	Artur-P	Artur-P-G7030-P700150	-	Državni zbor RS	-	Ljubljana	seja državnega zbora	informativno-izobraževalni	osebni stik	Artur-P-G7030	1	26
Artur-P-G7030-P700536	Artur-P-G7030-P700536-avd.wav	Artur-P	Artur-P-G7030-P700536	-	Državni zbor RS	-	Ljubljana	seja državnega zbora	informativno-izobraževalni	osebni stik	Artur-P-G7030	1	72
Artur-P-G7030-P700552	Artur-P-G7030-P700552-avd.wav	Artur-P	Artur-P-G7030-P700552	-	Državni zbor RS	-	Ljubljana	seja državnega zbora	informativno-izobraževalni	osebni stik	Artur-P-G7030	1	40
Artur-P-G7030-P700555	Artur-P-G7030-P700555-avd.wav	Artur-P	Artur-P-G7030-P700555	-	Državni zbor RS	-	Ljubljana	seja državnega zbora	informativno-izobraževalni	osebni stik	Artur-P-G7030	1	49
Artur-P-G7030-P701547	Artur-P-G7030-P701547-avd.wav	Artur-P	Artur-P-G7030-P701547	-	Državni zbor RS	-	Ljubljana	seja državnega zbora	informativno-izobraževalni	osebni stik	Artur-P-G7030	2	86
Artur-P-G7030-P701558	Artur-P-G7030-P701558-avd.wav	Artur-P	Artur-P-G7030-P701558	-	Državni zbor RS	-	Ljubljana	seja državnega zbora	informativno-izobraževalni	osebni stik	Artur-P-G7030	1	56
Artur-P-G7030-P701569	Artur-P-G7030-P701569-avd.wav	Artur-P	Artur-P-G7030-P701569	-	Državni zbor RS	-	Ljubljana	seja državnega zbora	informativno-izobraževalni	osebni stik	Artur-P-G7030	17	57
Artur-P-G7031-P700603	Artur-P-G7031-P700603-avd.wav	Artur-P	Artur-P-G7031-P700603	-	Državni zbor RS	-	Ljubljana	seja državnega zbora	informativno-izobraževalni	osebni stik	Artur-P-G7031	1	122
Artur-P-G7031-P700605	Artur-P-G7031-P700605-avd.wav	Artur-P	Artur-P-G7031-P700605	-	Državni zbor RS	-	Ljubljana	seja državnega zbora	informativno-izobraževalni	osebni stik	Artur-P-G7031	1	66
Artur-P-G7031-P700724	Artur-P-G7031-P700724-avd.wav	Artur-P	Artur-P-G7031-P700724	-	Državni zbor RS	-	Ljubljana	seja državnega zbora	informativno-izobraževalni	osebni stik	Artur-P-G7031	1	106
Artur-P-G7031-P700726	Artur-P-G7031-P700726-avd.wav	Artur-P	Artur-P-G7031-P700726	-	Državni zbor RS	-	Ljubljana	seja državnega zbora	informativno-izobraževalni	osebni stik	Artur-P-G7031	1	64
Artur-P-G7031-P701323	Artur-P-G7031-P701323-avd.wav	Artur-P	Artur-P-G7031-P701323	-	Državni zbor RS	-	Ljubljana	seja državnega zbora	informativno-izobraževalni	osebni stik	Artur-P-G7031	3	52
Artur-P-G7031-P701326	Artur-P-G7031-P701326-avd.wav	Artur-P	Artur-P-G7031-P701326	-	Državni zbor RS	-	Ljubljana	seja državnega zbora	informativno-izobraževalni	osebni stik	Artur-P-G7031	3	37
Artur-P-G7032-P700022	Artur-P-G7032-P700022-avd.wav	Artur-P	Artur-P-G7032-P700022	-	Državni zbor RS	-	Ljubljana	seja državnega zbora	informativno-izobraževalni	osebni stik	Artur-P-G7032	2	79
Artur-P-G7032-P700032	Artur-P-G7032-P700032-avd.wav	Artur-P	Artur-P-G7032-P700032	-	Državni zbor RS	-	Ljubljana	seja državnega zbora	informativno-izobraževalni	osebni stik	Artur-P-G7032	1	63
Artur-P-G7032-P700069	Artur-P-G7032-P700069-avd.wav	Artur-P	Artur-P-G7032-P700069	-	Državni zbor RS	-	Ljubljana	seja državnega zbora	informativno-izobraževalni	osebni stik	Artur-P-G7032	2	84
Artur-P-G7032-P700613	Artur-P-G7032-P700613-avd.wav	Artur-P	Artur-P-G7032-P700613	-	Državni zbor RS	-	Ljubljana	seja državnega zbora	informativno-izobraževalni	osebni stik	Artur-P-G7032	1	54
Artur-P-G7032-P700668	Artur-P-G7032-P700668-avd.wav	Artur-P	Artur-P-G7032-P700668	-	Državni zbor RS	-	Ljubljana	seja državnega zbora	informativno-izobraževalni	osebni stik	Artur-P-G7032	2	122
Artur-P-G7032-P700682	Artur-P-G7032-P700682-avd.wav	Artur-P	Artur-P-G7032-P700682	-	Državni zbor RS	-	Ljubljana	seja državnega zbora	informativno-izobraževalni	osebni stik	Artur-P-G7032	1	47
Artur-P-G7032-P700684	Artur-P-G7032-P700684-avd.wav	Artur-P	Artur-P-G7032-P700684	-	Državni zbor RS	-	Ljubljana	seja državnega zbora	informativno-izobraževalni	osebni stik	Artur-P-G7032	1	70
Artur-P-G7032-P701214	Artur-P-G7032-P701214-avd.wav	Artur-P	Artur-P-G7032-P701214	-	Državni zbor RS	-	Ljubljana	seja državnega zbora	informativno-izobraževalni	osebni stik	Artur-P-G7032	3	28
Artur-P-G7034-P700048	Artur-P-G7034-P700048-avd.wav	Artur-P	Artur-P-G7034-P700048	-	Državni zbor RS	-	Ljubljana	seja državnega zbora	informativno-izobraževalni	osebni stik	Artur-P-G7034	1	44
Artur-P-G7034-P700918	Artur-P-G7034-P700918-avd.wav	Artur-P	Artur-P-G7034-P700918	-	Državni zbor RS	-	Ljubljana	seja državnega zbora	informativno-izobraževalni	osebni stik	Artur-P-G7034	1	60
Artur-P-G7034-P701166	Artur-P-G7034-P701166-avd.wav	Artur-P	Artur-P-G7034-P701166	-	Državni zbor RS	-	Ljubljana	seja državnega zbora	informativno-izobraževalni	osebni stik	Artur-P-G7034	1	33
Artur-P-G7034-P701168	Artur-P-G7034-P701168-avd.wav	Artur-P	Artur-P-G7034-P701168	-	Državni zbor RS	-	Ljubljana	seja državnega zbora	informativno-izobraževalni	osebni stik	Artur-P-G7034	1	14
Artur-P-G7034-P701170	Artur-P-G7034-P701170-avd.wav	Artur-P	Artur-P-G7034-P701170	-	Državni zbor RS	-	Ljubljana	seja državnega zbora	informativno-izobraževalni	osebni stik	Artur-P-G7034	3	9
Artur-P-G7034-P701620	Artur-P-G7034-P701620-avd.wav	Artur-P	Artur-P-G7034-P701620	-	Državni zbor RS	-	Ljubljana	seja državnega zbora	informativno-izobraževalni	osebni stik	Artur-P-G7034	1	111
Artur-P-G7034-P701799	Artur-P-G7034-P701799-avd.wav	Artur-P	Artur-P-G7034-P701799	-	Državni zbor RS	-	Ljubljana	seja državnega zbora	informativno-izobraževalni	osebni stik	Artur-P-G7034	2	48
Artur-P-G7034-P702217	Artur-P-G7034-P702217-avd.wav	Artur-P	Artur-P-G7034-P702217	-	Državni zbor RS	-	Ljubljana	seja državnega zbora	informativno-izobraževalni	osebni stik	Artur-P-G7034	1	106
Artur-P-G7034-P702220	Artur-P-G7034-P702220-avd.wav	Artur-P	Artur-P-G7034-P702220	-	Državni zbor RS	-	Ljubljana	seja državnega zbora	informativno-izobraževalni	osebni stik	Artur-P-G7034	1	77
Artur-P-G7034-P702223	Artur-P-G7034-P702223-avd.wav	Artur-P	Artur-P-G7034-P702223	-	Državni zbor RS	-	Ljubljana	seja državnega zbora	informativno-izobraževalni	osebni stik	Artur-P-G7034	1	55
Artur-P-G7036-P701111	Artur-P-G7036-P701111-avd.wav	Artur-P	Artur-P-G7036-P701111	-	Državni zbor RS	-	Ljubljana	seja državnega zbora	informativno-izobraževalni	osebni stik	Artur-P-G7036	1	239
Artur-P-G7036-P701113	Artur-P-G7036-P701113-avd.wav	Artur-P	Artur-P-G7036-P701113	-	Državni zbor RS	-	Ljubljana	seja državnega zbora	informativno-izobraževalni	osebni stik	Artur-P-G7036	1	25
Artur-P-G7036-P701119	Artur-P-G7036-P701119-avd.wav	Artur-P	Artur-P-G7036-P701119	-	Državni zbor RS	-	Ljubljana	seja državnega zbora	informativno-izobraževalni	osebni stik	Artur-P-G7036	1	18
Artur-P-G7036-P701130	Artur-P-G7036-P701130-avd.wav	Artur-P	Artur-P-G7036-P701130	-	Državni zbor RS	-	Ljubljana	seja državnega zbora	informativno-izobraževalni	osebni stik	Artur-P-G7036	1	92
Artur-P-G7036-P701237	Artur-P-G7036-P701237-avd.wav	Artur-P	Artur-P-G7036-P701237	-	Državni zbor RS	-	Ljubljana	seja državnega zbora	informativno-izobraževalni	osebni stik	Artur-P-G7036	1	58
Artur-P-G7036-P701239	Artur-P-G7036-P701239-avd.wav	Artur-P	Artur-P-G7036-P701239	-	Državni zbor RS	-	Ljubljana	seja državnega zbora	informativno-izobraževalni	osebni stik	Artur-P-G7036	1	30
Artur-P-G7038-P701180	Artur-P-G7038-P701180-avd.wav	Artur-P	Artur-P-G7038-P701180	-	Državni zbor RS	-	Ljubljana	seja državnega zbora	informativno-izobraževalni	osebni stik	Artur-P-G7038	5	16
Artur-P-G7038-P701591	Artur-P-G7038-P701591-avd.wav	Artur-P	Artur-P-G7038-P701591	-	Državni zbor RS	-	Ljubljana	seja državnega zbora	informativno-izobraževalni	osebni stik	Artur-P-G7038	1	233
Artur-P-G7039-P705627	Artur-P-G7039-P705627-avd.wav	Artur-P	Artur-P-G7039-P705627	-	Državni zbor RS	-	Ljubljana	seja državnega zbora	informativno-izobraževalni	osebni stik	Artur-P-G7039	1	613
Artur-P-G7040-P700343	Artur-P-G7040-P700343-avd.wav	Artur-P	Artur-P-G7040-P700343	-	Državni zbor RS	-	Ljubljana	seja državnega zbora	informativno-izobraževalni	osebni stik	Artur-P-G7040	1	106
Artur-P-G7041-P700469	Artur-P-G7041-P700469-avd.wav	Artur-P	Artur-P-G7041-P700469	-	Državni zbor RS	-	Ljubljana	seja državnega zbora	informativno-izobraževalni	osebni stik	Artur-P-G7041	2	134
Artur-P-G7041-P700935	Artur-P-G7041-P700935-avd.wav	Artur-P	Artur-P-G7041-P700935	-	Državni zbor RS	-	Ljubljana	seja državnega zbora	informativno-izobraževalni	osebni stik	Artur-P-G7041	1	98
Artur-P-G7041-P701302	Artur-P-G7041-P701302-avd.wav	Artur-P	Artur-P-G7041-P701302	-	Državni zbor RS	-	Ljubljana	seja državnega zbora	informativno-izobraževalni	osebni stik	Artur-P-G7041	2	89
Artur-P-G7041-P701427	Artur-P-G7041-P701427-avd.wav	Artur-P	Artur-P-G7041-P701427	-	Državni zbor RS	-	Ljubljana	seja državnega zbora	informativno-izobraževalni	osebni stik	Artur-P-G7041	1	71
Artur-P-G7041-P701501	Artur-P-G7041-P701501-avd.wav	Artur-P	Artur-P-G7041-P701501	-	Državni zbor RS	-	Ljubljana	seja državnega zbora	informativno-izobraževalni	osebni stik	Artur-P-G7041	12	49
Artur-P-G7041-P701535	Artur-P-G7041-P701535-avd.wav	Artur-P	Artur-P-G7041-P701535	-	Državni zbor RS	-	Ljubljana	seja državnega zbora	informativno-izobraževalni	osebni stik	Artur-P-G7041	1	87
Artur-P-G7041-P701553	Artur-P-G7041-P701553-avd.wav	Artur-P	Artur-P-G7041-P701553	-	Državni zbor RS	-	Ljubljana	seja državnega zbora	informativno-izobraževalni	osebni stik	Artur-P-G7041	2	57
Artur-P-G7042-P700958	Artur-P-G7042-P700958-avd.wav	Artur-P	Artur-P-G7042-P700958	-	Državni zbor RS	-	Ljubljana	seja državnega zbora	informativno-izobraževalni	osebni stik	Artur-P-G7042	1	131
Artur-P-G7042-P701008	Artur-P-G7042-P701008-avd.wav	Artur-P	Artur-P-G7042-P701008	-	Državni zbor RS	-	Ljubljana	seja državnega zbora	informativno-izobraževalni	osebni stik	Artur-P-G7042	1	73
Artur-P-G7042-P701365	Artur-P-G7042-P701365-avd.wav	Artur-P	Artur-P-G7042-P701365	-	Državni zbor RS	-	Ljubljana	seja državnega zbora	informativno-izobraževalni	osebni stik	Artur-P-G7042	2	61
Artur-P-G7042-P701426	Artur-P-G7042-P701426-avd.wav	Artur-P	Artur-P-G7042-P701426	-	Državni zbor RS	-	Ljubljana	seja državnega zbora	informativno-izobraževalni	osebni stik	Artur-P-G7042	2	257
Artur-P-G7043-P708178	Artur-P-G7043-P708178-avd.wav	Artur-P	Artur-P-G7043-P708178	-	Državni zbor RS	-	Ljubljana	seja državnega zbora	informativno-izobraževalni	osebni stik	Artur-P-G7043	2	88
Artur-P-G7045-P705579	Artur-P-G7045-P705579-avd.wav	Artur-P	Artur-P-G7045-P705579	-	Državni zbor RS	-	Ljubljana	seja državnega zbora	informativno-izobraževalni	osebni stik	Artur-P-G7045	1	147
Artur-P-G7046-P700367	Artur-P-G7046-P700367-avd.wav	Artur-P	Artur-P-G7046-P700367	-	Državni zbor RS	-	Ljubljana	seja državnega zbora	informativno-izobraževalni	osebni stik	Artur-P-G7046	1	96
Artur-P-G7046-P700598	Artur-P-G7046-P700598-avd.wav	Artur-P	Artur-P-G7046-P700598	-	Državni zbor RS	-	Ljubljana	seja državnega zbora	informativno-izobraževalni	osebni stik	Artur-P-G7046	1	15
Artur-P-G7046-P700601	Artur-P-G7046-P700601-avd.wav	Artur-P	Artur-P-G7046-P700601	-	Državni zbor RS	-	Ljubljana	seja državnega zbora	informativno-izobraževalni	osebni stik	Artur-P-G7046	1	44
Artur-P-G7046-P700920	Artur-P-G7046-P700920-avd.wav	Artur-P	Artur-P-G7046-P700920	-	Državni zbor RS	-	Ljubljana	seja državnega zbora	informativno-izobraževalni	osebni stik	Artur-P-G7046	1	127
Artur-P-G7046-P701081	Artur-P-G7046-P701081-avd.wav	Artur-P	Artur-P-G7046-P701081	-	Državni zbor RS	-	Ljubljana	seja državnega zbora	informativno-izobraževalni	osebni stik	Artur-P-G7046	1	107
Artur-P-G7047-P705541	Artur-P-G7047-P705541-avd.wav	Artur-P	Artur-P-G7047-P705541	-	Državni zbor RS	-	Ljubljana	seja državnega zbora	informativno-izobraževalni	osebni stik	Artur-P-G7047	1	189
Artur-P-G7047-P705544	Artur-P-G7047-P705544-avd.wav	Artur-P	Artur-P-G7047-P705544	-	Državni zbor RS	-	Ljubljana	seja državnega zbora	informativno-izobraževalni	osebni stik	Artur-P-G7047	1	493
Artur-P-G7048-P700319	Artur-P-G7048-P700319-avd.wav	Artur-P	Artur-P-G7048-P700319	-	Državni zbor RS	-	Ljubljana	seja državnega zbora	informativno-izobraževalni	osebni stik	Artur-P-G7048	1	31
Artur-P-G7048-P700573	Artur-P-G7048-P700573-avd.wav	Artur-P	Artur-P-G7048-P700573	-	Državni zbor RS	-	Ljubljana	seja državnega zbora	informativno-izobraževalni	osebni stik	Artur-P-G7048	1	29
Artur-P-G7048-P701352	Artur-P-G7048-P701352-avd.wav	Artur-P	Artur-P-G7048-P701352	-	Državni zbor RS	-	Ljubljana	seja državnega zbora	informativno-izobraževalni	osebni stik	Artur-P-G7048	69	113
Artur-P-G7048-P701370	Artur-P-G7048-P701370-avd.wav	Artur-P	Artur-P-G7048-P701370	-	Državni zbor RS	-	Ljubljana	seja državnega zbora	informativno-izobraževalni	osebni stik	Artur-P-G7048	2	27
Artur-P-G7048-P702940	Artur-P-G7048-P702940-avd.wav	Artur-P	Artur-P-G7048-P702940	-	Državni zbor RS	-	Ljubljana	seja državnega zbora	informativno-izobraževalni	osebni stik	Artur-P-G7048	1	68
Artur-P-G7048-P703590	Artur-P-G7048-P703590-avd.wav	Artur-P	Artur-P-G7048-P703590	-	Državni zbor RS	-	Ljubljana	seja državnega zbora	informativno-izobraževalni	osebni stik	Artur-P-G7048	1	55
Artur-P-G7048-P703830	Artur-P-G7048-P703830-avd.wav	Artur-P	Artur-P-G7048-P703830	-	Državni zbor RS	-	Ljubljana	seja državnega zbora	informativno-izobraževalni	osebni stik	Artur-P-G7048	3	41
Artur-P-G7049-P700010	Artur-P-G7049-P700010-avd.wav	Artur-P	Artur-P-G7049-P700010	-	Državni zbor RS	-	Ljubljana	seja državnega zbora	informativno-izobraževalni	osebni stik	Artur-P-G7049	1	52
Artur-P-G7049-P700126	Artur-P-G7049-P700126-avd.wav	Artur-P	Artur-P-G7049-P700126	-	Državni zbor RS	-	Ljubljana	seja državnega zbora	informativno-izobraževalni	osebni stik	Artur-P-G7049	1	186
Artur-P-G7049-P700130	Artur-P-G7049-P700130-avd.wav	Artur-P	Artur-P-G7049-P700130	-	Državni zbor RS	-	Ljubljana	seja državnega zbora	informativno-izobraževalni	osebni stik	Artur-P-G7049	1	44
Artur-P-G7049-P700136	Artur-P-G7049-P700136-avd.wav	Artur-P	Artur-P-G7049-P700136	-	Državni zbor RS	-	Ljubljana	seja državnega zbora	informativno-izobraževalni	osebni stik	Artur-P-G7049	1	108
Artur-P-G7049-P700149	Artur-P-G7049-P700149-avd.wav	Artur-P	Artur-P-G7049-P700149	-	Državni zbor RS	-	Ljubljana	seja državnega zbora	informativno-izobraževalni	osebni stik	Artur-P-G7049	1	17
Artur-P-G7049-P700161	Artur-P-G7049-P700161-avd.wav	Artur-P	Artur-P-G7049-P700161	-	Državni zbor RS	-	Ljubljana	seja državnega zbora	informativno-izobraževalni	osebni stik	Artur-P-G7049	1	68
Artur-P-G7049-P700214	Artur-P-G7049-P700214-avd.wav	Artur-P	Artur-P-G7049-P700214	-	Državni zbor RS	-	Ljubljana	seja državnega zbora	informativno-izobraževalni	osebni stik	Artur-P-G7049	1	110
Artur-P-G7051-P700190	Artur-P-G7051-P700190-avd.wav	Artur-P	Artur-P-G7051-P700190	-	Državni zbor RS	-	Ljubljana	seja državnega zbora	informativno-izobraževalni	osebni stik	Artur-P-G7051	1	87
Artur-P-G7051-P700377	Artur-P-G7051-P700377-avd.wav	Artur-P	Artur-P-G7051-P700377	-	Državni zbor RS	-	Ljubljana	seja državnega zbora	informativno-izobraževalni	osebni stik	Artur-P-G7051	2	179
Artur-P-G7051-P700450	Artur-P-G7051-P700450-avd.wav	Artur-P	Artur-P-G7051-P700450	-	Državni zbor RS	-	Ljubljana	seja državnega zbora	informativno-izobraževalni	osebni stik	Artur-P-G7051	4	80
Artur-P-G7051-P700957	Artur-P-G7051-P700957-avd.wav	Artur-P	Artur-P-G7051-P700957	-	Državni zbor RS	-	Ljubljana	seja državnega zbora	informativno-izobraževalni	osebni stik	Artur-P-G7051	1	70
Artur-P-G7051-P701619	Artur-P-G7051-P701619-avd.wav	Artur-P	Artur-P-G7051-P701619	-	Državni zbor RS	-	Ljubljana	seja državnega zbora	informativno-izobraževalni	osebni stik	Artur-P-G7051	3	46
Artur-P-G7051-P701871	Artur-P-G7051-P701871-avd.wav	Artur-P	Artur-P-G7051-P701871	-	Državni zbor RS	-	Ljubljana	seja državnega zbora	informativno-izobraževalni	osebni stik	Artur-P-G7051	2	24
Artur-P-G7052-P700185	Artur-P-G7052-P700185-avd.wav	Artur-P	Artur-P-G7052-P700185	-	Državni zbor RS	-	Ljubljana	seja državnega zbora	informativno-izobraževalni	osebni stik	Artur-P-G7052	1	163
Artur-P-G7052-P700201	Artur-P-G7052-P700201-avd.wav	Artur-P	Artur-P-G7052-P700201	-	Državni zbor RS	-	Ljubljana	seja državnega zbora	informativno-izobraževalni	osebni stik	Artur-P-G7052	1	80
Artur-P-G7052-P701001	Artur-P-G7052-P701001-avd.wav	Artur-P	Artur-P-G7052-P701001	-	Državni zbor RS	-	Ljubljana	seja državnega zbora	informativno-izobraževalni	osebni stik	Artur-P-G7052	1	82
Artur-P-G7052-P701257	Artur-P-G7052-P701257-avd.wav	Artur-P	Artur-P-G7052-P701257	-	Državni zbor RS	-	Ljubljana	seja državnega zbora	informativno-izobraževalni	osebni stik	Artur-P-G7052	3	47
Artur-P-G7052-P701259	Artur-P-G7052-P701259-avd.wav	Artur-P	Artur-P-G7052-P701259	-	Državni zbor RS	-	Ljubljana	seja državnega zbora	informativno-izobraževalni	osebni stik	Artur-P-G7052	1	28
Artur-P-G7052-P701379	Artur-P-G7052-P701379-avd.wav	Artur-P	Artur-P-G7052-P701379	-	Državni zbor RS	-	Ljubljana	seja državnega zbora	informativno-izobraževalni	osebni stik	Artur-P-G7052	1	113
Artur-P-G7053-P700054	Artur-P-G7053-P700054-avd.wav	Artur-P	Artur-P-G7053-P700054	-	Državni zbor RS	-	Ljubljana	seja državnega zbora	informativno-izobraževalni	osebni stik	Artur-P-G7053	1	73
Artur-P-G7053-P700056	Artur-P-G7053-P700056-avd.wav	Artur-P	Artur-P-G7053-P700056	-	Državni zbor RS	-	Ljubljana	seja državnega zbora	informativno-izobraževalni	osebni stik	Artur-P-G7053	1	8
Artur-P-G7053-P700108	Artur-P-G7053-P700108-avd.wav	Artur-P	Artur-P-G7053-P700108	-	Državni zbor RS	-	Ljubljana	seja državnega zbora	informativno-izobraževalni	osebni stik	Artur-P-G7053	1	60
Artur-P-G7053-P700237	Artur-P-G7053-P700237-avd.wav	Artur-P	Artur-P-G7053-P700237	-	Državni zbor RS	-	Ljubljana	seja državnega zbora	informativno-izobraževalni	osebni stik	Artur-P-G7053	1	58
Artur-P-G7053-P700315	Artur-P-G7053-P700315-avd.wav	Artur-P	Artur-P-G7053-P700315	-	Državni zbor RS	-	Ljubljana	seja državnega zbora	informativno-izobraževalni	osebni stik	Artur-P-G7053	1	60
Artur-P-G7053-P700329	Artur-P-G7053-P700329-avd.wav	Artur-P	Artur-P-G7053-P700329	-	Državni zbor RS	-	Ljubljana	seja državnega zbora	informativno-izobraževalni	osebni stik	Artur-P-G7053	1	75
Artur-P-G7053-P700348	Artur-P-G7053-P700348-avd.wav	Artur-P	Artur-P-G7053-P700348	-	Državni zbor RS	-	Ljubljana	seja državnega zbora	informativno-izobraževalni	osebni stik	Artur-P-G7053	5	55
Artur-P-G7053-P700504	Artur-P-G7053-P700504-avd.wav	Artur-P	Artur-P-G7053-P700504	-	Državni zbor RS	-	Ljubljana	seja državnega zbora	informativno-izobraževalni	osebni stik	Artur-P-G7053	1	108
Artur-P-G7053-P700560	Artur-P-G7053-P700560-avd.wav	Artur-P	Artur-P-G7053-P700560	-	Državni zbor RS	-	Ljubljana	seja državnega zbora	informativno-izobraževalni	osebni stik	Artur-P-G7053	1	75
Artur-P-G7053-P700808	Artur-P-G7053-P700808-avd.wav	Artur-P	Artur-P-G7053-P700808	-	Državni zbor RS	-	Ljubljana	seja državnega zbora	informativno-izobraževalni	osebni stik	Artur-P-G7053	1	56
Artur-P-G7054-P700178	Artur-P-G7054-P700178-avd.wav	Artur-P	Artur-P-G7054-P700178	-	Državni zbor RS	-	Ljubljana	seja državnega zbora	informativno-izobraževalni	osebni stik	Artur-P-G7054	1	86
Artur-P-G7054-P700183	Artur-P-G7054-P700183-avd.wav	Artur-P	Artur-P-G7054-P700183	-	Državni zbor RS	-	Ljubljana	seja državnega zbora	informativno-izobraževalni	osebni stik	Artur-P-G7054	1	502
Artur-P-G7055-P700050	Artur-P-G7055-P700050-avd.wav	Artur-P	Artur-P-G7055-P700050	-	Državni zbor RS	-	Ljubljana	seja državnega zbora	informativno-izobraževalni	osebni stik	Artur-P-G7055	1	45
Artur-P-G7055-P700052	Artur-P-G7055-P700052-avd.wav	Artur-P	Artur-P-G7055-P700052	-	Državni zbor RS	-	Ljubljana	seja državnega zbora	informativno-izobraževalni	osebni stik	Artur-P-G7055	1	3
Artur-P-G7055-P700053	Artur-P-G7055-P700053-avd.wav	Artur-P	Artur-P-G7055-P700053	-	Državni zbor RS	-	Ljubljana	seja državnega zbora	informativno-izobraževalni	osebni stik	Artur-P-G7055	1	3
Artur-P-G7055-P700138	Artur-P-G7055-P700138-avd.wav	Artur-P	Artur-P-G7055-P700138	-	Državni zbor RS	-	Ljubljana	seja državnega zbora	informativno-izobraževalni	osebni stik	Artur-P-G7055	1	55
Artur-P-G7055-P700146	Artur-P-G7055-P700146-avd.wav	Artur-P	Artur-P-G7055-P700146	-	Državni zbor RS	-	Ljubljana	seja državnega zbora	informativno-izobraževalni	osebni stik	Artur-P-G7055	1	22
Artur-P-G7055-P700154	Artur-P-G7055-P700154-avd.wav	Artur-P	Artur-P-G7055-P700154	-	Državni zbor RS	-	Ljubljana	seja državnega zbora	informativno-izobraževalni	osebni stik	Artur-P-G7055	1	13
Artur-P-G7055-P700164	Artur-P-G7055-P700164-avd.wav	Artur-P	Artur-P-G7055-P700164	-	Državni zbor RS	-	Ljubljana	seja državnega zbora	informativno-izobraževalni	osebni stik	Artur-P-G7055	2	50
Artur-P-G7055-P700174	Artur-P-G7055-P700174-avd.wav	Artur-P	Artur-P-G7055-P700174	-	Državni zbor RS	-	Ljubljana	seja državnega zbora	informativno-izobraževalni	osebni stik	Artur-P-G7055	1	92
Artur-P-G7055-P700272	Artur-P-G7055-P700272-avd.wav	Artur-P	Artur-P-G7055-P700272	-	Državni zbor RS	-	Ljubljana	seja državnega zbora	informativno-izobraževalni	osebni stik	Artur-P-G7055	2	74
Artur-P-G7055-P700373	Artur-P-G7055-P700373-avd.wav	Artur-P	Artur-P-G7055-P700373	-	Državni zbor RS	-	Ljubljana	seja državnega zbora	informativno-izobraževalni	osebni stik	Artur-P-G7055	1	34
Artur-P-G7055-P700412	Artur-P-G7055-P700412-avd.wav	Artur-P	Artur-P-G7055-P700412	-	Državni zbor RS	-	Ljubljana	seja državnega zbora	informativno-izobraževalni	osebni stik	Artur-P-G7055	1	208
Artur-P-G7056-P700031	Artur-P-G7056-P700031-avd.wav	Artur-P	Artur-P-G7056-P700031	-	Državni zbor RS	-	Ljubljana	seja državnega zbora	informativno-izobraževalni	osebni stik	Artur-P-G7056	1	23
Artur-P-G7056-P700626	Artur-P-G7056-P700626-avd.wav	Artur-P	Artur-P-G7056-P700626	-	Državni zbor RS	-	Ljubljana	seja državnega zbora	informativno-izobraževalni	osebni stik	Artur-P-G7056	1	61
Artur-P-G7056-P700627	Artur-P-G7056-P700627-avd.wav	Artur-P	Artur-P-G7056-P700627	-	Državni zbor RS	-	Ljubljana	seja državnega zbora	informativno-izobraževalni	osebni stik	Artur-P-G7056	1	1
Artur-P-G7056-P701790	Artur-P-G7056-P701790-avd.wav	Artur-P	Artur-P-G7056-P701790	-	Državni zbor RS	-	Ljubljana	seja državnega zbora	informativno-izobraževalni	osebni stik	Artur-P-G7056	1	49
Artur-P-G7056-P701953	Artur-P-G7056-P701953-avd.wav	Artur-P	Artur-P-G7056-P701953	-	Državni zbor RS	-	Ljubljana	seja državnega zbora	informativno-izobraževalni	osebni stik	Artur-P-G7056	1	29
Artur-P-G7056-P701955	Artur-P-G7056-P701955-avd.wav	Artur-P	Artur-P-G7056-P701955	-	Državni zbor RS	-	Ljubljana	seja državnega zbora	informativno-izobraževalni	osebni stik	Artur-P-G7056	1	15
Artur-P-G7056-P701957	Artur-P-G7056-P701957-avd.wav	Artur-P	Artur-P-G7056-P701957	-	Državni zbor RS	-	Ljubljana	seja državnega zbora	informativno-izobraževalni	osebni stik	Artur-P-G7056	1	5
Artur-P-G7056-P702241	Artur-P-G7056-P702241-avd.wav	Artur-P	Artur-P-G7056-P702241	-	Državni zbor RS	-	Ljubljana	seja državnega zbora	informativno-izobraževalni	osebni stik	Artur-P-G7056	2	84
Artur-P-G7056-P702243	Artur-P-G7056-P702243-avd.wav	Artur-P	Artur-P-G7056-P702243	-	Državni zbor RS	-	Ljubljana	seja državnega zbora	informativno-izobraževalni	osebni stik	Artur-P-G7056	2	46
Artur-P-G7056-P702245	Artur-P-G7056-P702245-avd.wav	Artur-P	Artur-P-G7056-P702245	-	Državni zbor RS	-	Ljubljana	seja državnega zbora	informativno-izobraževalni	osebni stik	Artur-P-G7056	2	12
Artur-P-G7056-P702664	Artur-P-G7056-P702664-avd.wav	Artur-P	Artur-P-G7056-P702664	-	Državni zbor RS	-	Ljubljana	seja državnega zbora	informativno-izobraževalni	osebni stik	Artur-P-G7056	2	89
Artur-P-G7056-P702667	Artur-P-G7056-P702667-avd.wav	Artur-P	Artur-P-G7056-P702667	-	Državni zbor RS	-	Ljubljana	seja državnega zbora	informativno-izobraževalni	osebni stik	Artur-P-G7056	1	42
Artur-P-G7056-P703122	Artur-P-G7056-P703122-avd.wav	Artur-P	Artur-P-G7056-P703122	-	Državni zbor RS	-	Ljubljana	seja državnega zbora	informativno-izobraževalni	osebni stik	Artur-P-G7056	3	41
Artur-P-G7056-P703124	Artur-P-G7056-P703124-avd.wav	Artur-P	Artur-P-G7056-P703124	-	Državni zbor RS	-	Ljubljana	seja državnega zbora	informativno-izobraževalni	osebni stik	Artur-P-G7056	1	58
Artur-P-G7056-P703484	Artur-P-G7056-P703484-avd.wav	Artur-P	Artur-P-G7056-P703484	-	Državni zbor RS	-	Ljubljana	seja državnega zbora	informativno-izobraževalni	osebni stik	Artur-P-G7056	1	83
Artur-P-G7056-P703842	Artur-P-G7056-P703842-avd.wav	Artur-P	Artur-P-G7056-P703842	-	Državni zbor RS	-	Ljubljana	seja državnega zbora	informativno-izobraževalni	osebni stik	Artur-P-G7056	1	11
Artur-P-G7056-P703844	Artur-P-G7056-P703844-avd.wav	Artur-P	Artur-P-G7056-P703844	-	Državni zbor RS	-	Ljubljana	seja državnega zbora	informativno-izobraževalni	osebni stik	Artur-P-G7056	1	9
Artur-P-G7056-P703910	Artur-P-G7056-P703910-avd.wav	Artur-P	Artur-P-G7056-P703910	-	Državni zbor RS	-	Ljubljana	seja državnega zbora	informativno-izobraževalni	osebni stik	Artur-P-G7056	1	44
Artur-P-G7056-P703912	Artur-P-G7056-P703912-avd.wav	Artur-P	Artur-P-G7056-P703912	-	Državni zbor RS	-	Ljubljana	seja državnega zbora	informativno-izobraževalni	osebni stik	Artur-P-G7056	1	31
Artur-P-G7056-P703914	Artur-P-G7056-P703914-avd.wav	Artur-P	Artur-P-G7056-P703914	-	Državni zbor RS	-	Ljubljana	seja državnega zbora	informativno-izobraževalni	osebni stik	Artur-P-G7056	1	2
Artur-P-G7057-P701390	Artur-P-G7057-P701390-avd.wav	Artur-P	Artur-P-G7057-P701390	-	Državni zbor RS	-	Ljubljana	seja državnega zbora	informativno-izobraževalni	osebni stik	Artur-P-G7057	3	176
Artur-P-G7057-P701470	Artur-P-G7057-P701470-avd.wav	Artur-P	Artur-P-G7057-P701470	-	Državni zbor RS	-	Ljubljana	seja državnega zbora	informativno-izobraževalni	osebni stik	Artur-P-G7057	1	140
Artur-P-G7057-P702362	Artur-P-G7057-P702362-avd.wav	Artur-P	Artur-P-G7057-P702362	-	Državni zbor RS	-	Ljubljana	seja državnega zbora	informativno-izobraževalni	osebni stik	Artur-P-G7057	2	64
Artur-P-G7059-P700353	Artur-P-G7059-P700353-avd.wav	Artur-P	Artur-P-G7059-P700353	-	Državni zbor RS	-	Ljubljana	seja državnega zbora	informativno-izobraževalni	osebni stik	Artur-P-G7059	7	64
Artur-P-G7059-P700363	Artur-P-G7059-P700363-avd.wav	Artur-P	Artur-P-G7059-P700363	-	Državni zbor RS	-	Ljubljana	seja državnega zbora	informativno-izobraževalni	osebni stik	Artur-P-G7059	1	261
Artur-P-G7060-P700477	Artur-P-G7060-P700477-avd.wav	Artur-P	Artur-P-G7060-P700477	-	Državni zbor RS	-	Ljubljana	seja državnega zbora	informativno-izobraževalni	osebni stik	Artur-P-G7060	2	47
Artur-P-G7060-P700550	Artur-P-G7060-P700550-avd.wav	Artur-P	Artur-P-G7060-P700550	-	Državni zbor RS	-	Ljubljana	seja državnega zbora	informativno-izobraževalni	osebni stik	Artur-P-G7060	1	52
Artur-P-G7060-P700583	Artur-P-G7060-P700583-avd.wav	Artur-P	Artur-P-G7060-P700583	-	Državni zbor RS	-	Ljubljana	seja državnega zbora	informativno-izobraževalni	osebni stik	Artur-P-G7060	1	63
Artur-P-G7060-P700585	Artur-P-G7060-P700585-avd.wav	Artur-P	Artur-P-G7060-P700585	-	Državni zbor RS	-	Ljubljana	seja državnega zbora	informativno-izobraževalni	osebni stik	Artur-P-G7060	1	41
Artur-P-G7060-P700587	Artur-P-G7060-P700587-avd.wav	Artur-P	Artur-P-G7060-P700587	-	Državni zbor RS	-	Ljubljana	seja državnega zbora	informativno-izobraževalni	osebni stik	Artur-P-G7060	1	19
Artur-P-G7060-P700912	Artur-P-G7060-P700912-avd.wav	Artur-P	Artur-P-G7060-P700912	-	Državni zbor RS	-	Ljubljana	seja državnega zbora	informativno-izobraževalni	osebni stik	Artur-P-G7060	1	99
Artur-P-G7060-P700956	Artur-P-G7060-P700956-avd.wav	Artur-P	Artur-P-G7060-P700956	-	Državni zbor RS	-	Ljubljana	seja državnega zbora	informativno-izobraževalni	osebni stik	Artur-P-G7060	1	107
Artur-P-G7060-P701138	Artur-P-G7060-P701138-avd.wav	Artur-P	Artur-P-G7060-P701138	-	Državni zbor RS	-	Ljubljana	seja državnega zbora	informativno-izobraževalni	osebni stik	Artur-P-G7060	1	66
Artur-P-G7060-P701140	Artur-P-G7060-P701140-avd.wav	Artur-P	Artur-P-G7060-P701140	-	Državni zbor RS	-	Ljubljana	seja državnega zbora	informativno-izobraževalni	osebni stik	Artur-P-G7060	1	37
Artur-P-G7060-P701142	Artur-P-G7060-P701142-avd.wav	Artur-P	Artur-P-G7060-P701142	-	Državni zbor RS	-	Ljubljana	seja državnega zbora	informativno-izobraževalni	osebni stik	Artur-P-G7060	1	56
Artur-P-G7060-P701411	Artur-P-G7060-P701411-avd.wav	Artur-P	Artur-P-G7060-P701411	-	Državni zbor RS	-	Ljubljana	seja državnega zbora	informativno-izobraževalni	osebni stik	Artur-P-G7060	1	51
Artur-P-G7061-P705402	Artur-P-G7061-P705402-avd.wav	Artur-P	Artur-P-G7061-P705402	-	Državni zbor RS	-	Ljubljana	seja državnega zbora	informativno-izobraževalni	osebni stik	Artur-P-G7061	1	157
Artur-P-G7062-P700035	Artur-P-G7062-P700035-avd.wav	Artur-P	Artur-P-G7062-P700035	-	Državni zbor RS	-	Ljubljana	seja državnega zbora	informativno-izobraževalni	osebni stik	Artur-P-G7062	1	14
Artur-P-G7062-P700037	Artur-P-G7062-P700037-avd.wav	Artur-P	Artur-P-G7062-P700037	-	Državni zbor RS	-	Ljubljana	seja državnega zbora	informativno-izobraževalni	osebni stik	Artur-P-G7062	2	43
Artur-P-G7062-P700520	Artur-P-G7062-P700520-avd.wav	Artur-P	Artur-P-G7062-P700520	-	Državni zbor RS	-	Ljubljana	seja državnega zbora	informativno-izobraževalni	osebni stik	Artur-P-G7062	1	205
Artur-P-G7062-P700895	Artur-P-G7062-P700895-avd.wav	Artur-P	Artur-P-G7062-P700895	-	Državni zbor RS	-	Ljubljana	seja državnega zbora	informativno-izobraževalni	osebni stik	Artur-P-G7062	1	99
Artur-P-G7062-P701091	Artur-P-G7062-P701091-avd.wav	Artur-P	Artur-P-G7062-P701091	-	Državni zbor RS	-	Ljubljana	seja državnega zbora	informativno-izobraževalni	osebni stik	Artur-P-G7062	1	334
Artur-P-G7064-P700219	Artur-P-G7064-P700219-avd.wav	Artur-P	Artur-P-G7064-P700219	-	Državni zbor RS	-	Ljubljana	seja državnega zbora	informativno-izobraževalni	osebni stik	Artur-P-G7064	3	69
Artur-P-G7064-P700845	Artur-P-G7064-P700845-avd.wav	Artur-P	Artur-P-G7064-P700845	-	Državni zbor RS	-	Ljubljana	seja državnega zbora	informativno-izobraževalni	osebni stik	Artur-P-G7064	1	165
Artur-P-G7064-P700848	Artur-P-G7064-P700848-avd.wav	Artur-P	Artur-P-G7064-P700848	-	Državni zbor RS	-	Ljubljana	seja državnega zbora	informativno-izobraževalni	osebni stik	Artur-P-G7064	1	34
Artur-P-G7064-P700945	Artur-P-G7064-P700945-avd.wav	Artur-P	Artur-P-G7064-P700945	-	Državni zbor RS	-	Ljubljana	seja državnega zbora	informativno-izobraževalni	osebni stik	Artur-P-G7064	1	130
Artur-P-G7064-P700994	Artur-P-G7064-P700994-avd.wav	Artur-P	Artur-P-G7064-P700994	-	Državni zbor RS	-	Ljubljana	seja državnega zbora	informativno-izobraževalni	osebni stik	Artur-P-G7064	1	34
Artur-P-G7064-P701005	Artur-P-G7064-P701005-avd.wav	Artur-P	Artur-P-G7064-P701005	-	Državni zbor RS	-	Ljubljana	seja državnega zbora	informativno-izobraževalni	osebni stik	Artur-P-G7064	1	73
Artur-P-G7064-P701063	Artur-P-G7064-P701063-avd.wav	Artur-P	Artur-P-G7064-P701063	-	Državni zbor RS	-	Ljubljana	seja državnega zbora	informativno-izobraževalni	osebni stik	Artur-P-G7064	1	143
Artur-P-G7064-P701234	Artur-P-G7064-P701234-avd.wav	Artur-P	Artur-P-G7064-P701234	-	Državni zbor RS	-	Ljubljana	seja državnega zbora	informativno-izobraževalni	osebni stik	Artur-P-G7064	1	66
Artur-P-G7064-P701236	Artur-P-G7064-P701236-avd.wav	Artur-P	Artur-P-G7064-P701236	-	Državni zbor RS	-	Ljubljana	seja državnega zbora	informativno-izobraževalni	osebni stik	Artur-P-G7064	1	36
Artur-P-G7065-P700026	Artur-P-G7065-P700026-avd.wav	Artur-P	Artur-P-G7065-P700026	-	Državni zbor RS	-	Ljubljana	seja državnega zbora	informativno-izobraževalni	osebni stik	Artur-P-G7065	1	45
Artur-P-G7065-P700028	Artur-P-G7065-P700028-avd.wav	Artur-P	Artur-P-G7065-P700028	-	Državni zbor RS	-	Ljubljana	seja državnega zbora	informativno-izobraževalni	osebni stik	Artur-P-G7065	2	37
Artur-P-G7065-P700030	Artur-P-G7065-P700030-avd.wav	Artur-P	Artur-P-G7065-P700030	-	Državni zbor RS	-	Ljubljana	seja državnega zbora	informativno-izobraževalni	osebni stik	Artur-P-G7065	2	26
Artur-P-G7065-P700705	Artur-P-G7065-P700705-avd.wav	Artur-P	Artur-P-G7065-P700705	-	Državni zbor RS	-	Ljubljana	seja državnega zbora	informativno-izobraževalni	osebni stik	Artur-P-G7065	1	49
Artur-P-G7065-P700707	Artur-P-G7065-P700707-avd.wav	Artur-P	Artur-P-G7065-P700707	-	Državni zbor RS	-	Ljubljana	seja državnega zbora	informativno-izobraževalni	osebni stik	Artur-P-G7065	1	45
Artur-P-G7065-P701064	Artur-P-G7065-P701064-avd.wav	Artur-P	Artur-P-G7065-P701064	-	Državni zbor RS	-	Ljubljana	seja državnega zbora	informativno-izobraževalni	osebni stik	Artur-P-G7065	2	515
Artur-P-G7066-P700027	Artur-P-G7066-P700027-avd.wav	Artur-P	Artur-P-G7066-P700027	-	Državni zbor RS	-	Ljubljana	seja državnega zbora	informativno-izobraževalni	osebni stik	Artur-P-G7066	1	32
Artur-P-G7066-P700029	Artur-P-G7066-P700029-avd.wav	Artur-P	Artur-P-G7066-P700029	-	Državni zbor RS	-	Ljubljana	seja državnega zbora	informativno-izobraževalni	osebni stik	Artur-P-G7066	2	20
Artur-P-G7066-P700065	Artur-P-G7066-P700065-avd.wav	Artur-P	Artur-P-G7066-P700065	-	Državni zbor RS	-	Ljubljana	seja državnega zbora	informativno-izobraževalni	osebni stik	Artur-P-G7066	1	74
Artur-P-G7066-P700067	Artur-P-G7066-P700067-avd.wav	Artur-P	Artur-P-G7066-P700067	-	Državni zbor RS	-	Ljubljana	seja državnega zbora	informativno-izobraževalni	osebni stik	Artur-P-G7066	1	7
Artur-P-G7066-P700179	Artur-P-G7066-P700179-avd.wav	Artur-P	Artur-P-G7066-P700179	-	Državni zbor RS	-	Ljubljana	seja državnega zbora	informativno-izobraževalni	osebni stik	Artur-P-G7066	1	100
Artur-P-G7066-P700642	Artur-P-G7066-P700642-avd.wav	Artur-P	Artur-P-G7066-P700642	-	Državni zbor RS	-	Ljubljana	seja državnega zbora	informativno-izobraževalni	osebni stik	Artur-P-G7066	1	93
Artur-P-G7066-P700644	Artur-P-G7066-P700644-avd.wav	Artur-P	Artur-P-G7066-P700644	-	Državni zbor RS	-	Ljubljana	seja državnega zbora	informativno-izobraževalni	osebni stik	Artur-P-G7066	1	20
Artur-P-G7066-P701209	Artur-P-G7066-P701209-avd.wav	Artur-P	Artur-P-G7066-P701209	-	Državni zbor RS	-	Ljubljana	seja državnega zbora	informativno-izobraževalni	osebni stik	Artur-P-G7066	1	100
Artur-P-G7066-P701211	Artur-P-G7066-P701211-avd.wav	Artur-P	Artur-P-G7066-P701211	-	Državni zbor RS	-	Ljubljana	seja državnega zbora	informativno-izobraževalni	osebni stik	Artur-P-G7066	1	56
Artur-P-G7067-P700230	Artur-P-G7067-P700230-avd.wav	Artur-P	Artur-P-G7067-P700230	-	Državni zbor RS	-	Ljubljana	seja državnega zbora	informativno-izobraževalni	osebni stik	Artur-P-G7067	1	35
Artur-P-G7067-P700496	Artur-P-G7067-P700496-avd.wav	Artur-P	Artur-P-G7067-P700496	-	Državni zbor RS	-	Ljubljana	seja državnega zbora	informativno-izobraževalni	osebni stik	Artur-P-G7067	1	65
Artur-P-G7067-P700528	Artur-P-G7067-P700528-avd.wav	Artur-P	Artur-P-G7067-P700528	-	Državni zbor RS	-	Ljubljana	seja državnega zbora	informativno-izobraževalni	osebni stik	Artur-P-G7067	2	132
Artur-P-G7067-P700639	Artur-P-G7067-P700639-avd.wav	Artur-P	Artur-P-G7067-P700639	-	Državni zbor RS	-	Ljubljana	seja državnega zbora	informativno-izobraževalni	osebni stik	Artur-P-G7067	1	38
Artur-P-G7067-P700909	Artur-P-G7067-P700909-avd.wav	Artur-P	Artur-P-G7067-P700909	-	Državni zbor RS	-	Ljubljana	seja državnega zbora	informativno-izobraževalni	osebni stik	Artur-P-G7067	1	44
Artur-P-G7067-P700959	Artur-P-G7067-P700959-avd.wav	Artur-P	Artur-P-G7067-P700959	-	Državni zbor RS	-	Ljubljana	seja državnega zbora	informativno-izobraževalni	osebni stik	Artur-P-G7067	1	42
Artur-P-G7067-P701010	Artur-P-G7067-P701010-avd.wav	Artur-P	Artur-P-G7067-P701010	-	Državni zbor RS	-	Ljubljana	seja državnega zbora	informativno-izobraževalni	osebni stik	Artur-P-G7067	1	77
Artur-P-G7067-P701843	Artur-P-G7067-P701843-avd.wav	Artur-P	Artur-P-G7067-P701843	-	Državni zbor RS	-	Ljubljana	seja državnega zbora	informativno-izobraževalni	osebni stik	Artur-P-G7067	1	45
Artur-P-G7067-P701964	Artur-P-G7067-P701964-avd.wav	Artur-P	Artur-P-G7067-P701964	-	Državni zbor RS	-	Ljubljana	seja državnega zbora	informativno-izobraževalni	osebni stik	Artur-P-G7067	1	63
Artur-P-G7067-P701966	Artur-P-G7067-P701966-avd.wav	Artur-P	Artur-P-G7067-P701966	-	Državni zbor RS	-	Ljubljana	seja državnega zbora	informativno-izobraževalni	osebni stik	Artur-P-G7067	1	18
Artur-P-G7067-P702165	Artur-P-G7067-P702165-avd.wav	Artur-P	Artur-P-G7067-P702165	-	Državni zbor RS	-	Ljubljana	seja državnega zbora	informativno-izobraževalni	osebni stik	Artur-P-G7067	1	40
Artur-P-G7067-P702268	Artur-P-G7067-P702268-avd.wav	Artur-P	Artur-P-G7067-P702268	-	Državni zbor RS	-	Ljubljana	seja državnega zbora	informativno-izobraževalni	osebni stik	Artur-P-G7067	1	43
Artur-P-G7067-P702270	Artur-P-G7067-P702270-avd.wav	Artur-P	Artur-P-G7067-P702270	-	Državni zbor RS	-	Ljubljana	seja državnega zbora	informativno-izobraževalni	osebni stik	Artur-P-G7067	1	8
Artur-P-G7067-P702272	Artur-P-G7067-P702272-avd.wav	Artur-P	Artur-P-G7067-P702272	-	Državni zbor RS	-	Ljubljana	seja državnega zbora	informativno-izobraževalni	osebni stik	Artur-P-G7067	1	2
Artur-P-G7067-P702881	Artur-P-G7067-P702881-avd.wav	Artur-P	Artur-P-G7067-P702881	-	Državni zbor RS	-	Ljubljana	seja državnega zbora	informativno-izobraževalni	osebni stik	Artur-P-G7067	1	18
Artur-P-G7068-P700025	Artur-P-G7068-P700025-avd.wav	Artur-P	Artur-P-G7068-P700025	-	Državni zbor RS	-	Ljubljana	seja državnega zbora	informativno-izobraževalni	osebni stik	Artur-P-G7068	1	64
Artur-P-G7068-P700060	Artur-P-G7068-P700060-avd.wav	Artur-P	Artur-P-G7068-P700060	-	Državni zbor RS	-	Ljubljana	seja državnega zbora	informativno-izobraževalni	osebni stik	Artur-P-G7068	1	64
Artur-P-G7068-P700062	Artur-P-G7068-P700062-avd.wav	Artur-P	Artur-P-G7068-P700062	-	Državni zbor RS	-	Ljubljana	seja državnega zbora	informativno-izobraževalni	osebni stik	Artur-P-G7068	1	18
Artur-P-G7068-P700070	Artur-P-G7068-P700070-avd.wav	Artur-P	Artur-P-G7068-P700070	-	Državni zbor RS	-	Ljubljana	seja državnega zbora	informativno-izobraževalni	osebni stik	Artur-P-G7068	2	21
Artur-P-G7068-P700073	Artur-P-G7068-P700073-avd.wav	Artur-P	Artur-P-G7068-P700073	-	Državni zbor RS	-	Ljubljana	seja državnega zbora	informativno-izobraževalni	osebni stik	Artur-P-G7068	2	119
Artur-P-G7068-P700716	Artur-P-G7068-P700716-avd.wav	Artur-P	Artur-P-G7068-P700716	-	Državni zbor RS	-	Ljubljana	seja državnega zbora	informativno-izobraževalni	osebni stik	Artur-P-G7068	1	63
Artur-P-G7068-P700748	Artur-P-G7068-P700748-avd.wav	Artur-P	Artur-P-G7068-P700748	-	Državni zbor RS	-	Ljubljana	seja državnega zbora	informativno-izobraževalni	osebni stik	Artur-P-G7068	1	27
Artur-P-G7068-P701167	Artur-P-G7068-P701167-avd.wav	Artur-P	Artur-P-G7068-P701167	-	Državni zbor RS	-	Ljubljana	seja državnega zbora	informativno-izobraževalni	osebni stik	Artur-P-G7068	1	44
Artur-P-G7068-P701169	Artur-P-G7068-P701169-avd.wav	Artur-P	Artur-P-G7068-P701169	-	Državni zbor RS	-	Ljubljana	seja državnega zbora	informativno-izobraževalni	osebni stik	Artur-P-G7068	1	32
Artur-P-G7068-P701191	Artur-P-G7068-P701191-avd.wav	Artur-P	Artur-P-G7068-P701191	-	Državni zbor RS	-	Ljubljana	seja državnega zbora	informativno-izobraževalni	osebni stik	Artur-P-G7068	1	35
Artur-P-G7070-P700112	Artur-P-G7070-P700112-avd.wav	Artur-P	Artur-P-G7070-P700112	-	Državni zbor RS	-	Ljubljana	seja državnega zbora	informativno-izobraževalni	osebni stik	Artur-P-G7070	1	65
Artur-P-G7070-P700120	Artur-P-G7070-P700120-avd.wav	Artur-P	Artur-P-G7070-P700120	-	Državni zbor RS	-	Ljubljana	seja državnega zbora	informativno-izobraževalni	osebni stik	Artur-P-G7070	3	37
Artur-P-G7070-P700194	Artur-P-G7070-P700194-avd.wav	Artur-P	Artur-P-G7070-P700194	-	Državni zbor RS	-	Ljubljana	seja državnega zbora	informativno-izobraževalni	osebni stik	Artur-P-G7070	1	192
Artur-P-G7070-P700232	Artur-P-G7070-P700232-avd.wav	Artur-P	Artur-P-G7070-P700232	-	Državni zbor RS	-	Ljubljana	seja državnega zbora	informativno-izobraževalni	osebni stik	Artur-P-G7070	1	45
Artur-P-G7070-P700285	Artur-P-G7070-P700285-avd.wav	Artur-P	Artur-P-G7070-P700285	-	Državni zbor RS	-	Ljubljana	seja državnega zbora	informativno-izobraževalni	osebni stik	Artur-P-G7070	1	77
Artur-P-G7070-P700311	Artur-P-G7070-P700311-avd.wav	Artur-P	Artur-P-G7070-P700311	-	Državni zbor RS	-	Ljubljana	seja državnega zbora	informativno-izobraževalni	osebni stik	Artur-P-G7070	1	53
Artur-P-G7070-P700325	Artur-P-G7070-P700325-avd.wav	Artur-P	Artur-P-G7070-P700325	-	Državni zbor RS	-	Ljubljana	seja državnega zbora	informativno-izobraževalni	osebni stik	Artur-P-G7070	1	42
Artur-P-G7071-P701004	Artur-P-G7071-P701004-avd.wav	Artur-P	Artur-P-G7071-P701004	-	Državni zbor RS	-	Ljubljana	seja državnega zbora	informativno-izobraževalni	osebni stik	Artur-P-G7071	1	81
Artur-P-G7071-P701012	Artur-P-G7071-P701012-avd.wav	Artur-P	Artur-P-G7071-P701012	-	Državni zbor RS	-	Ljubljana	seja državnega zbora	informativno-izobraževalni	osebni stik	Artur-P-G7071	1	97
Artur-P-G7071-P701273	Artur-P-G7071-P701273-avd.wav	Artur-P	Artur-P-G7071-P701273	-	Državni zbor RS	-	Ljubljana	seja državnega zbora	informativno-izobraževalni	osebni stik	Artur-P-G7071	2	122
Artur-P-G7071-P701275	Artur-P-G7071-P701275-avd.wav	Artur-P	Artur-P-G7071-P701275	-	Državni zbor RS	-	Ljubljana	seja državnega zbora	informativno-izobraževalni	osebni stik	Artur-P-G7071	1	82
Artur-P-G7071-P701398	Artur-P-G7071-P701398-avd.wav	Artur-P	Artur-P-G7071-P701398	-	Državni zbor RS	-	Ljubljana	seja državnega zbora	informativno-izobraževalni	osebni stik	Artur-P-G7071	3	23
Artur-P-G7071-P701428	Artur-P-G7071-P701428-avd.wav	Artur-P	Artur-P-G7071-P701428	-	Državni zbor RS	-	Ljubljana	seja državnega zbora	informativno-izobraževalni	osebni stik	Artur-P-G7071	1	64
Artur-P-G7073-P700167	Artur-P-G7073-P700167-avd.wav	Artur-P	Artur-P-G7073-P700167	-	Državni zbor RS	-	Ljubljana	seja državnega zbora	informativno-izobraževalni	osebni stik	Artur-P-G7073	1	70
Artur-P-G7076-P700196	Artur-P-G7076-P700196-avd.wav	Artur-P	Artur-P-G7076-P700196	-	Državni zbor RS	-	Ljubljana	seja državnega zbora	informativno-izobraževalni	osebni stik	Artur-P-G7076	1	58
Artur-P-G7076-P700432	Artur-P-G7076-P700432-avd.wav	Artur-P	Artur-P-G7076-P700432	-	Državni zbor RS	-	Ljubljana	seja državnega zbora	informativno-izobraževalni	osebni stik	Artur-P-G7076	1	34
Artur-P-G7076-P700628	Artur-P-G7076-P700628-avd.wav	Artur-P	Artur-P-G7076-P700628	-	Državni zbor RS	-	Ljubljana	seja državnega zbora	informativno-izobraževalni	osebni stik	Artur-P-G7076	1	68
Artur-P-G7076-P700870	Artur-P-G7076-P700870-avd.wav	Artur-P	Artur-P-G7076-P700870	-	Državni zbor RS	-	Ljubljana	seja državnega zbora	informativno-izobraževalni	osebni stik	Artur-P-G7076	1	133
Artur-P-G7076-P701060	Artur-P-G7076-P701060-avd.wav	Artur-P	Artur-P-G7076-P701060	-	Državni zbor RS	-	Ljubljana	seja državnega zbora	informativno-izobraževalni	osebni stik	Artur-P-G7076	2	261
Artur-P-G7076-P701100	Artur-P-G7076-P701100-avd.wav	Artur-P	Artur-P-G7076-P701100	-	Državni zbor RS	-	Ljubljana	seja državnega zbora	informativno-izobraževalni	osebni stik	Artur-P-G7076	1	86
Artur-P-G7076-P701102	Artur-P-G7076-P701102-avd.wav	Artur-P	Artur-P-G7076-P701102	-	Državni zbor RS	-	Ljubljana	seja državnega zbora	informativno-izobraževalni	osebni stik	Artur-P-G7076	1	17
Artur-P-G7078-P700403	Artur-P-G7078-P700403-avd.wav	Artur-P	Artur-P-G7078-P700403	-	Državni zbor RS	-	Ljubljana	seja državnega zbora	informativno-izobraževalni	osebni stik	Artur-P-G7078	1	115
Artur-P-G7078-P700484	Artur-P-G7078-P700484-avd.wav	Artur-P	Artur-P-G7078-P700484	-	Državni zbor RS	-	Ljubljana	seja državnega zbora	informativno-izobraževalni	osebni stik	Artur-P-G7078	1	11
Artur-P-G7078-P700576	Artur-P-G7078-P700576-avd.wav	Artur-P	Artur-P-G7078-P700576	-	Državni zbor RS	-	Ljubljana	seja državnega zbora	informativno-izobraževalni	osebni stik	Artur-P-G7078	1	64
Artur-P-G7078-P700700	Artur-P-G7078-P700700-avd.wav	Artur-P	Artur-P-G7078-P700700	-	Državni zbor RS	-	Ljubljana	seja državnega zbora	informativno-izobraževalni	osebni stik	Artur-P-G7078	1	46
Artur-P-G7078-P700702	Artur-P-G7078-P700702-avd.wav	Artur-P	Artur-P-G7078-P700702	-	Državni zbor RS	-	Ljubljana	seja državnega zbora	informativno-izobraževalni	osebni stik	Artur-P-G7078	1	6
Artur-P-G7078-P700704	Artur-P-G7078-P700704-avd.wav	Artur-P	Artur-P-G7078-P700704	-	Državni zbor RS	-	Ljubljana	seja državnega zbora	informativno-izobraževalni	osebni stik	Artur-P-G7078	1	19
Artur-P-G7078-P700792	Artur-P-G7078-P700792-avd.wav	Artur-P	Artur-P-G7078-P700792	-	Državni zbor RS	-	Ljubljana	seja državnega zbora	informativno-izobraževalni	osebni stik	Artur-P-G7078	1	83
Artur-P-G7078-P700825	Artur-P-G7078-P700825-avd.wav	Artur-P	Artur-P-G7078-P700825	-	Državni zbor RS	-	Ljubljana	seja državnega zbora	informativno-izobraževalni	osebni stik	Artur-P-G7078	1	120
Artur-P-G7079-P700381	Artur-P-G7079-P700381-avd.wav	Artur-P	Artur-P-G7079-P700381	-	Državni zbor RS	-	Ljubljana	seja državnega zbora	informativno-izobraževalni	osebni stik	Artur-P-G7079	1	183
Artur-P-G7079-P700593	Artur-P-G7079-P700593-avd.wav	Artur-P	Artur-P-G7079-P700593	-	Državni zbor RS	-	Ljubljana	seja državnega zbora	informativno-izobraževalni	osebni stik	Artur-P-G7079	1	88
Artur-P-G7079-P700595	Artur-P-G7079-P700595-avd.wav	Artur-P	Artur-P-G7079-P700595	-	Državni zbor RS	-	Ljubljana	seja državnega zbora	informativno-izobraževalni	osebni stik	Artur-P-G7079	2	82
Artur-P-G7079-P700597	Artur-P-G7079-P700597-avd.wav	Artur-P	Artur-P-G7079-P700597	-	Državni zbor RS	-	Ljubljana	seja državnega zbora	informativno-izobraževalni	osebni stik	Artur-P-G7079	1	30
Artur-P-G7079-P700745	Artur-P-G7079-P700745-avd.wav	Artur-P	Artur-P-G7079-P700745	-	Državni zbor RS	-	Ljubljana	seja državnega zbora	informativno-izobraževalni	osebni stik	Artur-P-G7079	1	58
Artur-P-G7079-P700747	Artur-P-G7079-P700747-avd.wav	Artur-P	Artur-P-G7079-P700747	-	Državni zbor RS	-	Ljubljana	seja državnega zbora	informativno-izobraževalni	osebni stik	Artur-P-G7079	1	29
Artur-P-G7079-P700749	Artur-P-G7079-P700749-avd.wav	Artur-P	Artur-P-G7079-P700749	-	Državni zbor RS	-	Ljubljana	seja državnega zbora	informativno-izobraževalni	osebni stik	Artur-P-G7079	1	29
Artur-P-G7079-P701436	Artur-P-G7079-P701436-avd.wav	Artur-P	Artur-P-G7079-P701436	-	Državni zbor RS	-	Ljubljana	seja državnega zbora	informativno-izobraževalni	osebni stik	Artur-P-G7079	2	32
Artur-P-G7079-P701444	Artur-P-G7079-P701444-avd.wav	Artur-P	Artur-P-G7079-P701444	-	Državni zbor RS	-	Ljubljana	seja državnega zbora	informativno-izobraževalni	osebni stik	Artur-P-G7079	1	7
Artur-P-G7079-P701451	Artur-P-G7079-P701451-avd.wav	Artur-P	Artur-P-G7079-P701451	-	Državni zbor RS	-	Ljubljana	seja državnega zbora	informativno-izobraževalni	osebni stik	Artur-P-G7079	1	5
Artur-P-G7080-P700019	Artur-P-G7080-P700019-avd.wav	Artur-P	Artur-P-G7080-P700019	-	Državni zbor RS	-	Ljubljana	seja državnega zbora	informativno-izobraževalni	osebni stik	Artur-P-G7080	2	23
Artur-P-G7080-P700119	Artur-P-G7080-P700119-avd.wav	Artur-P	Artur-P-G7080-P700119	-	Državni zbor RS	-	Ljubljana	seja državnega zbora	informativno-izobraževalni	osebni stik	Artur-P-G7080	2	53
Artur-P-G7080-P700129	Artur-P-G7080-P700129-avd.wav	Artur-P	Artur-P-G7080-P700129	-	Državni zbor RS	-	Ljubljana	seja državnega zbora	informativno-izobraževalni	osebni stik	Artur-P-G7080	1	55
Artur-P-G7080-P700284	Artur-P-G7080-P700284-avd.wav	Artur-P	Artur-P-G7080-P700284	-	Državni zbor RS	-	Ljubljana	seja državnega zbora	informativno-izobraževalni	osebni stik	Artur-P-G7080	1	46
Artur-P-G7080-P700937	Artur-P-G7080-P700937-avd.wav	Artur-P	Artur-P-G7080-P700937	-	Državni zbor RS	-	Ljubljana	seja državnega zbora	informativno-izobraževalni	osebni stik	Artur-P-G7080	1	85
Artur-P-G7080-P700982	Artur-P-G7080-P700982-avd.wav	Artur-P	Artur-P-G7080-P700982	-	Državni zbor RS	-	Ljubljana	seja državnega zbora	informativno-izobraževalni	osebni stik	Artur-P-G7080	1	124
Artur-P-G7080-P700991	Artur-P-G7080-P700991-avd.wav	Artur-P	Artur-P-G7080-P700991	-	Državni zbor RS	-	Ljubljana	seja državnega zbora	informativno-izobraževalni	osebni stik	Artur-P-G7080	1	21
Artur-P-G7080-P701386	Artur-P-G7080-P701386-avd.wav	Artur-P	Artur-P-G7080-P701386	-	Državni zbor RS	-	Ljubljana	seja državnega zbora	informativno-izobraževalni	osebni stik	Artur-P-G7080	1	59
Artur-P-G7083-P700155	Artur-P-G7083-P700155-avd.wav	Artur-P	Artur-P-G7083-P700155	-	Državni zbor RS	-	Ljubljana	seja državnega zbora	informativno-izobraževalni	osebni stik	Artur-P-G7083	1	51
Artur-P-G7083-P700365	Artur-P-G7083-P700365-avd.wav	Artur-P	Artur-P-G7083-P700365	-	Državni zbor RS	-	Ljubljana	seja državnega zbora	informativno-izobraževalni	osebni stik	Artur-P-G7083	1	68
Artur-P-G7083-P700390	Artur-P-G7083-P700390-avd.wav	Artur-P	Artur-P-G7083-P700390	-	Državni zbor RS	-	Ljubljana	seja državnega zbora	informativno-izobraževalni	osebni stik	Artur-P-G7083	1	40
Artur-P-G7083-P700400	Artur-P-G7083-P700400-avd.wav	Artur-P	Artur-P-G7083-P700400	-	Državni zbor RS	-	Ljubljana	seja državnega zbora	informativno-izobraževalni	osebni stik	Artur-P-G7083	1	64
Artur-P-G7083-P700418	Artur-P-G7083-P700418-avd.wav	Artur-P	Artur-P-G7083-P700418	-	Državni zbor RS	-	Ljubljana	seja državnega zbora	informativno-izobraževalni	osebni stik	Artur-P-G7083	1	35
Artur-P-G7083-P700456	Artur-P-G7083-P700456-avd.wav	Artur-P	Artur-P-G7083-P700456	-	Državni zbor RS	-	Ljubljana	seja državnega zbora	informativno-izobraževalni	osebni stik	Artur-P-G7083	1	86
Artur-P-G7083-P700916	Artur-P-G7083-P700916-avd.wav	Artur-P	Artur-P-G7083-P700916	-	Državni zbor RS	-	Ljubljana	seja državnega zbora	informativno-izobraževalni	osebni stik	Artur-P-G7083	1	67
Artur-P-G7083-P700941	Artur-P-G7083-P700941-avd.wav	Artur-P	Artur-P-G7083-P700941	-	Državni zbor RS	-	Ljubljana	seja državnega zbora	informativno-izobraževalni	osebni stik	Artur-P-G7083	1	53
Artur-P-G7085-P700024	Artur-P-G7085-P700024-avd.wav	Artur-P	Artur-P-G7085-P700024	-	Državni zbor RS	-	Ljubljana	seja državnega zbora	informativno-izobraževalni	osebni stik	Artur-P-G7085	1	24
Artur-P-G7085-P700176	Artur-P-G7085-P700176-avd.wav	Artur-P	Artur-P-G7085-P700176	-	Državni zbor RS	-	Ljubljana	seja državnega zbora	informativno-izobraževalni	osebni stik	Artur-P-G7085	1	39
Artur-P-G7085-P700184	Artur-P-G7085-P700184-avd.wav	Artur-P	Artur-P-G7085-P700184	-	Državni zbor RS	-	Ljubljana	seja državnega zbora	informativno-izobraževalni	osebni stik	Artur-P-G7085	1	96
Artur-P-G7085-P700300	Artur-P-G7085-P700300-avd.wav	Artur-P	Artur-P-G7085-P700300	-	Državni zbor RS	-	Ljubljana	seja državnega zbora	informativno-izobraževalni	osebni stik	Artur-P-G7085	1	79
Artur-P-G7085-P700302	Artur-P-G7085-P700302-avd.wav	Artur-P	Artur-P-G7085-P700302	-	Državni zbor RS	-	Ljubljana	seja državnega zbora	informativno-izobraževalni	osebni stik	Artur-P-G7085	1	15
Artur-P-G7085-P701065	Artur-P-G7085-P701065-avd.wav	Artur-P	Artur-P-G7085-P701065	-	Državni zbor RS	-	Ljubljana	seja državnega zbora	informativno-izobraževalni	osebni stik	Artur-P-G7085	2	133
Artur-P-G7085-P701092	Artur-P-G7085-P701092-avd.wav	Artur-P	Artur-P-G7085-P701092	-	Državni zbor RS	-	Ljubljana	seja državnega zbora	informativno-izobraževalni	osebni stik	Artur-P-G7085	1	171
Artur-P-G7085-P701112	Artur-P-G7085-P701112-avd.wav	Artur-P	Artur-P-G7085-P701112	-	Državni zbor RS	-	Ljubljana	seja državnega zbora	informativno-izobraževalni	osebni stik	Artur-P-G7085	1	123
Artur-P-G7087-P700267	Artur-P-G7087-P700267-avd.wav	Artur-P	Artur-P-G7087-P700267	-	Državni zbor RS	-	Ljubljana	seja državnega zbora	informativno-izobraževalni	osebni stik	Artur-P-G7087	2	345
Artur-P-G7087-P700273	Artur-P-G7087-P700273-avd.wav	Artur-P	Artur-P-G7087-P700273	-	Državni zbor RS	-	Ljubljana	seja državnega zbora	informativno-izobraževalni	osebni stik	Artur-P-G7087	2	80
Artur-P-G7087-P700414	Artur-P-G7087-P700414-avd.wav	Artur-P	Artur-P-G7087-P700414	-	Državni zbor RS	-	Ljubljana	seja državnega zbora	informativno-izobraževalni	osebni stik	Artur-P-G7087	1	208
Artur-P-G7087-P700417	Artur-P-G7087-P700417-avd.wav	Artur-P	Artur-P-G7087-P700417	-	Državni zbor RS	-	Ljubljana	seja državnega zbora	informativno-izobraževalni	osebni stik	Artur-P-G7087	1	35
Artur-P-G7087-P700423	Artur-P-G7087-P700423-avd.wav	Artur-P	Artur-P-G7087-P700423	-	Državni zbor RS	-	Ljubljana	seja državnega zbora	informativno-izobraževalni	osebni stik	Artur-P-G7087	1	94
Artur-P-G7087-P700714	Artur-P-G7087-P700714-avd.wav	Artur-P	Artur-P-G7087-P700714	-	Državni zbor RS	-	Ljubljana	seja državnega zbora	informativno-izobraževalni	osebni stik	Artur-P-G7087	1	61
Artur-P-G7088-P700162	Artur-P-G7088-P700162-avd.wav	Artur-P	Artur-P-G7088-P700162	-	Državni zbor RS	-	Ljubljana	seja državnega zbora	informativno-izobraževalni	osebni stik	Artur-P-G7088	1	89
Artur-P-G7088-P700392	Artur-P-G7088-P700392-avd.wav	Artur-P	Artur-P-G7088-P700392	-	Državni zbor RS	-	Ljubljana	seja državnega zbora	informativno-izobraževalni	osebni stik	Artur-P-G7088	1	15
Artur-P-G7088-P700395	Artur-P-G7088-P700395-avd.wav	Artur-P	Artur-P-G7088-P700395	-	Državni zbor RS	-	Ljubljana	seja državnega zbora	informativno-izobraževalni	osebni stik	Artur-P-G7088	1	81
Artur-P-G7088-P700424	Artur-P-G7088-P700424-avd.wav	Artur-P	Artur-P-G7088-P700424	-	Državni zbor RS	-	Ljubljana	seja državnega zbora	informativno-izobraževalni	osebni stik	Artur-P-G7088	1	109
Artur-P-G7088-P700463	Artur-P-G7088-P700463-avd.wav	Artur-P	Artur-P-G7088-P700463	-	Državni zbor RS	-	Ljubljana	seja državnega zbora	informativno-izobraževalni	osebni stik	Artur-P-G7088	1	55
Artur-P-G7088-P700478	Artur-P-G7088-P700478-avd.wav	Artur-P	Artur-P-G7088-P700478	-	Državni zbor RS	-	Ljubljana	seja državnega zbora	informativno-izobraževalni	osebni stik	Artur-P-G7088	3	135
Artur-P-G7088-P700480	Artur-P-G7088-P700480-avd.wav	Artur-P	Artur-P-G7088-P700480	-	Državni zbor RS	-	Ljubljana	seja državnega zbora	informativno-izobraževalni	osebni stik	Artur-P-G7088	1	20
Artur-P-G7088-P700924	Artur-P-G7088-P700924-avd.wav	Artur-P	Artur-P-G7088-P700924	-	Državni zbor RS	-	Ljubljana	seja državnega zbora	informativno-izobraževalni	osebni stik	Artur-P-G7088	1	72
Artur-P-G7088-P700985	Artur-P-G7088-P700985-avd.wav	Artur-P	Artur-P-G7088-P700985	-	Državni zbor RS	-	Ljubljana	seja državnega zbora	informativno-izobraževalni	osebni stik	Artur-P-G7088	1	89
Artur-P-G7089-P700001	Artur-P-G7089-P700001-avd.wav	Artur-P	Artur-P-G7089-P700001	-	Državni zbor RS	-	Ljubljana	seja državnega zbora	informativno-izobraževalni	osebni stik	Artur-P-G7089	1	47
Artur-P-G7089-P700003	Artur-P-G7089-P700003-avd.wav	Artur-P	Artur-P-G7089-P700003	-	Državni zbor RS	-	Ljubljana	seja državnega zbora	informativno-izobraževalni	osebni stik	Artur-P-G7089	1	34
Artur-P-G7089-P700005	Artur-P-G7089-P700005-avd.wav	Artur-P	Artur-P-G7089-P700005	-	Državni zbor RS	-	Ljubljana	seja državnega zbora	informativno-izobraževalni	osebni stik	Artur-P-G7089	1	35
Artur-P-G7089-P700986	Artur-P-G7089-P700986-avd.wav	Artur-P	Artur-P-G7089-P700986	-	Državni zbor RS	-	Ljubljana	seja državnega zbora	informativno-izobraževalni	osebni stik	Artur-P-G7089	1	127
Artur-P-G7089-P701011	Artur-P-G7089-P701011-avd.wav	Artur-P	Artur-P-G7089-P701011	-	Državni zbor RS	-	Ljubljana	seja državnega zbora	informativno-izobraževalni	osebni stik	Artur-P-G7089	1	130
Artur-P-G7089-P701115	Artur-P-G7089-P701115-avd.wav	Artur-P	Artur-P-G7089-P701115	-	Državni zbor RS	-	Ljubljana	seja državnega zbora	informativno-izobraževalni	osebni stik	Artur-P-G7089	1	151
Artur-P-G7090-P705367	Artur-P-G7090-P705367-avd.wav	Artur-P	Artur-P-G7090-P705367	-	Državni zbor RS	-	Ljubljana	seja državnega zbora	informativno-izobraževalni	osebni stik	Artur-P-G7090	1	173
Artur-P-G7090-P705368	Artur-P-G7090-P705368-avd.wav	Artur-P	Artur-P-G7090-P705368	-	Državni zbor RS	-	Ljubljana	seja državnega zbora	informativno-izobraževalni	osebni stik	Artur-P-G7090	1	198
Artur-P-G7091-P700556	Artur-P-G7091-P700556-avd.wav	Artur-P	Artur-P-G7091-P700556	-	Državni zbor RS	-	Ljubljana	seja državnega zbora	informativno-izobraževalni	osebni stik	Artur-P-G7091	1	81
Artur-P-G7092-P705583	Artur-P-G7092-P705583-avd.wav	Artur-P	Artur-P-G7092-P705583	-	Državni zbor RS	-	Ljubljana	seja državnega zbora	informativno-izobraževalni	osebni stik	Artur-P-G7092	1	122
Artur-P-G7093-P708111	Artur-P-G7093-P708111-avd.wav	Artur-P	Artur-P-G7093-P708111	-	Državni zbor RS	-	Ljubljana	seja državnega zbora	informativno-izobraževalni	osebni stik	Artur-P-G7093	1	94
Artur-P-G7095-P700608	Artur-P-G7095-P700608-avd.wav	Artur-P	Artur-P-G7095-P700608	-	Državni zbor RS	-	Ljubljana	seja državnega zbora	informativno-izobraževalni	osebni stik	Artur-P-G7095	1	143
Artur-P-G7095-P700610	Artur-P-G7095-P700610-avd.wav	Artur-P	Artur-P-G7095-P700610	-	Državni zbor RS	-	Ljubljana	seja državnega zbora	informativno-izobraževalni	osebni stik	Artur-P-G7095	1	39
Artur-P-G7095-P700623	Artur-P-G7095-P700623-avd.wav	Artur-P	Artur-P-G7095-P700623	-	Državni zbor RS	-	Ljubljana	seja državnega zbora	informativno-izobraževalni	osebni stik	Artur-P-G7095	1	93
Artur-P-G7095-P700625	Artur-P-G7095-P700625-avd.wav	Artur-P	Artur-P-G7095-P700625	-	Državni zbor RS	-	Ljubljana	seja državnega zbora	informativno-izobraževalni	osebni stik	Artur-P-G7095	1	41
Artur-P-G7095-P700629	Artur-P-G7095-P700629-avd.wav	Artur-P	Artur-P-G7095-P700629	-	Državni zbor RS	-	Ljubljana	seja državnega zbora	informativno-izobraževalni	osebni stik	Artur-P-G7095	1	136
Artur-P-G7095-P700647	Artur-P-G7095-P700647-avd.wav	Artur-P	Artur-P-G7095-P700647	-	Državni zbor RS	-	Ljubljana	seja državnega zbora	informativno-izobraževalni	osebni stik	Artur-P-G7095	1	63
Artur-P-G7095-P700649	Artur-P-G7095-P700649-avd.wav	Artur-P	Artur-P-G7095-P700649	-	Državni zbor RS	-	Ljubljana	seja državnega zbora	informativno-izobraževalni	osebni stik	Artur-P-G7095	1	20
Artur-P-G7095-P700663	Artur-P-G7095-P700663-avd.wav	Artur-P	Artur-P-G7095-P700663	-	Državni zbor RS	-	Ljubljana	seja državnega zbora	informativno-izobraževalni	osebni stik	Artur-P-G7095	2	183
Artur-P-G7095-P700665	Artur-P-G7095-P700665-avd.wav	Artur-P	Artur-P-G7095-P700665	-	Državni zbor RS	-	Ljubljana	seja državnega zbora	informativno-izobraževalni	osebni stik	Artur-P-G7095	2	34
Artur-P-G7096-P700068	Artur-P-G7096-P700068-avd.wav	Artur-P	Artur-P-G7096-P700068	-	Državni zbor RS	-	Ljubljana	seja državnega zbora	informativno-izobraževalni	osebni stik	Artur-P-G7096	2	45
Artur-P-G7096-P700197	Artur-P-G7096-P700197-avd.wav	Artur-P	Artur-P-G7096-P700197	-	Državni zbor RS	-	Ljubljana	seja državnega zbora	informativno-izobraževalni	osebni stik	Artur-P-G7096	1	71
Artur-P-G7096-P700366	Artur-P-G7096-P700366-avd.wav	Artur-P	Artur-P-G7096-P700366	-	Državni zbor RS	-	Ljubljana	seja državnega zbora	informativno-izobraževalni	osebni stik	Artur-P-G7096	1	50
Artur-P-G7096-P700379	Artur-P-G7096-P700379-avd.wav	Artur-P	Artur-P-G7096-P700379	-	Državni zbor RS	-	Ljubljana	seja državnega zbora	informativno-izobraževalni	osebni stik	Artur-P-G7096	2	125
Artur-P-G7096-P700458	Artur-P-G7096-P700458-avd.wav	Artur-P	Artur-P-G7096-P700458	-	Državni zbor RS	-	Ljubljana	seja državnega zbora	informativno-izobraževalni	osebni stik	Artur-P-G7096	1	137
Artur-P-G7096-P700490	Artur-P-G7096-P700490-avd.wav	Artur-P	Artur-P-G7096-P700490	-	Državni zbor RS	-	Ljubljana	seja državnega zbora	informativno-izobraževalni	osebni stik	Artur-P-G7096	1	99
Artur-P-G7096-P700927	Artur-P-G7096-P700927-avd.wav	Artur-P	Artur-P-G7096-P700927	-	Državni zbor RS	-	Ljubljana	seja državnega zbora	informativno-izobraževalni	osebni stik	Artur-P-G7096	1	50
Artur-P-G7097-P700072	Artur-P-G7097-P700072-avd.wav	Artur-P	Artur-P-G7097-P700072	-	Državni zbor RS	-	Ljubljana	seja državnega zbora	informativno-izobraževalni	osebni stik	Artur-P-G7097	2	37
Artur-P-G7097-P700683	Artur-P-G7097-P700683-avd.wav	Artur-P	Artur-P-G7097-P700683	-	Državni zbor RS	-	Ljubljana	seja državnega zbora	informativno-izobraževalni	osebni stik	Artur-P-G7097	1	57
Artur-P-G7097-P700850	Artur-P-G7097-P700850-avd.wav	Artur-P	Artur-P-G7097-P700850	-	Državni zbor RS	-	Ljubljana	seja državnega zbora	informativno-izobraževalni	osebni stik	Artur-P-G7097	1	80
Artur-P-G7097-P700874	Artur-P-G7097-P700874-avd.wav	Artur-P	Artur-P-G7097-P700874	-	Državni zbor RS	-	Ljubljana	seja državnega zbora	informativno-izobraževalni	osebni stik	Artur-P-G7097	1	107
Artur-P-G7097-P700910	Artur-P-G7097-P700910-avd.wav	Artur-P	Artur-P-G7097-P700910	-	Državni zbor RS	-	Ljubljana	seja državnega zbora	informativno-izobraževalni	osebni stik	Artur-P-G7097	1	95
Artur-P-G7097-P700984	Artur-P-G7097-P700984-avd.wav	Artur-P	Artur-P-G7097-P700984	-	Državni zbor RS	-	Ljubljana	seja državnega zbora	informativno-izobraževalni	osebni stik	Artur-P-G7097	1	81
Artur-P-G7097-P701477	Artur-P-G7097-P701477-avd.wav	Artur-P	Artur-P-G7097-P701477	-	Državni zbor RS	-	Ljubljana	seja državnega zbora	informativno-izobraževalni	osebni stik	Artur-P-G7097	1	103
Artur-P-G7097-P701684	Artur-P-G7097-P701684-avd.wav	Artur-P	Artur-P-G7097-P701684	-	Državni zbor RS	-	Ljubljana	seja državnega zbora	informativno-izobraževalni	osebni stik	Artur-P-G7097	1	196
Artur-P-G7098-P700117	Artur-P-G7098-P700117-avd.wav	Artur-P	Artur-P-G7098-P700117	-	Državni zbor RS	-	Ljubljana	seja državnega zbora	informativno-izobraževalni	osebni stik	Artur-P-G7098	4	48
Artur-P-G7098-P700181	Artur-P-G7098-P700181-avd.wav	Artur-P	Artur-P-G7098-P700181	-	Državni zbor RS	-	Ljubljana	seja državnega zbora	informativno-izobraževalni	osebni stik	Artur-P-G7098	1	93
Artur-P-G7098-P700266	Artur-P-G7098-P700266-avd.wav	Artur-P	Artur-P-G7098-P700266	-	Državni zbor RS	-	Ljubljana	seja državnega zbora	informativno-izobraževalni	osebni stik	Artur-P-G7098	2	307
Artur-P-G7098-P700282	Artur-P-G7098-P700282-avd.wav	Artur-P	Artur-P-G7098-P700282	-	Državni zbor RS	-	Ljubljana	seja državnega zbora	informativno-izobraževalni	osebni stik	Artur-P-G7098	1	174
Artur-P-G7099-P700058	Artur-P-G7099-P700058-avd.wav	Artur-P	Artur-P-G7099-P700058	-	Državni zbor RS	-	Ljubljana	seja državnega zbora	informativno-izobraževalni	osebni stik	Artur-P-G7099	1	39
Artur-P-G7099-P700118	Artur-P-G7099-P700118-avd.wav	Artur-P	Artur-P-G7099-P700118	-	Državni zbor RS	-	Ljubljana	seja državnega zbora	informativno-izobraževalni	osebni stik	Artur-P-G7099	2	35
Artur-P-G7099-P700175	Artur-P-G7099-P700175-avd.wav	Artur-P	Artur-P-G7099-P700175	-	Državni zbor RS	-	Ljubljana	seja državnega zbora	informativno-izobraževalni	osebni stik	Artur-P-G7099	1	17
Artur-P-G7099-P700836	Artur-P-G7099-P700836-avd.wav	Artur-P	Artur-P-G7099-P700836	-	Državni zbor RS	-	Ljubljana	seja državnega zbora	informativno-izobraževalni	osebni stik	Artur-P-G7099	1	46
Artur-P-G7099-P700868	Artur-P-G7099-P700868-avd.wav	Artur-P	Artur-P-G7099-P700868	-	Državni zbor RS	-	Ljubljana	seja državnega zbora	informativno-izobraževalni	osebni stik	Artur-P-G7099	1	60
Artur-P-G7099-P700999	Artur-P-G7099-P700999-avd.wav	Artur-P	Artur-P-G7099-P700999	-	Državni zbor RS	-	Ljubljana	seja državnega zbora	informativno-izobraževalni	osebni stik	Artur-P-G7099	1	140
Artur-P-G7099-P701013	Artur-P-G7099-P701013-avd.wav	Artur-P	Artur-P-G7099-P701013	-	Državni zbor RS	-	Ljubljana	seja državnega zbora	informativno-izobraževalni	osebni stik	Artur-P-G7099	1	46
Artur-P-G7099-P701182	Artur-P-G7099-P701182-avd.wav	Artur-P	Artur-P-G7099-P701182	-	Državni zbor RS	-	Ljubljana	seja državnega zbora	informativno-izobraževalni	osebni stik	Artur-P-G7099	5	38
Artur-P-G7099-P701184	Artur-P-G7099-P701184-avd.wav	Artur-P	Artur-P-G7099-P701184	-	Državni zbor RS	-	Ljubljana	seja državnega zbora	informativno-izobraževalni	osebni stik	Artur-P-G7099	3	27
Artur-P-G7101-P705329	Artur-P-G7101-P705329-avd.wav	Artur-P	Artur-P-G7101-P705329	-	Državni zbor RS	-	Ljubljana	seja državnega zbora	informativno-izobraževalni	osebni stik	Artur-P-G7101	1	233
Artur-P-G7103-P700077	Artur-P-G7103-P700077-avd.wav	Artur-P	Artur-P-G7103-P700077	-	Državni zbor RS	-	Ljubljana	seja državnega zbora	informativno-izobraževalni	osebni stik	Artur-P-G7103	2	36
Artur-P-G7103-P700409	Artur-P-G7103-P700409-avd.wav	Artur-P	Artur-P-G7103-P700409	-	Državni zbor RS	-	Ljubljana	seja državnega zbora	informativno-izobraževalni	osebni stik	Artur-P-G7103	1	477
Artur-P-G7103-P700415	Artur-P-G7103-P700415-avd.wav	Artur-P	Artur-P-G7103-P700415	-	Državni zbor RS	-	Ljubljana	seja državnega zbora	informativno-izobraževalni	osebni stik	Artur-P-G7103	1	148
Artur-P-G7103-P700420	Artur-P-G7103-P700420-avd.wav	Artur-P	Artur-P-G7103-P700420	-	Državni zbor RS	-	Ljubljana	seja državnega zbora	informativno-izobraževalni	osebni stik	Artur-P-G7103	1	146
Artur-P-G7104-P700551	Artur-P-G7104-P700551-avd.wav	Artur-P	Artur-P-G7104-P700551	-	Državni zbor RS	-	Ljubljana	seja državnega zbora	informativno-izobraževalni	osebni stik	Artur-P-G7104	1	5
Artur-P-G7104-P700553	Artur-P-G7104-P700553-avd.wav	Artur-P	Artur-P-G7104-P700553	-	Državni zbor RS	-	Ljubljana	seja državnega zbora	informativno-izobraževalni	osebni stik	Artur-P-G7104	1	5
Artur-P-G7104-P700718	Artur-P-G7104-P700718-avd.wav	Artur-P	Artur-P-G7104-P700718	-	Državni zbor RS	-	Ljubljana	seja državnega zbora	informativno-izobraževalni	osebni stik	Artur-P-G7104	1	58
Artur-P-G7104-P700720	Artur-P-G7104-P700720-avd.wav	Artur-P	Artur-P-G7104-P700720	-	Državni zbor RS	-	Ljubljana	seja državnega zbora	informativno-izobraževalni	osebni stik	Artur-P-G7104	1	52
Artur-P-G7104-P700722	Artur-P-G7104-P700722-avd.wav	Artur-P	Artur-P-G7104-P700722	-	Državni zbor RS	-	Ljubljana	seja državnega zbora	informativno-izobraževalni	osebni stik	Artur-P-G7104	1	10
Artur-P-G7104-P700940	Artur-P-G7104-P700940-avd.wav	Artur-P	Artur-P-G7104-P700940	-	Državni zbor RS	-	Ljubljana	seja državnega zbora	informativno-izobraževalni	osebni stik	Artur-P-G7104	1	249
Artur-P-G7104-P701073	Artur-P-G7104-P701073-avd.wav	Artur-P	Artur-P-G7104-P701073	-	Državni zbor RS	-	Ljubljana	seja državnega zbora	informativno-izobraževalni	osebni stik	Artur-P-G7104	1	9
Artur-P-G7104-P701199	Artur-P-G7104-P701199-avd.wav	Artur-P	Artur-P-G7104-P701199	-	Državni zbor RS	-	Ljubljana	seja državnega zbora	informativno-izobraževalni	osebni stik	Artur-P-G7104	1	68
Artur-P-G7104-P701201	Artur-P-G7104-P701201-avd.wav	Artur-P	Artur-P-G7104-P701201	-	Državni zbor RS	-	Ljubljana	seja državnega zbora	informativno-izobraževalni	osebni stik	Artur-P-G7104	3	26
Artur-P-G7104-P701203	Artur-P-G7104-P701203-avd.wav	Artur-P	Artur-P-G7104-P701203	-	Državni zbor RS	-	Ljubljana	seja državnega zbora	informativno-izobraževalni	osebni stik	Artur-P-G7104	3	38
Artur-P-G7105-P700089	Artur-P-G7105-P700089-avd.wav	Artur-P	Artur-P-G7105-P700089	-	Državni zbor RS	-	Ljubljana	seja državnega zbora	informativno-izobraževalni	osebni stik	Artur-P-G7105	1	64
Artur-P-G7105-P700091	Artur-P-G7105-P700091-avd.wav	Artur-P	Artur-P-G7105-P700091	-	Državni zbor RS	-	Ljubljana	seja državnega zbora	informativno-izobraževalni	osebni stik	Artur-P-G7105	1	62
Artur-P-G7105-P700093	Artur-P-G7105-P700093-avd.wav	Artur-P	Artur-P-G7105-P700093	-	Državni zbor RS	-	Ljubljana	seja državnega zbora	informativno-izobraževalni	osebni stik	Artur-P-G7105	1	11
Artur-P-G7105-P700335	Artur-P-G7105-P700335-avd.wav	Artur-P	Artur-P-G7105-P700335	-	Državni zbor RS	-	Ljubljana	seja državnega zbora	informativno-izobraževalni	osebni stik	Artur-P-G7105	1	235
Artur-P-G7105-P700488	Artur-P-G7105-P700488-avd.wav	Artur-P	Artur-P-G7105-P700488	-	Državni zbor RS	-	Ljubljana	seja državnega zbora	informativno-izobraževalni	osebni stik	Artur-P-G7105	1	93
Artur-P-G7105-P700723	Artur-P-G7105-P700723-avd.wav	Artur-P	Artur-P-G7105-P700723	-	Državni zbor RS	-	Ljubljana	seja državnega zbora	informativno-izobraževalni	osebni stik	Artur-P-G7105	1	62
Artur-P-G7105-P700725	Artur-P-G7105-P700725-avd.wav	Artur-P	Artur-P-G7105-P700725	-	Državni zbor RS	-	Ljubljana	seja državnega zbora	informativno-izobraževalni	osebni stik	Artur-P-G7105	1	43
Artur-P-G7105-P700727	Artur-P-G7105-P700727-avd.wav	Artur-P	Artur-P-G7105-P700727	-	Državni zbor RS	-	Ljubljana	seja državnega zbora	informativno-izobraževalni	osebni stik	Artur-P-G7105	1	73
Artur-P-G7109-P700198	Artur-P-G7109-P700198-avd.wav	Artur-P	Artur-P-G7109-P700198	-	Državni zbor RS	-	Ljubljana	seja državnega zbora	informativno-izobraževalni	osebni stik	Artur-P-G7109	1	113
Artur-P-G7109-P700563	Artur-P-G7109-P700563-avd.wav	Artur-P	Artur-P-G7109-P700563	-	Državni zbor RS	-	Ljubljana	seja državnega zbora	informativno-izobraževalni	osebni stik	Artur-P-G7109	1	138
Artur-P-G7109-P700780	Artur-P-G7109-P700780-avd.wav	Artur-P	Artur-P-G7109-P700780	-	Državni zbor RS	-	Ljubljana	seja državnega zbora	informativno-izobraževalni	osebni stik	Artur-P-G7109	2	165
Artur-P-G7109-P700789	Artur-P-G7109-P700789-avd.wav	Artur-P	Artur-P-G7109-P700789	-	Državni zbor RS	-	Ljubljana	seja državnega zbora	informativno-izobraževalni	osebni stik	Artur-P-G7109	1	91
Artur-P-G7109-P701382	Artur-P-G7109-P701382-avd.wav	Artur-P	Artur-P-G7109-P701382	-	Državni zbor RS	-	Ljubljana	seja državnega zbora	informativno-izobraževalni	osebni stik	Artur-P-G7109	1	98
Artur-P-G7109-P701414	Artur-P-G7109-P701414-avd.wav	Artur-P	Artur-P-G7109-P701414	-	Državni zbor RS	-	Ljubljana	seja državnega zbora	informativno-izobraževalni	osebni stik	Artur-P-G7109	1	70
Artur-P-G7112-P700090	Artur-P-G7112-P700090-avd.wav	Artur-P	Artur-P-G7112-P700090	-	Državni zbor RS	-	Ljubljana	seja državnega zbora	informativno-izobraževalni	osebni stik	Artur-P-G7112	1	99
Artur-P-G7112-P700092	Artur-P-G7112-P700092-avd.wav	Artur-P	Artur-P-G7112-P700092	-	Državni zbor RS	-	Ljubljana	seja državnega zbora	informativno-izobraževalni	osebni stik	Artur-P-G7112	1	64
Artur-P-G7112-P700697	Artur-P-G7112-P700697-avd.wav	Artur-P	Artur-P-G7112-P700697	-	Državni zbor RS	-	Ljubljana	seja državnega zbora	informativno-izobraževalni	osebni stik	Artur-P-G7112	1	95
Artur-P-G7112-P700699	Artur-P-G7112-P700699-avd.wav	Artur-P	Artur-P-G7112-P700699	-	Državni zbor RS	-	Ljubljana	seja državnega zbora	informativno-izobraževalni	osebni stik	Artur-P-G7112	1	60
Artur-P-G7112-P701195	Artur-P-G7112-P701195-avd.wav	Artur-P	Artur-P-G7112-P701195	-	Državni zbor RS	-	Ljubljana	seja državnega zbora	informativno-izobraževalni	osebni stik	Artur-P-G7112	1	96
Artur-P-G7112-P701197	Artur-P-G7112-P701197-avd.wav	Artur-P	Artur-P-G7112-P701197	-	Državni zbor RS	-	Ljubljana	seja državnega zbora	informativno-izobraževalni	osebni stik	Artur-P-G7112	1	55
Artur-P-G7112-P701242	Artur-P-G7112-P701242-avd.wav	Artur-P	Artur-P-G7112-P701242	-	Državni zbor RS	-	Ljubljana	seja državnega zbora	informativno-izobraževalni	osebni stik	Artur-P-G7112	1	81
Artur-P-G7113-P700076	Artur-P-G7113-P700076-avd.wav	Artur-P	Artur-P-G7113-P700076	-	Državni zbor RS	-	Ljubljana	seja državnega zbora	informativno-izobraževalni	osebni stik	Artur-P-G7113	2	39
Artur-P-G7113-P700160	Artur-P-G7113-P700160-avd.wav	Artur-P	Artur-P-G7113-P700160	-	Državni zbor RS	-	Ljubljana	seja državnega zbora	informativno-izobraževalni	osebni stik	Artur-P-G7113	1	41
Artur-P-G7113-P700249	Artur-P-G7113-P700249-avd.wav	Artur-P	Artur-P-G7113-P700249	-	Državni zbor RS	-	Ljubljana	seja državnega zbora	informativno-izobraževalni	osebni stik	Artur-P-G7113	1	93
Artur-P-G7113-P700346	Artur-P-G7113-P700346-avd.wav	Artur-P	Artur-P-G7113-P700346	-	Državni zbor RS	-	Ljubljana	seja državnega zbora	informativno-izobraževalni	osebni stik	Artur-P-G7113	13	67
Artur-P-G7113-P700922	Artur-P-G7113-P700922-avd.wav	Artur-P	Artur-P-G7113-P700922	-	Državni zbor RS	-	Ljubljana	seja državnega zbora	informativno-izobraževalni	osebni stik	Artur-P-G7113	1	130
Artur-P-G7113-P701153	Artur-P-G7113-P701153-avd.wav	Artur-P	Artur-P-G7113-P701153	-	Državni zbor RS	-	Ljubljana	seja državnega zbora	informativno-izobraževalni	osebni stik	Artur-P-G7113	1	63
Artur-P-G7113-P701155	Artur-P-G7113-P701155-avd.wav	Artur-P	Artur-P-G7113-P701155	-	Državni zbor RS	-	Ljubljana	seja državnega zbora	informativno-izobraževalni	osebni stik	Artur-P-G7113	1	39
Artur-P-G7113-P701157	Artur-P-G7113-P701157-avd.wav	Artur-P	Artur-P-G7113-P701157	-	Državni zbor RS	-	Ljubljana	seja državnega zbora	informativno-izobraževalni	osebni stik	Artur-P-G7113	1	38
Artur-P-G7114-P705334	Artur-P-G7114-P705334-avd.wav	Artur-P	Artur-P-G7114-P705334	-	Državni zbor RS	-	Ljubljana	seja državnega zbora	informativno-izobraževalni	osebni stik	Artur-P-G7114	1	202
Artur-P-G7114-P705335	Artur-P-G7114-P705335-avd.wav	Artur-P	Artur-P-G7114-P705335	-	Državni zbor RS	-	Ljubljana	seja državnega zbora	informativno-izobraževalni	osebni stik	Artur-P-G7114	1	375
Artur-P-G7115-P708171	Artur-P-G7115-P708171-avd.wav	Artur-P	Artur-P-G7115-P708171	-	Državni zbor RS	-	Ljubljana	seja državnega zbora	informativno-izobraževalni	osebni stik	Artur-P-G7115	1	141
Artur-P-G7115-P708173	Artur-P-G7115-P708173-avd.wav	Artur-P	Artur-P-G7115-P708173	-	Državni zbor RS	-	Ljubljana	seja državnega zbora	informativno-izobraževalni	osebni stik	Artur-P-G7115	1	114
Artur-P-G7115-P708174	Artur-P-G7115-P708174-avd.wav	Artur-P	Artur-P-G7115-P708174	-	Državni zbor RS	-	Ljubljana	seja državnega zbora	informativno-izobraževalni	osebni stik	Artur-P-G7115	1	159
Artur-P-G7116-P700074	Artur-P-G7116-P700074-avd.wav	Artur-P	Artur-P-G7116-P700074	-	Državni zbor RS	-	Ljubljana	seja državnega zbora	informativno-izobraževalni	osebni stik	Artur-P-G7116	2	88
Artur-P-G7116-P700191	Artur-P-G7116-P700191-avd.wav	Artur-P	Artur-P-G7116-P700191	-	Državni zbor RS	-	Ljubljana	seja državnega zbora	informativno-izobraževalni	osebni stik	Artur-P-G7116	1	283
Artur-P-G7116-P700574	Artur-P-G7116-P700574-avd.wav	Artur-P	Artur-P-G7116-P700574	-	Državni zbor RS	-	Ljubljana	seja državnega zbora	informativno-izobraževalni	osebni stik	Artur-P-G7116	1	66
Artur-P-G7116-P700758	Artur-P-G7116-P700758-avd.wav	Artur-P	Artur-P-G7116-P700758	-	Državni zbor RS	-	Ljubljana	seja državnega zbora	informativno-izobraževalni	osebni stik	Artur-P-G7116	1	10
Artur-P-G7117-P700121	Artur-P-G7117-P700121-avd.wav	Artur-P	Artur-P-G7117-P700121	-	Državni zbor RS	-	Ljubljana	seja državnega zbora	informativno-izobraževalni	osebni stik	Artur-P-G7117	1	86
Artur-P-G7117-P700123	Artur-P-G7117-P700123-avd.wav	Artur-P	Artur-P-G7117-P700123	-	Državni zbor RS	-	Ljubljana	seja državnega zbora	informativno-izobraževalni	osebni stik	Artur-P-G7117	1	48
Artur-P-G7117-P700252	Artur-P-G7117-P700252-avd.wav	Artur-P	Artur-P-G7117-P700252	-	Državni zbor RS	-	Ljubljana	seja državnega zbora	informativno-izobraževalni	osebni stik	Artur-P-G7117	1	29
Artur-P-G7117-P700274	Artur-P-G7117-P700274-avd.wav	Artur-P	Artur-P-G7117-P700274	-	Državni zbor RS	-	Ljubljana	seja državnega zbora	informativno-izobraževalni	osebni stik	Artur-P-G7117	1	115
Artur-P-G7117-P700443	Artur-P-G7117-P700443-avd.wav	Artur-P	Artur-P-G7117-P700443	-	Državni zbor RS	-	Ljubljana	seja državnega zbora	informativno-izobraževalni	osebni stik	Artur-P-G7117	1	75
Artur-P-G7118-P701449	Artur-P-G7118-P701449-avd.wav	Artur-P	Artur-P-G7118-P701449	-	Državni zbor RS	-	Ljubljana	seja državnega zbora	informativno-izobraževalni	osebni stik	Artur-P-G7118	1	106
Artur-P-G7118-P701452	Artur-P-G7118-P701452-avd.wav	Artur-P	Artur-P-G7118-P701452	-	Državni zbor RS	-	Ljubljana	seja državnega zbora	informativno-izobraževalni	osebni stik	Artur-P-G7118	1	44
Artur-P-G7118-P701534	Artur-P-G7118-P701534-avd.wav	Artur-P	Artur-P-G7118-P701534	-	Državni zbor RS	-	Ljubljana	seja državnega zbora	informativno-izobraževalni	osebni stik	Artur-P-G7118	1	100
Artur-P-G7118-P701540	Artur-P-G7118-P701540-avd.wav	Artur-P	Artur-P-G7118-P701540	-	Državni zbor RS	-	Ljubljana	seja državnega zbora	informativno-izobraževalni	osebni stik	Artur-P-G7118	1	72
Artur-P-G7118-P702225	Artur-P-G7118-P702225-avd.wav	Artur-P	Artur-P-G7118-P702225	-	Državni zbor RS	-	Ljubljana	seja državnega zbora	informativno-izobraževalni	osebni stik	Artur-P-G7118	2	84
Artur-P-G7118-P702798	Artur-P-G7118-P702798-avd.wav	Artur-P	Artur-P-G7118-P702798	-	Državni zbor RS	-	Ljubljana	seja državnega zbora	informativno-izobraževalni	osebni stik	Artur-P-G7118	2	40
Artur-P-G7118-P702947	Artur-P-G7118-P702947-avd.wav	Artur-P	Artur-P-G7118-P702947	-	Državni zbor RS	-	Ljubljana	seja državnega zbora	informativno-izobraževalni	osebni stik	Artur-P-G7118	1	131
Artur-P-G7119-P700125	Artur-P-G7119-P700125-avd.wav	Artur-P	Artur-P-G7119-P700125	-	Državni zbor RS	-	Ljubljana	seja državnega zbora	informativno-izobraževalni	osebni stik	Artur-P-G7119	1	55
Artur-P-G7119-P700189	Artur-P-G7119-P700189-avd.wav	Artur-P	Artur-P-G7119-P700189	-	Državni zbor RS	-	Ljubljana	seja državnega zbora	informativno-izobraževalni	osebni stik	Artur-P-G7119	1	73
Artur-P-G7119-P700258	Artur-P-G7119-P700258-avd.wav	Artur-P	Artur-P-G7119-P700258	-	Državni zbor RS	-	Ljubljana	seja državnega zbora	informativno-izobraževalni	osebni stik	Artur-P-G7119	1	166
Artur-P-G7119-P700378	Artur-P-G7119-P700378-avd.wav	Artur-P	Artur-P-G7119-P700378	-	Državni zbor RS	-	Ljubljana	seja državnega zbora	informativno-izobraževalni	osebni stik	Artur-P-G7119	2	217
Artur-P-G7119-P700430	Artur-P-G7119-P700430-avd.wav	Artur-P	Artur-P-G7119-P700430	-	Državni zbor RS	-	Ljubljana	seja državnega zbora	informativno-izobraževalni	osebni stik	Artur-P-G7119	1	45
Artur-P-G7119-P700467	Artur-P-G7119-P700467-avd.wav	Artur-P	Artur-P-G7119-P700467	-	Državni zbor RS	-	Ljubljana	seja državnega zbora	informativno-izobraževalni	osebni stik	Artur-P-G7119	2	156
Artur-P-G7120-P700177	Artur-P-G7120-P700177-avd.wav	Artur-P	Artur-P-G7120-P700177	-	Državni zbor RS	-	Ljubljana	seja državnega zbora	informativno-izobraževalni	osebni stik	Artur-P-G7120	1	266
Artur-P-G7120-P700215	Artur-P-G7120-P700215-avd.wav	Artur-P	Artur-P-G7120-P700215	-	Državni zbor RS	-	Ljubljana	seja državnega zbora	informativno-izobraževalni	osebni stik	Artur-P-G7120	1	14
Artur-P-G7120-P700216	Artur-P-G7120-P700216-avd.wav	Artur-P	Artur-P-G7120-P700216	-	Državni zbor RS	-	Ljubljana	seja državnega zbora	informativno-izobraževalni	osebni stik	Artur-P-G7120	1	135
Artur-P-G7121-P700103	Artur-P-G7121-P700103-avd.wav	Artur-P	Artur-P-G7121-P700103	-	Državni zbor RS	-	Ljubljana	seja državnega zbora	informativno-izobraževalni	osebni stik	Artur-P-G7121	1	58
Artur-P-G7121-P700226	Artur-P-G7121-P700226-avd.wav	Artur-P	Artur-P-G7121-P700226	-	Državni zbor RS	-	Ljubljana	seja državnega zbora	informativno-izobraževalni	osebni stik	Artur-P-G7121	1	73
Artur-P-G7121-P700308	Artur-P-G7121-P700308-avd.wav	Artur-P	Artur-P-G7121-P700308	-	Državni zbor RS	-	Ljubljana	seja državnega zbora	informativno-izobraževalni	osebni stik	Artur-P-G7121	1	83
Artur-P-G7121-P700344	Artur-P-G7121-P700344-avd.wav	Artur-P	Artur-P-G7121-P700344	-	Državni zbor RS	-	Ljubljana	seja državnega zbora	informativno-izobraževalni	osebni stik	Artur-P-G7121	5	53
Artur-P-G7121-P700497	Artur-P-G7121-P700497-avd.wav	Artur-P	Artur-P-G7121-P700497	-	Državni zbor RS	-	Ljubljana	seja državnega zbora	informativno-izobraževalni	osebni stik	Artur-P-G7121	2	34
Artur-P-G7121-P700557	Artur-P-G7121-P700557-avd.wav	Artur-P	Artur-P-G7121-P700557	-	Državni zbor RS	-	Ljubljana	seja državnega zbora	informativno-izobraževalni	osebni stik	Artur-P-G7121	1	113
Artur-P-G7121-P700802	Artur-P-G7121-P700802-avd.wav	Artur-P	Artur-P-G7121-P700802	-	Državni zbor RS	-	Ljubljana	seja državnega zbora	informativno-izobraževalni	osebni stik	Artur-P-G7121	1	46
Artur-P-G7121-P701571	Artur-P-G7121-P701571-avd.wav	Artur-P	Artur-P-G7121-P701571	-	Državni zbor RS	-	Ljubljana	seja državnega zbora	informativno-izobraževalni	osebni stik	Artur-P-G7121	2	29
Artur-P-G7122-P700115	Artur-P-G7122-P700115-avd.wav	Artur-P	Artur-P-G7122-P700115	-	Državni zbor RS	-	Ljubljana	seja državnega zbora	informativno-izobraževalni	osebni stik	Artur-P-G7122	11	46
Artur-P-G7122-P700180	Artur-P-G7122-P700180-avd.wav	Artur-P	Artur-P-G7122-P700180	-	Državni zbor RS	-	Ljubljana	seja državnega zbora	informativno-izobraževalni	osebni stik	Artur-P-G7122	1	103
Artur-P-G7122-P700222	Artur-P-G7122-P700222-avd.wav	Artur-P	Artur-P-G7122-P700222	-	Državni zbor RS	-	Ljubljana	seja državnega zbora	informativno-izobraževalni	osebni stik	Artur-P-G7122	1	31
Artur-P-G7122-P700294	Artur-P-G7122-P700294-avd.wav	Artur-P	Artur-P-G7122-P700294	-	Državni zbor RS	-	Ljubljana	seja državnega zbora	informativno-izobraževalni	osebni stik	Artur-P-G7122	1	31
Artur-P-G7122-P700437	Artur-P-G7122-P700437-avd.wav	Artur-P	Artur-P-G7122-P700437	-	Državni zbor RS	-	Ljubljana	seja državnega zbora	informativno-izobraževalni	osebni stik	Artur-P-G7122	1	74
Artur-P-G7122-P700473	Artur-P-G7122-P700473-avd.wav	Artur-P	Artur-P-G7122-P700473	-	Državni zbor RS	-	Ljubljana	seja državnega zbora	informativno-izobraževalni	osebni stik	Artur-P-G7122	2	27
Artur-P-G7122-P700577	Artur-P-G7122-P700577-avd.wav	Artur-P	Artur-P-G7122-P700577	-	Državni zbor RS	-	Ljubljana	seja državnega zbora	informativno-izobraževalni	osebni stik	Artur-P-G7122	1	65
Artur-P-G7122-P700773	Artur-P-G7122-P700773-avd.wav	Artur-P	Artur-P-G7122-P700773	-	Državni zbor RS	-	Ljubljana	seja državnega zbora	informativno-izobraževalni	osebni stik	Artur-P-G7122	2	69
Artur-P-G7122-P700793	Artur-P-G7122-P700793-avd.wav	Artur-P	Artur-P-G7122-P700793	-	Državni zbor RS	-	Ljubljana	seja državnega zbora	informativno-izobraževalni	osebni stik	Artur-P-G7122	1	47
Artur-P-G7122-P700841	Artur-P-G7122-P700841-avd.wav	Artur-P	Artur-P-G7122-P700841	-	Državni zbor RS	-	Ljubljana	seja državnega zbora	informativno-izobraževalni	osebni stik	Artur-P-G7122	1	29
Artur-P-G7122-P701171	Artur-P-G7122-P701171-avd.wav	Artur-P	Artur-P-G7122-P701171	-	Državni zbor RS	-	Ljubljana	seja državnega zbora	informativno-izobraževalni	osebni stik	Artur-P-G7122	5	29
Artur-P-G7122-P701537	Artur-P-G7122-P701537-avd.wav	Artur-P	Artur-P-G7122-P701537	-	Državni zbor RS	-	Ljubljana	seja državnega zbora	informativno-izobraževalni	osebni stik	Artur-P-G7122	2	87
Artur-P-G7123-P700111	Artur-P-G7123-P700111-avd.wav	Artur-P	Artur-P-G7123-P700111	-	Državni zbor RS	-	Ljubljana	seja državnega zbora	informativno-izobraževalni	osebni stik	Artur-P-G7123	1	78
Artur-P-G7123-P700231	Artur-P-G7123-P700231-avd.wav	Artur-P	Artur-P-G7123-P700231	-	Državni zbor RS	-	Ljubljana	seja državnega zbora	informativno-izobraževalni	osebni stik	Artur-P-G7123	1	68
Artur-P-G7123-P700270	Artur-P-G7123-P700270-avd.wav	Artur-P	Artur-P-G7123-P700270	-	Državni zbor RS	-	Ljubljana	seja državnega zbora	informativno-izobraževalni	osebni stik	Artur-P-G7123	2	156
Artur-P-G7123-P700324	Artur-P-G7123-P700324-avd.wav	Artur-P	Artur-P-G7123-P700324	-	Državni zbor RS	-	Ljubljana	seja državnega zbora	informativno-izobraževalni	osebni stik	Artur-P-G7123	1	62
Artur-P-G7123-P700341	Artur-P-G7123-P700341-avd.wav	Artur-P	Artur-P-G7123-P700341	-	Državni zbor RS	-	Ljubljana	seja državnega zbora	informativno-izobraževalni	osebni stik	Artur-P-G7123	5	48
Artur-P-G7123-P700350	Artur-P-G7123-P700350-avd.wav	Artur-P	Artur-P-G7123-P700350	-	Državni zbor RS	-	Ljubljana	seja državnega zbora	informativno-izobraževalni	osebni stik	Artur-P-G7123	5	21
Artur-P-G7123-P700385	Artur-P-G7123-P700385-avd.wav	Artur-P	Artur-P-G7123-P700385	-	Državni zbor RS	-	Ljubljana	seja državnega zbora	informativno-izobraževalni	osebni stik	Artur-P-G7123	1	182
Artur-P-G7123-P700508	Artur-P-G7123-P700508-avd.wav	Artur-P	Artur-P-G7123-P700508	-	Državni zbor RS	-	Ljubljana	seja državnega zbora	informativno-izobraževalni	osebni stik	Artur-P-G7123	1	104
Artur-P-G7124-P700104	Artur-P-G7124-P700104-avd.wav	Artur-P	Artur-P-G7124-P700104	-	Državni zbor RS	-	Ljubljana	seja državnega zbora	informativno-izobraževalni	osebni stik	Artur-P-G7124	1	68
Artur-P-G7124-P700233	Artur-P-G7124-P700233-avd.wav	Artur-P	Artur-P-G7124-P700233	-	Državni zbor RS	-	Ljubljana	seja državnega zbora	informativno-izobraževalni	osebni stik	Artur-P-G7124	1	83
Artur-P-G7124-P700312	Artur-P-G7124-P700312-avd.wav	Artur-P	Artur-P-G7124-P700312	-	Državni zbor RS	-	Ljubljana	seja državnega zbora	informativno-izobraževalni	osebni stik	Artur-P-G7124	1	56
Artur-P-G7124-P700326	Artur-P-G7124-P700326-avd.wav	Artur-P	Artur-P-G7124-P700326	-	Državni zbor RS	-	Ljubljana	seja državnega zbora	informativno-izobraževalni	osebni stik	Artur-P-G7124	1	101
Artur-P-G7124-P700333	Artur-P-G7124-P700333-avd.wav	Artur-P	Artur-P-G7124-P700333	-	Državni zbor RS	-	Ljubljana	seja državnega zbora	informativno-izobraževalni	osebni stik	Artur-P-G7124	1	196
Artur-P-G7124-P700368	Artur-P-G7124-P700368-avd.wav	Artur-P	Artur-P-G7124-P700368	-	Državni zbor RS	-	Ljubljana	seja državnega zbora	informativno-izobraževalni	osebni stik	Artur-P-G7124	1	102
Artur-P-G7125-P700085	Artur-P-G7125-P700085-avd.wav	Artur-P	Artur-P-G7125-P700085	-	Državni zbor RS	-	Ljubljana	seja državnega zbora	informativno-izobraževalni	osebni stik	Artur-P-G7125	1	52
Artur-P-G7125-P700087	Artur-P-G7125-P700087-avd.wav	Artur-P	Artur-P-G7125-P700087	-	Državni zbor RS	-	Ljubljana	seja državnega zbora	informativno-izobraževalni	osebni stik	Artur-P-G7125	2	18
Artur-P-G7125-P700157	Artur-P-G7125-P700157-avd.wav	Artur-P	Artur-P-G7125-P700157	-	Državni zbor RS	-	Ljubljana	seja državnega zbora	informativno-izobraževalni	osebni stik	Artur-P-G7125	1	61
Artur-P-G7125-P700310	Artur-P-G7125-P700310-avd.wav	Artur-P	Artur-P-G7125-P700310	-	Državni zbor RS	-	Ljubljana	seja državnega zbora	informativno-izobraževalni	osebni stik	Artur-P-G7125	1	44
Artur-P-G7125-P700318	Artur-P-G7125-P700318-avd.wav	Artur-P	Artur-P-G7125-P700318	-	Državni zbor RS	-	Ljubljana	seja državnega zbora	informativno-izobraževalni	osebni stik	Artur-P-G7125	1	75
Artur-P-G7125-P701489	Artur-P-G7125-P701489-avd.wav	Artur-P	Artur-P-G7125-P701489	-	Državni zbor RS	-	Ljubljana	seja državnega zbora	informativno-izobraževalni	osebni stik	Artur-P-G7125	2	92
Artur-P-G7125-P701631	Artur-P-G7125-P701631-avd.wav	Artur-P	Artur-P-G7125-P701631	-	Državni zbor RS	-	Ljubljana	seja državnega zbora	informativno-izobraževalni	osebni stik	Artur-P-G7125	1	169
Artur-P-G7125-P701698	Artur-P-G7125-P701698-avd.wav	Artur-P	Artur-P-G7125-P701698	-	Državni zbor RS	-	Ljubljana	seja državnega zbora	informativno-izobraževalni	osebni stik	Artur-P-G7125	1	94
Artur-P-G7125-P702622	Artur-P-G7125-P702622-avd.wav	Artur-P	Artur-P-G7125-P702622	-	Državni zbor RS	-	Ljubljana	seja državnega zbora	informativno-izobraževalni	osebni stik	Artur-P-G7125	4	63
Artur-P-G7126-P700043	Artur-P-G7126-P700043-avd.wav	Artur-P	Artur-P-G7126-P700043	-	Državni zbor RS	-	Ljubljana	seja državnega zbora	informativno-izobraževalni	osebni stik	Artur-P-G7126	2	58
Artur-P-G7126-P700636	Artur-P-G7126-P700636-avd.wav	Artur-P	Artur-P-G7126-P700636	-	Državni zbor RS	-	Ljubljana	seja državnega zbora	informativno-izobraževalni	osebni stik	Artur-P-G7126	1	68
Artur-P-G7126-P700638	Artur-P-G7126-P700638-avd.wav	Artur-P	Artur-P-G7126-P700638	-	Državni zbor RS	-	Ljubljana	seja državnega zbora	informativno-izobraževalni	osebni stik	Artur-P-G7126	1	53
Artur-P-G7126-P700670	Artur-P-G7126-P700670-avd.wav	Artur-P	Artur-P-G7126-P700670	-	Državni zbor RS	-	Ljubljana	seja državnega zbora	informativno-izobraževalni	osebni stik	Artur-P-G7126	2	206
Artur-P-G7126-P701085	Artur-P-G7126-P701085-avd.wav	Artur-P	Artur-P-G7126-P701085	-	Državni zbor RS	-	Ljubljana	seja državnega zbora	informativno-izobraževalni	osebni stik	Artur-P-G7126	1	190
Artur-P-G7126-P701125	Artur-P-G7126-P701125-avd.wav	Artur-P	Artur-P-G7126-P701125	-	Državni zbor RS	-	Ljubljana	seja državnega zbora	informativno-izobraževalni	osebni stik	Artur-P-G7126	1	62
Artur-P-G7126-P701262	Artur-P-G7126-P701262-avd.wav	Artur-P	Artur-P-G7126-P701262	-	Državni zbor RS	-	Ljubljana	seja državnega zbora	informativno-izobraževalni	osebni stik	Artur-P-G7126	1	89
Artur-P-G7126-P701274	Artur-P-G7126-P701274-avd.wav	Artur-P	Artur-P-G7126-P701274	-	Državni zbor RS	-	Ljubljana	seja državnega zbora	informativno-izobraževalni	osebni stik	Artur-P-G7126	2	191
Artur-P-G7129-P700321	Artur-P-G7129-P700321-avd.wav	Artur-P	Artur-P-G7129-P700321	-	Državni zbor RS	-	Ljubljana	seja državnega zbora	informativno-izobraževalni	osebni stik	Artur-P-G7129	1	113
Artur-P-G7129-P700331	Artur-P-G7129-P700331-avd.wav	Artur-P	Artur-P-G7129-P700331	-	Državni zbor RS	-	Ljubljana	seja državnega zbora	informativno-izobraževalni	osebni stik	Artur-P-G7129	1	231
Artur-P-G7129-P700334	Artur-P-G7129-P700334-avd.wav	Artur-P	Artur-P-G7129-P700334	-	Državni zbor RS	-	Ljubljana	seja državnega zbora	informativno-izobraževalni	osebni stik	Artur-P-G7129	1	65
Artur-P-G7129-P700337	Artur-P-G7129-P700337-avd.wav	Artur-P	Artur-P-G7129-P700337	-	Državni zbor RS	-	Ljubljana	seja državnega zbora	informativno-izobraževalni	osebni stik	Artur-P-G7129	1	102
Artur-P-G7129-P700342	Artur-P-G7129-P700342-avd.wav	Artur-P	Artur-P-G7129-P700342	-	Državni zbor RS	-	Ljubljana	seja državnega zbora	informativno-izobraževalni	osebni stik	Artur-P-G7129	1	73
Artur-P-G7129-P700519	Artur-P-G7129-P700519-avd.wav	Artur-P	Artur-P-G7129-P700519	-	Državni zbor RS	-	Ljubljana	seja državnega zbora	informativno-izobraževalni	osebni stik	Artur-P-G7129	1	224
Artur-P-G7130-P700079	Artur-P-G7130-P700079-avd.wav	Artur-P	Artur-P-G7130-P700079	-	Državni zbor RS	-	Ljubljana	seja državnega zbora	informativno-izobraževalni	osebni stik	Artur-P-G7130	3	34
Artur-P-G7130-P700139	Artur-P-G7130-P700139-avd.wav	Artur-P	Artur-P-G7130-P700139	-	Državni zbor RS	-	Ljubljana	seja državnega zbora	informativno-izobraževalni	osebni stik	Artur-P-G7130	1	59
Artur-P-G7130-P700147	Artur-P-G7130-P700147-avd.wav	Artur-P	Artur-P-G7130-P700147	-	Državni zbor RS	-	Ljubljana	seja državnega zbora	informativno-izobraževalni	osebni stik	Artur-P-G7130	1	12
Artur-P-G7130-P700152	Artur-P-G7130-P700152-avd.wav	Artur-P	Artur-P-G7130-P700152	-	Državni zbor RS	-	Ljubljana	seja državnega zbora	informativno-izobraževalni	osebni stik	Artur-P-G7130	1	11
Artur-P-G7130-P700457	Artur-P-G7130-P700457-avd.wav	Artur-P	Artur-P-G7130-P700457	-	Državni zbor RS	-	Ljubljana	seja državnega zbora	informativno-izobraževalni	osebni stik	Artur-P-G7130	1	40
Artur-P-G7130-P700653	Artur-P-G7130-P700653-avd.wav	Artur-P	Artur-P-G7130-P700653	-	Državni zbor RS	-	Ljubljana	seja državnega zbora	informativno-izobraževalni	osebni stik	Artur-P-G7130	1	72
Artur-P-G7130-P700655	Artur-P-G7130-P700655-avd.wav	Artur-P	Artur-P-G7130-P700655	-	Državni zbor RS	-	Ljubljana	seja državnega zbora	informativno-izobraževalni	osebni stik	Artur-P-G7130	1	28
Artur-P-G7130-P700936	Artur-P-G7130-P700936-avd.wav	Artur-P	Artur-P-G7130-P700936	-	Državni zbor RS	-	Ljubljana	seja državnega zbora	informativno-izobraževalni	osebni stik	Artur-P-G7130	1	139
Artur-P-G7130-P700938	Artur-P-G7130-P700938-avd.wav	Artur-P	Artur-P-G7130-P700938	-	Državni zbor RS	-	Ljubljana	seja državnega zbora	informativno-izobraževalni	osebni stik	Artur-P-G7130	1	39
Artur-P-G7130-P701006	Artur-P-G7130-P701006-avd.wav	Artur-P	Artur-P-G7130-P701006	-	Državni zbor RS	-	Ljubljana	seja državnega zbora	informativno-izobraževalni	osebni stik	Artur-P-G7130	1	58
Artur-P-G7130-P701287	Artur-P-G7130-P701287-avd.wav	Artur-P	Artur-P-G7130-P701287	-	Državni zbor RS	-	Ljubljana	seja državnega zbora	informativno-izobraževalni	osebni stik	Artur-P-G7130	1	50
Artur-P-G7131-P700339	Artur-P-G7131-P700339-avd.wav	Artur-P	Artur-P-G7131-P700339	-	Državni zbor RS	-	Ljubljana	seja državnega zbora	informativno-izobraževalni	osebni stik	Artur-P-G7131	1	134
Artur-P-G7131-P700828	Artur-P-G7131-P700828-avd.wav	Artur-P	Artur-P-G7131-P700828	-	Državni zbor RS	-	Ljubljana	seja državnega zbora	informativno-izobraževalni	osebni stik	Artur-P-G7131	1	58
Artur-P-G7131-P700878	Artur-P-G7131-P700878-avd.wav	Artur-P	Artur-P-G7131-P700878	-	Državni zbor RS	-	Ljubljana	seja državnega zbora	informativno-izobraževalni	osebni stik	Artur-P-G7131	1	506
Artur-P-G7132-P700036	Artur-P-G7132-P700036-avd.wav	Artur-P	Artur-P-G7132-P700036	-	Državni zbor RS	-	Ljubljana	seja državnega zbora	informativno-izobraževalni	osebni stik	Artur-P-G7132	2	77
Artur-P-G7132-P700038	Artur-P-G7132-P700038-avd.wav	Artur-P	Artur-P-G7132-P700038	-	Državni zbor RS	-	Ljubljana	seja državnega zbora	informativno-izobraževalni	osebni stik	Artur-P-G7132	2	26
Artur-P-G7132-P700051	Artur-P-G7132-P700051-avd.wav	Artur-P	Artur-P-G7132-P700051	-	Državni zbor RS	-	Ljubljana	seja državnega zbora	informativno-izobraževalni	osebni stik	Artur-P-G7132	1	67
Artur-P-G7132-P700687	Artur-P-G7132-P700687-avd.wav	Artur-P	Artur-P-G7132-P700687	-	Državni zbor RS	-	Ljubljana	seja državnega zbora	informativno-izobraževalni	osebni stik	Artur-P-G7132	1	13
Artur-P-G7132-P700706	Artur-P-G7132-P700706-avd.wav	Artur-P	Artur-P-G7132-P700706	-	Državni zbor RS	-	Ljubljana	seja državnega zbora	informativno-izobraževalni	osebni stik	Artur-P-G7132	1	120
Artur-P-G7132-P700708	Artur-P-G7132-P700708-avd.wav	Artur-P	Artur-P-G7132-P700708	-	Državni zbor RS	-	Ljubljana	seja državnega zbora	informativno-izobraževalni	osebni stik	Artur-P-G7132	1	56
Artur-P-G7132-P701187	Artur-P-G7132-P701187-avd.wav	Artur-P	Artur-P-G7132-P701187	-	Državni zbor RS	-	Ljubljana	seja državnega zbora	informativno-izobraževalni	osebni stik	Artur-P-G7132	1	53
Artur-P-G7132-P701189	Artur-P-G7132-P701189-avd.wav	Artur-P	Artur-P-G7132-P701189	-	Državni zbor RS	-	Ljubljana	seja državnega zbora	informativno-izobraževalni	osebni stik	Artur-P-G7132	1	14
Artur-P-G7132-P701278	Artur-P-G7132-P701278-avd.wav	Artur-P	Artur-P-G7132-P701278	-	Državni zbor RS	-	Ljubljana	seja državnega zbora	informativno-izobraževalni	osebni stik	Artur-P-G7132	1	179
Artur-P-G7132-P701280	Artur-P-G7132-P701280-avd.wav	Artur-P	Artur-P-G7132-P701280	-	Državni zbor RS	-	Ljubljana	seja državnega zbora	informativno-izobraževalni	osebni stik	Artur-P-G7132	1	119
Artur-P-G7132-P701297	Artur-P-G7132-P701297-avd.wav	Artur-P	Artur-P-G7132-P701297	-	Državni zbor RS	-	Ljubljana	seja državnega zbora	informativno-izobraževalni	osebni stik	Artur-P-G7132	2	168
Artur-P-G7133-P700135	Artur-P-G7133-P700135-avd.wav	Artur-P	Artur-P-G7133-P700135	-	Državni zbor RS	-	Ljubljana	seja državnega zbora	informativno-izobraževalni	osebni stik	Artur-P-G7133	1	87
Artur-P-G7133-P700137	Artur-P-G7133-P700137-avd.wav	Artur-P	Artur-P-G7133-P700137	-	Državni zbor RS	-	Ljubljana	seja državnega zbora	informativno-izobraževalni	osebni stik	Artur-P-G7133	1	71
Artur-P-G7133-P700145	Artur-P-G7133-P700145-avd.wav	Artur-P	Artur-P-G7133-P700145	-	Državni zbor RS	-	Ljubljana	seja državnega zbora	informativno-izobraževalni	osebni stik	Artur-P-G7133	1	46
Artur-P-G7133-P700151	Artur-P-G7133-P700151-avd.wav	Artur-P	Artur-P-G7133-P700151	-	Državni zbor RS	-	Ljubljana	seja državnega zbora	informativno-izobraževalni	osebni stik	Artur-P-G7133	1	38
Artur-P-G7133-P700156	Artur-P-G7133-P700156-avd.wav	Artur-P	Artur-P-G7133-P700156	-	Državni zbor RS	-	Ljubljana	seja državnega zbora	informativno-izobraževalni	osebni stik	Artur-P-G7133	1	83
Artur-P-G7133-P700166	Artur-P-G7133-P700166-avd.wav	Artur-P	Artur-P-G7133-P700166	-	Državni zbor RS	-	Ljubljana	seja državnega zbora	informativno-izobraževalni	osebni stik	Artur-P-G7133	1	70
Artur-P-G7133-P700173	Artur-P-G7133-P700173-avd.wav	Artur-P	Artur-P-G7133-P700173	-	Državni zbor RS	-	Ljubljana	seja državnega zbora	informativno-izobraževalni	osebni stik	Artur-P-G7133	1	85
Artur-P-G7133-P700320	Artur-P-G7133-P700320-avd.wav	Artur-P	Artur-P-G7133-P700320	-	Državni zbor RS	-	Ljubljana	seja državnega zbora	informativno-izobraževalni	osebni stik	Artur-P-G7133	1	56
Artur-P-G7133-P700372	Artur-P-G7133-P700372-avd.wav	Artur-P	Artur-P-G7133-P700372	-	Državni zbor RS	-	Ljubljana	seja državnega zbora	informativno-izobraževalni	osebni stik	Artur-P-G7133	1	133
Artur-P-G7134-P700227	Artur-P-G7134-P700227-avd.wav	Artur-P	Artur-P-G7134-P700227	-	Državni zbor RS	-	Ljubljana	seja državnega zbora	informativno-izobraževalni	osebni stik	Artur-P-G7134	1	93
Artur-P-G7135-P701949	Artur-P-G7135-P701949-avd.wav	Artur-P	Artur-P-G7135-P701949	-	Državni zbor RS	-	Ljubljana	seja državnega zbora	informativno-izobraževalni	osebni stik	Artur-P-G7135	1	35
Artur-P-G7135-P701951	Artur-P-G7135-P701951-avd.wav	Artur-P	Artur-P-G7135-P701951	-	Državni zbor RS	-	Ljubljana	seja državnega zbora	informativno-izobraževalni	osebni stik	Artur-P-G7135	1	8
Artur-P-G7136-P701160	Artur-P-G7136-P701160-avd.wav	Artur-P	Artur-P-G7136-P701160	-	Državni zbor RS	-	Ljubljana	seja državnega zbora	informativno-izobraževalni	osebni stik	Artur-P-G7136	1	66
Artur-P-G7136-P701162	Artur-P-G7136-P701162-avd.wav	Artur-P	Artur-P-G7136-P701162	-	Državni zbor RS	-	Ljubljana	seja državnega zbora	informativno-izobraževalni	osebni stik	Artur-P-G7136	1	25
Artur-P-G7136-P701163	Artur-P-G7136-P701163-avd.wav	Artur-P	Artur-P-G7136-P701163	-	Državni zbor RS	-	Ljubljana	seja državnega zbora	informativno-izobraževalni	osebni stik	Artur-P-G7136	1	51
Artur-P-G7136-P701165	Artur-P-G7136-P701165-avd.wav	Artur-P	Artur-P-G7136-P701165	-	Državni zbor RS	-	Ljubljana	seja državnega zbora	informativno-izobraževalni	osebni stik	Artur-P-G7136	1	17
Artur-P-G7136-P701183	Artur-P-G7136-P701183-avd.wav	Artur-P	Artur-P-G7136-P701183	-	Državni zbor RS	-	Ljubljana	seja državnega zbora	informativno-izobraževalni	osebni stik	Artur-P-G7136	9	64
Artur-P-G7136-P701185	Artur-P-G7136-P701185-avd.wav	Artur-P	Artur-P-G7136-P701185	-	Državni zbor RS	-	Ljubljana	seja državnega zbora	informativno-izobraževalni	osebni stik	Artur-P-G7136	1	40
Artur-P-G7136-P701218	Artur-P-G7136-P701218-avd.wav	Artur-P	Artur-P-G7136-P701218	-	Državni zbor RS	-	Ljubljana	seja državnega zbora	informativno-izobraževalni	osebni stik	Artur-P-G7136	3	64
Artur-P-G7136-P701220	Artur-P-G7136-P701220-avd.wav	Artur-P	Artur-P-G7136-P701220	-	Državni zbor RS	-	Ljubljana	seja državnega zbora	informativno-izobraževalni	osebni stik	Artur-P-G7136	5	19
Artur-P-G7136-P701254	Artur-P-G7136-P701254-avd.wav	Artur-P	Artur-P-G7136-P701254	-	Državni zbor RS	-	Ljubljana	seja državnega zbora	informativno-izobraževalni	osebni stik	Artur-P-G7136	3	21
Artur-P-G7138-P702126	Artur-P-G7138-P702126-avd.wav	Artur-P	Artur-P-G7138-P702126	-	Državni zbor RS	-	Ljubljana	seja državnega zbora	informativno-izobraževalni	osebni stik	Artur-P-G7138	1	58
Artur-P-G7138-P702213	Artur-P-G7138-P702213-avd.wav	Artur-P	Artur-P-G7138-P702213	-	Državni zbor RS	-	Ljubljana	seja državnega zbora	informativno-izobraževalni	osebni stik	Artur-P-G7138	2	128
Artur-P-G7138-P702215	Artur-P-G7138-P702215-avd.wav	Artur-P	Artur-P-G7138-P702215	-	Državni zbor RS	-	Ljubljana	seja državnega zbora	informativno-izobraževalni	osebni stik	Artur-P-G7138	1	51
Artur-P-G7138-P702355	Artur-P-G7138-P702355-avd.wav	Artur-P	Artur-P-G7138-P702355	-	Državni zbor RS	-	Ljubljana	seja državnega zbora	informativno-izobraževalni	osebni stik	Artur-P-G7138	1	59
Artur-P-G7138-P702535	Artur-P-G7138-P702535-avd.wav	Artur-P	Artur-P-G7138-P702535	-	Državni zbor RS	-	Ljubljana	seja državnega zbora	informativno-izobraževalni	osebni stik	Artur-P-G7138	1	29
Artur-P-G7138-P702878	Artur-P-G7138-P702878-avd.wav	Artur-P	Artur-P-G7138-P702878	-	Državni zbor RS	-	Ljubljana	seja državnega zbora	informativno-izobraževalni	osebni stik	Artur-P-G7138	1	40
Artur-P-G7138-P703116	Artur-P-G7138-P703116-avd.wav	Artur-P	Artur-P-G7138-P703116	-	Državni zbor RS	-	Ljubljana	seja državnega zbora	informativno-izobraževalni	osebni stik	Artur-P-G7138	3	54
Artur-P-G7138-P703119	Artur-P-G7138-P703119-avd.wav	Artur-P	Artur-P-G7138-P703119	-	Državni zbor RS	-	Ljubljana	seja državnega zbora	informativno-izobraževalni	osebni stik	Artur-P-G7138	2	66
Artur-P-G7138-P703703	Artur-P-G7138-P703703-avd.wav	Artur-P	Artur-P-G7138-P703703	-	Državni zbor RS	-	Ljubljana	seja državnega zbora	informativno-izobraževalni	osebni stik	Artur-P-G7138	1	22
Artur-P-G7138-P703709	Artur-P-G7138-P703709-avd.wav	Artur-P	Artur-P-G7138-P703709	-	Državni zbor RS	-	Ljubljana	seja državnega zbora	informativno-izobraževalni	osebni stik	Artur-P-G7138	2	58
Artur-P-G7139-P700141	Artur-P-G7139-P700141-avd.wav	Artur-P	Artur-P-G7139-P700141	-	Državni zbor RS	-	Ljubljana	seja državnega zbora	informativno-izobraževalni	osebni stik	Artur-P-G7139	1	49
Artur-P-G7139-P700158	Artur-P-G7139-P700158-avd.wav	Artur-P	Artur-P-G7139-P700158	-	Državni zbor RS	-	Ljubljana	seja državnega zbora	informativno-izobraževalni	osebni stik	Artur-P-G7139	1	38
Artur-P-G7139-P700169	Artur-P-G7139-P700169-avd.wav	Artur-P	Artur-P-G7139-P700169	-	Državni zbor RS	-	Ljubljana	seja državnega zbora	informativno-izobraževalni	osebni stik	Artur-P-G7139	1	79
Artur-P-G7139-P700351	Artur-P-G7139-P700351-avd.wav	Artur-P	Artur-P-G7139-P700351	-	Državni zbor RS	-	Ljubljana	seja državnega zbora	informativno-izobraževalni	osebni stik	Artur-P-G7139	3	28
Artur-P-G7139-P700681	Artur-P-G7139-P700681-avd.wav	Artur-P	Artur-P-G7139-P700681	-	Državni zbor RS	-	Ljubljana	seja državnega zbora	informativno-izobraževalni	osebni stik	Artur-P-G7139	1	73
Artur-P-G7139-P700790	Artur-P-G7139-P700790-avd.wav	Artur-P	Artur-P-G7139-P700790	-	Državni zbor RS	-	Ljubljana	seja državnega zbora	informativno-izobraževalni	osebni stik	Artur-P-G7139	1	55
Artur-P-G7139-P700803	Artur-P-G7139-P700803-avd.wav	Artur-P	Artur-P-G7139-P700803	-	Državni zbor RS	-	Ljubljana	seja državnega zbora	informativno-izobraževalni	osebni stik	Artur-P-G7139	1	26
Artur-P-G7139-P701306	Artur-P-G7139-P701306-avd.wav	Artur-P	Artur-P-G7139-P701306	-	Državni zbor RS	-	Ljubljana	seja državnega zbora	informativno-izobraževalni	osebni stik	Artur-P-G7139	2	125
Artur-P-G7139-P701308	Artur-P-G7139-P701308-avd.wav	Artur-P	Artur-P-G7139-P701308	-	Državni zbor RS	-	Ljubljana	seja državnega zbora	informativno-izobraževalni	osebni stik	Artur-P-G7139	2	43
Artur-P-G7139-P701498	Artur-P-G7139-P701498-avd.wav	Artur-P	Artur-P-G7139-P701498	-	Državni zbor RS	-	Ljubljana	seja državnega zbora	informativno-izobraževalni	osebni stik	Artur-P-G7139	3	30
Artur-P-G7140-P700034	Artur-P-G7140-P700034-avd.wav	Artur-P	Artur-P-G7140-P700034	-	Državni zbor RS	-	Ljubljana	seja državnega zbora	informativno-izobraževalni	osebni stik	Artur-P-G7140	1	56
Artur-P-G7140-P700044	Artur-P-G7140-P700044-avd.wav	Artur-P	Artur-P-G7140-P700044	-	Državni zbor RS	-	Ljubljana	seja državnega zbora	informativno-izobraževalni	osebni stik	Artur-P-G7140	1	41
Artur-P-G7140-P700046	Artur-P-G7140-P700046-avd.wav	Artur-P	Artur-P-G7140-P700046	-	Državni zbor RS	-	Ljubljana	seja državnega zbora	informativno-izobraževalni	osebni stik	Artur-P-G7140	1	80
Artur-P-G7140-P700075	Artur-P-G7140-P700075-avd.wav	Artur-P	Artur-P-G7140-P700075	-	Državni zbor RS	-	Ljubljana	seja državnega zbora	informativno-izobraževalni	osebni stik	Artur-P-G7140	2	105
Artur-P-G7140-P700686	Artur-P-G7140-P700686-avd.wav	Artur-P	Artur-P-G7140-P700686	-	Državni zbor RS	-	Ljubljana	seja državnega zbora	informativno-izobraževalni	osebni stik	Artur-P-G7140	1	116
Artur-P-G7140-P700710	Artur-P-G7140-P700710-avd.wav	Artur-P	Artur-P-G7140-P700710	-	Državni zbor RS	-	Ljubljana	seja državnega zbora	informativno-izobraževalni	osebni stik	Artur-P-G7140	1	135
Artur-P-G7140-P700712	Artur-P-G7140-P700712-avd.wav	Artur-P	Artur-P-G7140-P700712	-	Državni zbor RS	-	Ljubljana	seja državnega zbora	informativno-izobraževalni	osebni stik	Artur-P-G7140	1	76
Artur-P-G7141-P700494	Artur-P-G7141-P700494-avd.wav	Artur-P	Artur-P-G7141-P700494	-	Državni zbor RS	-	Ljubljana	seja državnega zbora	informativno-izobraževalni	osebni stik	Artur-P-G7141	1	131
Artur-P-G7141-P700516	Artur-P-G7141-P700516-avd.wav	Artur-P	Artur-P-G7141-P700516	-	Državni zbor RS	-	Ljubljana	seja državnega zbora	informativno-izobraževalni	osebni stik	Artur-P-G7141	1	69
Artur-P-G7141-P700526	Artur-P-G7141-P700526-avd.wav	Artur-P	Artur-P-G7141-P700526	-	Državni zbor RS	-	Ljubljana	seja državnega zbora	informativno-izobraževalni	osebni stik	Artur-P-G7141	2	39
Artur-P-G7141-P700534	Artur-P-G7141-P700534-avd.wav	Artur-P	Artur-P-G7141-P700534	-	Državni zbor RS	-	Ljubljana	seja državnega zbora	informativno-izobraževalni	osebni stik	Artur-P-G7141	2	38
Artur-P-G7142-P705610	Artur-P-G7142-P705610-avd.wav	Artur-P	Artur-P-G7142-P705610	-	Državni zbor RS	-	Ljubljana	seja državnega zbora	informativno-izobraževalni	osebni stik	Artur-P-G7142	1	224
Artur-P-G7142-P705612	Artur-P-G7142-P705612-avd.wav	Artur-P	Artur-P-G7142-P705612	-	Državni zbor RS	-	Ljubljana	seja državnega zbora	informativno-izobraževalni	osebni stik	Artur-P-G7142	1	221
Artur-P-G7142-P705614	Artur-P-G7142-P705614-avd.wav	Artur-P	Artur-P-G7142-P705614	-	Državni zbor RS	-	Ljubljana	seja državnega zbora	informativno-izobraževalni	osebni stik	Artur-P-G7142	1	240
Artur-P-G7142-P705617	Artur-P-G7142-P705617-avd.wav	Artur-P	Artur-P-G7142-P705617	-	Državni zbor RS	-	Ljubljana	seja državnega zbora	informativno-izobraževalni	osebni stik	Artur-P-G7142	1	221
Artur-P-G7144-P700116	Artur-P-G7144-P700116-avd.wav	Artur-P	Artur-P-G7144-P700116	-	Državni zbor RS	-	Ljubljana	seja državnega zbora	informativno-izobraževalni	osebni stik	Artur-P-G7144	2	63
Artur-P-G7144-P700236	Artur-P-G7144-P700236-avd.wav	Artur-P	Artur-P-G7144-P700236	-	Državni zbor RS	-	Ljubljana	seja državnega zbora	informativno-izobraževalni	osebni stik	Artur-P-G7144	1	129
Artur-P-G7144-P700314	Artur-P-G7144-P700314-avd.wav	Artur-P	Artur-P-G7144-P700314	-	Državni zbor RS	-	Ljubljana	seja državnega zbora	informativno-izobraževalni	osebni stik	Artur-P-G7144	1	95
Artur-P-G7144-P700397	Artur-P-G7144-P700397-avd.wav	Artur-P	Artur-P-G7144-P700397	-	Državni zbor RS	-	Ljubljana	seja državnega zbora	informativno-izobraževalni	osebni stik	Artur-P-G7144	3	23
Artur-P-G7144-P700503	Artur-P-G7144-P700503-avd.wav	Artur-P	Artur-P-G7144-P700503	-	Državni zbor RS	-	Ljubljana	seja državnega zbora	informativno-izobraževalni	osebni stik	Artur-P-G7144	1	120
Artur-P-G7144-P700559	Artur-P-G7144-P700559-avd.wav	Artur-P	Artur-P-G7144-P700559	-	Državni zbor RS	-	Ljubljana	seja državnega zbora	informativno-izobraževalni	osebni stik	Artur-P-G7144	1	125
Artur-P-G7144-P700651	Artur-P-G7144-P700651-avd.wav	Artur-P	Artur-P-G7144-P700651	-	Državni zbor RS	-	Ljubljana	seja državnega zbora	informativno-izobraževalni	osebni stik	Artur-P-G7144	1	34
Artur-P-G7144-P700807	Artur-P-G7144-P700807-avd.wav	Artur-P	Artur-P-G7144-P700807	-	Državni zbor RS	-	Ljubljana	seja državnega zbora	informativno-izobraževalni	osebni stik	Artur-P-G7144	1	73
Artur-P-G7145-P700426	Artur-P-G7145-P700426-avd.wav	Artur-P	Artur-P-G7145-P700426	-	Državni zbor RS	-	Ljubljana	seja državnega zbora	informativno-izobraževalni	osebni stik	Artur-P-G7145	1	34
Artur-P-G7145-P700429	Artur-P-G7145-P700429-avd.wav	Artur-P	Artur-P-G7145-P700429	-	Državni zbor RS	-	Ljubljana	seja državnega zbora	informativno-izobraževalni	osebni stik	Artur-P-G7145	1	61
Artur-P-G7145-P700759	Artur-P-G7145-P700759-avd.wav	Artur-P	Artur-P-G7145-P700759	-	Državni zbor RS	-	Ljubljana	seja državnega zbora	informativno-izobraževalni	osebni stik	Artur-P-G7145	1	88
Artur-P-G7145-P700766	Artur-P-G7145-P700766-avd.wav	Artur-P	Artur-P-G7145-P700766	-	Državni zbor RS	-	Ljubljana	seja državnega zbora	informativno-izobraževalni	osebni stik	Artur-P-G7145	1	142
Artur-P-G7145-P700768	Artur-P-G7145-P700768-avd.wav	Artur-P	Artur-P-G7145-P700768	-	Državni zbor RS	-	Ljubljana	seja državnega zbora	informativno-izobraževalni	osebni stik	Artur-P-G7145	1	6
Artur-P-G7145-P701380	Artur-P-G7145-P701380-avd.wav	Artur-P	Artur-P-G7145-P701380	-	Državni zbor RS	-	Ljubljana	seja državnega zbora	informativno-izobraževalni	osebni stik	Artur-P-G7145	1	198
Artur-P-G7146-P700209	Artur-P-G7146-P700209-avd.wav	Artur-P	Artur-P-G7146-P700209	-	Državni zbor RS	-	Ljubljana	seja državnega zbora	informativno-izobraževalni	osebni stik	Artur-P-G7146	1	31
Artur-P-G7146-P700567	Artur-P-G7146-P700567-avd.wav	Artur-P	Artur-P-G7146-P700567	-	Državni zbor RS	-	Ljubljana	seja državnega zbora	informativno-izobraževalni	osebni stik	Artur-P-G7146	1	55
Artur-P-G7147-P700021	Artur-P-G7147-P700021-avd.wav	Artur-P	Artur-P-G7147-P700021	-	Državni zbor RS	-	Ljubljana	seja državnega zbora	informativno-izobraževalni	osebni stik	Artur-P-G7147	2	23
Artur-P-G7147-P700094	Artur-P-G7147-P700094-avd.wav	Artur-P	Artur-P-G7147-P700094	-	Državni zbor RS	-	Ljubljana	seja državnega zbora	informativno-izobraževalni	osebni stik	Artur-P-G7147	1	43
Artur-P-G7147-P700096	Artur-P-G7147-P700096-avd.wav	Artur-P	Artur-P-G7147-P700096	-	Državni zbor RS	-	Ljubljana	seja državnega zbora	informativno-izobraževalni	osebni stik	Artur-P-G7147	1	41
Artur-P-G7147-P700098	Artur-P-G7147-P700098-avd.wav	Artur-P	Artur-P-G7147-P700098	-	Državni zbor RS	-	Ljubljana	seja državnega zbora	informativno-izobraževalni	osebni stik	Artur-P-G7147	1	28
Artur-P-G7147-P700106	Artur-P-G7147-P700106-avd.wav	Artur-P	Artur-P-G7147-P700106	-	Državni zbor RS	-	Ljubljana	seja državnega zbora	informativno-izobraževalni	osebni stik	Artur-P-G7147	1	59
Artur-P-G7147-P700235	Artur-P-G7147-P700235-avd.wav	Artur-P	Artur-P-G7147-P700235	-	Državni zbor RS	-	Ljubljana	seja državnega zbora	informativno-izobraževalni	osebni stik	Artur-P-G7147	1	66
Artur-P-G7147-P700264	Artur-P-G7147-P700264-avd.wav	Artur-P	Artur-P-G7147-P700264	-	Državni zbor RS	-	Ljubljana	seja državnega zbora	informativno-izobraževalni	osebni stik	Artur-P-G7147	2	92
Artur-P-G7147-P700313	Artur-P-G7147-P700313-avd.wav	Artur-P	Artur-P-G7147-P700313	-	Državni zbor RS	-	Ljubljana	seja državnega zbora	informativno-izobraževalni	osebni stik	Artur-P-G7147	1	54
Artur-P-G7147-P700328	Artur-P-G7147-P700328-avd.wav	Artur-P	Artur-P-G7147-P700328	-	Državni zbor RS	-	Ljubljana	seja državnega zbora	informativno-izobraževalni	osebni stik	Artur-P-G7147	1	78
Artur-P-G7147-P700347	Artur-P-G7147-P700347-avd.wav	Artur-P	Artur-P-G7147-P700347	-	Državni zbor RS	-	Ljubljana	seja državnega zbora	informativno-izobraževalni	osebni stik	Artur-P-G7147	3	43
Artur-P-G7147-P700383	Artur-P-G7147-P700383-avd.wav	Artur-P	Artur-P-G7147-P700383	-	Državni zbor RS	-	Ljubljana	seja državnega zbora	informativno-izobraževalni	osebni stik	Artur-P-G7147	1	86
Artur-P-G7149-P700309	Artur-P-G7149-P700309-avd.wav	Artur-P	Artur-P-G7149-P700309	-	Državni zbor RS	-	Ljubljana	seja državnega zbora	informativno-izobraževalni	osebni stik	Artur-P-G7149	1	29
Artur-P-G7149-P701597	Artur-P-G7149-P701597-avd.wav	Artur-P	Artur-P-G7149-P701597	-	Državni zbor RS	-	Ljubljana	seja državnega zbora	informativno-izobraževalni	osebni stik	Artur-P-G7149	1	108
Artur-P-G7149-P701651	Artur-P-G7149-P701651-avd.wav	Artur-P	Artur-P-G7149-P701651	-	Državni zbor RS	-	Ljubljana	seja državnega zbora	informativno-izobraževalni	osebni stik	Artur-P-G7149	2	24
Artur-P-G7149-P701652	Artur-P-G7149-P701652-avd.wav	Artur-P	Artur-P-G7149-P701652	-	Državni zbor RS	-	Ljubljana	seja državnega zbora	informativno-izobraževalni	osebni stik	Artur-P-G7149	2	79
Artur-P-G7149-P701737	Artur-P-G7149-P701737-avd.wav	Artur-P	Artur-P-G7149-P701737	-	Državni zbor RS	-	Ljubljana	seja državnega zbora	informativno-izobraževalni	osebni stik	Artur-P-G7149	3	14
Artur-P-G7149-P702020	Artur-P-G7149-P702020-avd.wav	Artur-P	Artur-P-G7149-P702020	-	Državni zbor RS	-	Ljubljana	seja državnega zbora	informativno-izobraževalni	osebni stik	Artur-P-G7149	1	29
Artur-P-G7149-P702022	Artur-P-G7149-P702022-avd.wav	Artur-P	Artur-P-G7149-P702022	-	Državni zbor RS	-	Ljubljana	seja državnega zbora	informativno-izobraževalni	osebni stik	Artur-P-G7149	1	28
Artur-P-G7149-P702492	Artur-P-G7149-P702492-avd.wav	Artur-P	Artur-P-G7149-P702492	-	Državni zbor RS	-	Ljubljana	seja državnega zbora	informativno-izobraževalni	osebni stik	Artur-P-G7149	1	214
Artur-P-G7149-P702832	Artur-P-G7149-P702832-avd.wav	Artur-P	Artur-P-G7149-P702832	-	Državni zbor RS	-	Ljubljana	seja državnega zbora	informativno-izobraževalni	osebni stik	Artur-P-G7149	2	119
Artur-P-G7153-P701082	Artur-P-G7153-P701082-avd.wav	Artur-P	Artur-P-G7153-P701082	-	Državni zbor RS	-	Ljubljana	seja državnega zbora	informativno-izobraževalni	osebni stik	Artur-P-G7153	1	87
Artur-P-G7153-P701538	Artur-P-G7153-P701538-avd.wav	Artur-P	Artur-P-G7153-P701538	-	Državni zbor RS	-	Ljubljana	seja državnega zbora	informativno-izobraževalni	osebni stik	Artur-P-G7153	2	136
Artur-P-G7153-P701869	Artur-P-G7153-P701869-avd.wav	Artur-P	Artur-P-G7153-P701869	-	Državni zbor RS	-	Ljubljana	seja državnega zbora	informativno-izobraževalni	osebni stik	Artur-P-G7153	1	50
Artur-P-G7153-P702368	Artur-P-G7153-P702368-avd.wav	Artur-P	Artur-P-G7153-P702368	-	Državni zbor RS	-	Ljubljana	seja državnega zbora	informativno-izobraževalni	osebni stik	Artur-P-G7153	2	109
Artur-P-G7153-P703182	Artur-P-G7153-P703182-avd.wav	Artur-P	Artur-P-G7153-P703182	-	Državni zbor RS	-	Ljubljana	seja državnega zbora	informativno-izobraževalni	osebni stik	Artur-P-G7153	1	94
Artur-P-G7153-P703184	Artur-P-G7153-P703184-avd.wav	Artur-P	Artur-P-G7153-P703184	-	Državni zbor RS	-	Ljubljana	seja državnega zbora	informativno-izobraževalni	osebni stik	Artur-P-G7153	4	66
Artur-P-G7153-P703186	Artur-P-G7153-P703186-avd.wav	Artur-P	Artur-P-G7153-P703186	-	Državni zbor RS	-	Ljubljana	seja državnega zbora	informativno-izobraževalni	osebni stik	Artur-P-G7153	1	16
Artur-P-G7153-P703494	Artur-P-G7153-P703494-avd.wav	Artur-P	Artur-P-G7153-P703494	-	Državni zbor RS	-	Ljubljana	seja državnega zbora	informativno-izobraževalni	osebni stik	Artur-P-G7153	1	90
Artur-P-G7153-P703496	Artur-P-G7153-P703496-avd.wav	Artur-P	Artur-P-G7153-P703496	-	Državni zbor RS	-	Ljubljana	seja državnega zbora	informativno-izobraževalni	osebni stik	Artur-P-G7153	2	7
Artur-P-G7153-P703915	Artur-P-G7153-P703915-avd.wav	Artur-P	Artur-P-G7153-P703915	-	Državni zbor RS	-	Ljubljana	seja državnega zbora	informativno-izobraževalni	osebni stik	Artur-P-G7153	1	27
Artur-P-G7153-P703917	Artur-P-G7153-P703917-avd.wav	Artur-P	Artur-P-G7153-P703917	-	Državni zbor RS	-	Ljubljana	seja državnega zbora	informativno-izobraževalni	osebni stik	Artur-P-G7153	1	10
Artur-P-G7153-P704280	Artur-P-G7153-P704280-avd.wav	Artur-P	Artur-P-G7153-P704280	-	Državni zbor RS	-	Ljubljana	seja državnega zbora	informativno-izobraževalni	osebni stik	Artur-P-G7153	3	201
Artur-P-G7153-P704740	Artur-P-G7153-P704740-avd.wav	Artur-P	Artur-P-G7153-P704740	-	Državni zbor RS	-	Ljubljana	seja državnega zbora	informativno-izobraževalni	osebni stik	Artur-P-G7153	1	68
Artur-P-G7154-P700023	Artur-P-G7154-P700023-avd.wav	Artur-P	Artur-P-G7154-P700023	-	Državni zbor RS	-	Ljubljana	seja državnega zbora	informativno-izobraževalni	osebni stik	Artur-P-G7154	1	47
Artur-P-G7154-P700105	Artur-P-G7154-P700105-avd.wav	Artur-P	Artur-P-G7154-P700105	-	Državni zbor RS	-	Ljubljana	seja državnega zbora	informativno-izobraževalni	osebni stik	Artur-P-G7154	1	80
Artur-P-G7154-P700143	Artur-P-G7154-P700143-avd.wav	Artur-P	Artur-P-G7154-P700143	-	Državni zbor RS	-	Ljubljana	seja državnega zbora	informativno-izobraževalni	osebni stik	Artur-P-G7154	1	67
Artur-P-G7154-P700171	Artur-P-G7154-P700171-avd.wav	Artur-P	Artur-P-G7154-P700171	-	Državni zbor RS	-	Ljubljana	seja državnega zbora	informativno-izobraževalni	osebni stik	Artur-P-G7154	1	51
Artur-P-G7154-P700195	Artur-P-G7154-P700195-avd.wav	Artur-P	Artur-P-G7154-P700195	-	Državni zbor RS	-	Ljubljana	seja državnega zbora	informativno-izobraževalni	osebni stik	Artur-P-G7154	1	138
Artur-P-G7154-P700369	Artur-P-G7154-P700369-avd.wav	Artur-P	Artur-P-G7154-P700369	-	Državni zbor RS	-	Ljubljana	seja državnega zbora	informativno-izobraževalni	osebni stik	Artur-P-G7154	1	102
Artur-P-G7154-P700461	Artur-P-G7154-P700461-avd.wav	Artur-P	Artur-P-G7154-P700461	-	Državni zbor RS	-	Ljubljana	seja državnega zbora	informativno-izobraževalni	osebni stik	Artur-P-G7154	1	89
Artur-P-G7154-P700544	Artur-P-G7154-P700544-avd.wav	Artur-P	Artur-P-G7154-P700544	-	Državni zbor RS	-	Ljubljana	seja državnega zbora	informativno-izobraževalni	osebni stik	Artur-P-G7154	1	75
Artur-P-G7155-P700131	Artur-P-G7155-P700131-avd.wav	Artur-P	Artur-P-G7155-P700131	-	Državni zbor RS	-	Ljubljana	seja državnega zbora	informativno-izobraževalni	osebni stik	Artur-P-G7155	1	141
Artur-P-G7155-P700259	Artur-P-G7155-P700259-avd.wav	Artur-P	Artur-P-G7155-P700259	-	Državni zbor RS	-	Ljubljana	seja državnega zbora	informativno-izobraževalni	osebni stik	Artur-P-G7155	1	284
Artur-P-G7155-P700279	Artur-P-G7155-P700279-avd.wav	Artur-P	Artur-P-G7155-P700279	-	Državni zbor RS	-	Ljubljana	seja državnega zbora	informativno-izobraževalni	osebni stik	Artur-P-G7155	1	67
Artur-P-G7156-P700317	Artur-P-G7156-P700317-avd.wav	Artur-P	Artur-P-G7156-P700317	-	Državni zbor RS	-	Ljubljana	seja državnega zbora	informativno-izobraževalni	osebni stik	Artur-P-G7156	1	79
Artur-P-G7158-P705327	Artur-P-G7158-P705327-avd.wav	Artur-P	Artur-P-G7158-P705327	-	Državni zbor RS	-	Ljubljana	seja državnega zbora	informativno-izobraževalni	osebni stik	Artur-P-G7158	1	238
Artur-P-G7158-P708000	Artur-P-G7158-P708000-avd.wav	Artur-P	Artur-P-G7158-P708000	-	Državni zbor RS	-	Ljubljana	seja državnega zbora	informativno-izobraževalni	osebni stik	Artur-P-G7158	1	151
Artur-P-G7158-P708004	Artur-P-G7158-P708004-avd.wav	Artur-P	Artur-P-G7158-P708004	-	Državni zbor RS	-	Ljubljana	seja državnega zbora	informativno-izobraževalni	osebni stik	Artur-P-G7158	1	153
Artur-P-G7159-P700127	Artur-P-G7159-P700127-avd.wav	Artur-P	Artur-P-G7159-P700127	-	Državni zbor RS	-	Ljubljana	seja državnega zbora	informativno-izobraževalni	osebni stik	Artur-P-G7159	1	58
Artur-P-G7159-P700203	Artur-P-G7159-P700203-avd.wav	Artur-P	Artur-P-G7159-P700203	-	Državni zbor RS	-	Ljubljana	seja državnega zbora	informativno-izobraževalni	osebni stik	Artur-P-G7159	3	82
Artur-P-G7159-P700255	Artur-P-G7159-P700255-avd.wav	Artur-P	Artur-P-G7159-P700255	-	Državni zbor RS	-	Ljubljana	seja državnega zbora	informativno-izobraževalni	osebni stik	Artur-P-G7159	1	108
Artur-P-G7159-P700290	Artur-P-G7159-P700290-avd.wav	Artur-P	Artur-P-G7159-P700290	-	Državni zbor RS	-	Ljubljana	seja državnega zbora	informativno-izobraževalni	osebni stik	Artur-P-G7159	1	117
Artur-P-G7159-P700386	Artur-P-G7159-P700386-avd.wav	Artur-P	Artur-P-G7159-P700386	-	Državni zbor RS	-	Ljubljana	seja državnega zbora	informativno-izobraževalni	osebni stik	Artur-P-G7159	1	129
Artur-P-G7159-P700388	Artur-P-G7159-P700388-avd.wav	Artur-P	Artur-P-G7159-P700388	-	Državni zbor RS	-	Ljubljana	seja državnega zbora	informativno-izobraževalni	osebni stik	Artur-P-G7159	1	13
Artur-P-G7159-P700774	Artur-P-G7159-P700774-avd.wav	Artur-P	Artur-P-G7159-P700774	-	Državni zbor RS	-	Ljubljana	seja državnega zbora	informativno-izobraževalni	osebni stik	Artur-P-G7159	2	36
Artur-P-G7159-P700819	Artur-P-G7159-P700819-avd.wav	Artur-P	Artur-P-G7159-P700819	-	Državni zbor RS	-	Ljubljana	seja državnega zbora	informativno-izobraževalni	osebni stik	Artur-P-G7159	1	77
Artur-P-G7159-P700834	Artur-P-G7159-P700834-avd.wav	Artur-P	Artur-P-G7159-P700834	-	Državni zbor RS	-	Ljubljana	seja državnega zbora	informativno-izobraževalni	osebni stik	Artur-P-G7159	1	92
Artur-P-G7160-P702670	Artur-P-G7160-P702670-avd.wav	Artur-P	Artur-P-G7160-P702670	-	Državni zbor RS	-	Ljubljana	seja državnega zbora	informativno-izobraževalni	osebni stik	Artur-P-G7160	2	61
Artur-P-G7160-P702672	Artur-P-G7160-P702672-avd.wav	Artur-P	Artur-P-G7160-P702672	-	Državni zbor RS	-	Ljubljana	seja državnega zbora	informativno-izobraževalni	osebni stik	Artur-P-G7160	2	36
Artur-P-G7161-P700900	Artur-P-G7161-P700900-avd.wav	Artur-P	Artur-P-G7161-P700900	-	Državni zbor RS	-	Ljubljana	seja državnega zbora	informativno-izobraževalni	osebni stik	Artur-P-G7161	1	215
Artur-P-G7161-P700913	Artur-P-G7161-P700913-avd.wav	Artur-P	Artur-P-G7161-P700913	-	Državni zbor RS	-	Ljubljana	seja državnega zbora	informativno-izobraževalni	osebni stik	Artur-P-G7161	1	70
Artur-P-G7162-P700206	Artur-P-G7162-P700206-avd.wav	Artur-P	Artur-P-G7162-P700206	-	Državni zbor RS	-	Ljubljana	seja državnega zbora	informativno-izobraževalni	osebni stik	Artur-P-G7162	1	41
Artur-P-G7162-P700211	Artur-P-G7162-P700211-avd.wav	Artur-P	Artur-P-G7162-P700211	-	Državni zbor RS	-	Ljubljana	seja državnega zbora	informativno-izobraževalni	osebni stik	Artur-P-G7162	1	117
Artur-P-G7162-P700218	Artur-P-G7162-P700218-avd.wav	Artur-P	Artur-P-G7162-P700218	-	Državni zbor RS	-	Ljubljana	seja državnega zbora	informativno-izobraževalni	osebni stik	Artur-P-G7162	1	50
Artur-P-G7163-P700059	Artur-P-G7163-P700059-avd.wav	Artur-P	Artur-P-G7163-P700059	-	Državni zbor RS	-	Ljubljana	seja državnega zbora	informativno-izobraževalni	osebni stik	Artur-P-G7163	1	36
Artur-P-G7163-P700061	Artur-P-G7163-P700061-avd.wav	Artur-P	Artur-P-G7163-P700061	-	Državni zbor RS	-	Ljubljana	seja državnega zbora	informativno-izobraževalni	osebni stik	Artur-P-G7163	1	33
Artur-P-G7163-P700327	Artur-P-G7163-P700327-avd.wav	Artur-P	Artur-P-G7163-P700327	-	Državni zbor RS	-	Ljubljana	seja državnega zbora	informativno-izobraževalni	osebni stik	Artur-P-G7163	1	90
Artur-P-G7163-P700371	Artur-P-G7163-P700371-avd.wav	Artur-P	Artur-P-G7163-P700371	-	Državni zbor RS	-	Ljubljana	seja državnega zbora	informativno-izobraževalni	osebni stik	Artur-P-G7163	1	5
Artur-P-G7163-P700622	Artur-P-G7163-P700622-avd.wav	Artur-P	Artur-P-G7163-P700622	-	Državni zbor RS	-	Ljubljana	seja državnega zbora	informativno-izobraževalni	osebni stik	Artur-P-G7163	1	70
Artur-P-G7163-P700624	Artur-P-G7163-P700624-avd.wav	Artur-P	Artur-P-G7163-P700624	-	Državni zbor RS	-	Ljubljana	seja državnega zbora	informativno-izobraževalni	osebni stik	Artur-P-G7163	1	52
Artur-P-G7163-P700739	Artur-P-G7163-P700739-avd.wav	Artur-P	Artur-P-G7163-P700739	-	Državni zbor RS	-	Ljubljana	seja državnega zbora	informativno-izobraževalni	osebni stik	Artur-P-G7163	1	44
Artur-P-G7163-P700741	Artur-P-G7163-P700741-avd.wav	Artur-P	Artur-P-G7163-P700741	-	Državni zbor RS	-	Ljubljana	seja državnega zbora	informativno-izobraževalni	osebni stik	Artur-P-G7163	1	36
Artur-P-G7163-P700805	Artur-P-G7163-P700805-avd.wav	Artur-P	Artur-P-G7163-P700805	-	Državni zbor RS	-	Ljubljana	seja državnega zbora	informativno-izobraževalni	osebni stik	Artur-P-G7163	1	84
Artur-P-G7163-P701003	Artur-P-G7163-P701003-avd.wav	Artur-P	Artur-P-G7163-P701003	-	Državni zbor RS	-	Ljubljana	seja državnega zbora	informativno-izobraževalni	osebni stik	Artur-P-G7163	1	69
Artur-P-G7165-P700908	Artur-P-G7165-P700908-avd.wav	Artur-P	Artur-P-G7165-P700908	-	Državni zbor RS	-	Ljubljana	seja državnega zbora	informativno-izobraževalni	osebni stik	Artur-P-G7165	1	121
Artur-P-G7165-P700915	Artur-P-G7165-P700915-avd.wav	Artur-P	Artur-P-G7165-P700915	-	Državni zbor RS	-	Ljubljana	seja državnega zbora	informativno-izobraževalni	osebni stik	Artur-P-G7165	1	90
Artur-P-G7165-P700926	Artur-P-G7165-P700926-avd.wav	Artur-P	Artur-P-G7165-P700926	-	Državni zbor RS	-	Ljubljana	seja državnega zbora	informativno-izobraževalni	osebni stik	Artur-P-G7165	1	419
Artur-P-G7165-P700928	Artur-P-G7165-P700928-avd.wav	Artur-P	Artur-P-G7165-P700928	-	Državni zbor RS	-	Ljubljana	seja državnega zbora	informativno-izobraževalni	osebni stik	Artur-P-G7165	1	12
Artur-P-G7165-P700932	Artur-P-G7165-P700932-avd.wav	Artur-P	Artur-P-G7165-P700932	-	Državni zbor RS	-	Ljubljana	seja državnega zbora	informativno-izobraževalni	osebni stik	Artur-P-G7165	1	19
Artur-P-G7165-P700934	Artur-P-G7165-P700934-avd.wav	Artur-P	Artur-P-G7165-P700934	-	Državni zbor RS	-	Ljubljana	seja državnega zbora	informativno-izobraževalni	osebni stik	Artur-P-G7165	1	11
Artur-P-G7166-P700015	Artur-P-G7166-P700015-avd.wav	Artur-P	Artur-P-G7166-P700015	-	Državni zbor RS	-	Ljubljana	seja državnega zbora	informativno-izobraževalni	osebni stik	Artur-P-G7166	1	32
Artur-P-G7166-P700017	Artur-P-G7166-P700017-avd.wav	Artur-P	Artur-P-G7166-P700017	-	Državni zbor RS	-	Ljubljana	seja državnega zbora	informativno-izobraževalni	osebni stik	Artur-P-G7166	1	28
Artur-P-G7166-P700280	Artur-P-G7166-P700280-avd.wav	Artur-P	Artur-P-G7166-P700280	-	Državni zbor RS	-	Ljubljana	seja državnega zbora	informativno-izobraževalni	osebni stik	Artur-P-G7166	1	228
Artur-P-G7166-P701407	Artur-P-G7166-P701407-avd.wav	Artur-P	Artur-P-G7166-P701407	-	Državni zbor RS	-	Ljubljana	seja državnega zbora	informativno-izobraževalni	osebni stik	Artur-P-G7166	1	64
Artur-P-G7168-P700042	Artur-P-G7168-P700042-avd.wav	Artur-P	Artur-P-G7168-P700042	-	Državni zbor RS	-	Ljubljana	seja državnega zbora	informativno-izobraževalni	osebni stik	Artur-P-G7168	1	43
Artur-P-G7168-P700045	Artur-P-G7168-P700045-avd.wav	Artur-P	Artur-P-G7168-P700045	-	Državni zbor RS	-	Ljubljana	seja državnega zbora	informativno-izobraževalni	osebni stik	Artur-P-G7168	1	46
Artur-P-G7168-P700047	Artur-P-G7168-P700047-avd.wav	Artur-P	Artur-P-G7168-P700047	-	Državni zbor RS	-	Ljubljana	seja državnega zbora	informativno-izobraževalni	osebni stik	Artur-P-G7168	1	31
Artur-P-G7168-P700114	Artur-P-G7168-P700114-avd.wav	Artur-P	Artur-P-G7168-P700114	-	Državni zbor RS	-	Ljubljana	seja državnega zbora	informativno-izobraževalni	osebni stik	Artur-P-G7168	2	72
Artur-P-G7168-P700709	Artur-P-G7168-P700709-avd.wav	Artur-P	Artur-P-G7168-P700709	-	Državni zbor RS	-	Ljubljana	seja državnega zbora	informativno-izobraževalni	osebni stik	Artur-P-G7168	1	50
Artur-P-G7168-P700711	Artur-P-G7168-P700711-avd.wav	Artur-P	Artur-P-G7168-P700711	-	Državni zbor RS	-	Ljubljana	seja državnega zbora	informativno-izobraževalni	osebni stik	Artur-P-G7168	1	52
Artur-P-G7168-P700713	Artur-P-G7168-P700713-avd.wav	Artur-P	Artur-P-G7168-P700713	-	Državni zbor RS	-	Ljubljana	seja državnega zbora	informativno-izobraževalni	osebni stik	Artur-P-G7168	1	54
Artur-P-G7168-P700743	Artur-P-G7168-P700743-avd.wav	Artur-P	Artur-P-G7168-P700743	-	Državni zbor RS	-	Ljubljana	seja državnega zbora	informativno-izobraževalni	osebni stik	Artur-P-G7168	1	49
Artur-P-G7168-P701087	Artur-P-G7168-P701087-avd.wav	Artur-P	Artur-P-G7168-P701087	-	Državni zbor RS	-	Ljubljana	seja državnega zbora	informativno-izobraževalni	osebni stik	Artur-P-G7168	2	254
Artur-P-G7168-P701217	Artur-P-G7168-P701217-avd.wav	Artur-P	Artur-P-G7168-P701217	-	Državni zbor RS	-	Ljubljana	seja državnega zbora	informativno-izobraževalni	osebni stik	Artur-P-G7168	3	42
Artur-P-G7168-P701219	Artur-P-G7168-P701219-avd.wav	Artur-P	Artur-P-G7168-P701219	-	Državni zbor RS	-	Ljubljana	seja državnega zbora	informativno-izobraževalni	osebni stik	Artur-P-G7168	3	31
Artur-P-G7169-P700122	Artur-P-G7169-P700122-avd.wav	Artur-P	Artur-P-G7169-P700122	-	Državni zbor RS	-	Ljubljana	seja državnega zbora	informativno-izobraževalni	osebni stik	Artur-P-G7169	1	105
Artur-P-G7169-P700124	Artur-P-G7169-P700124-avd.wav	Artur-P	Artur-P-G7169-P700124	-	Državni zbor RS	-	Ljubljana	seja državnega zbora	informativno-izobraževalni	osebni stik	Artur-P-G7169	1	54
Artur-P-G7169-P700268	Artur-P-G7169-P700268-avd.wav	Artur-P	Artur-P-G7169-P700268	-	Državni zbor RS	-	Ljubljana	seja državnega zbora	informativno-izobraževalni	osebni stik	Artur-P-G7169	2	116
Artur-P-G7169-P700276	Artur-P-G7169-P700276-avd.wav	Artur-P	Artur-P-G7169-P700276	-	Državni zbor RS	-	Ljubljana	seja državnega zbora	informativno-izobraževalni	osebni stik	Artur-P-G7169	1	113
Artur-P-G7169-P700281	Artur-P-G7169-P700281-avd.wav	Artur-P	Artur-P-G7169-P700281	-	Državni zbor RS	-	Ljubljana	seja državnega zbora	informativno-izobraževalni	osebni stik	Artur-P-G7169	1	316
Artur-P-G7171-P700512	Artur-P-G7171-P700512-avd.wav	Artur-P	Artur-P-G7171-P700512	-	Državni zbor RS	-	Ljubljana	seja državnega zbora	informativno-izobraževalni	osebni stik	Artur-P-G7171	1	155
Artur-P-G7171-P700514	Artur-P-G7171-P700514-avd.wav	Artur-P	Artur-P-G7171-P700514	-	Državni zbor RS	-	Ljubljana	seja državnega zbora	informativno-izobraževalni	osebni stik	Artur-P-G7171	1	4
Artur-P-G7171-P700521	Artur-P-G7171-P700521-avd.wav	Artur-P	Artur-P-G7171-P700521	-	Državni zbor RS	-	Ljubljana	seja državnega zbora	informativno-izobraževalni	osebni stik	Artur-P-G7171	1	20
Artur-P-G7171-P700523	Artur-P-G7171-P700523-avd.wav	Artur-P	Artur-P-G7171-P700523	-	Državni zbor RS	-	Ljubljana	seja državnega zbora	informativno-izobraževalni	osebni stik	Artur-P-G7171	1	6
Artur-P-G7171-P700530	Artur-P-G7171-P700530-avd.wav	Artur-P	Artur-P-G7171-P700530	-	Državni zbor RS	-	Ljubljana	seja državnega zbora	informativno-izobraževalni	osebni stik	Artur-P-G7171	2	186
Artur-P-G7171-P700667	Artur-P-G7171-P700667-avd.wav	Artur-P	Artur-P-G7171-P700667	-	Državni zbor RS	-	Ljubljana	seja državnega zbora	informativno-izobraževalni	osebni stik	Artur-P-G7171	1	79
Artur-P-G7172-P700142	Artur-P-G7172-P700142-avd.wav	Artur-P	Artur-P-G7172-P700142	-	Državni zbor RS	-	Ljubljana	seja državnega zbora	informativno-izobraževalni	osebni stik	Artur-P-G7172	1	80
Artur-P-G7172-P700148	Artur-P-G7172-P700148-avd.wav	Artur-P	Artur-P-G7172-P700148	-	Državni zbor RS	-	Ljubljana	seja državnega zbora	informativno-izobraževalni	osebni stik	Artur-P-G7172	1	40
Artur-P-G7172-P700159	Artur-P-G7172-P700159-avd.wav	Artur-P	Artur-P-G7172-P700159	-	Državni zbor RS	-	Ljubljana	seja državnega zbora	informativno-izobraževalni	osebni stik	Artur-P-G7172	1	107
Artur-P-G7172-P700170	Artur-P-G7172-P700170-avd.wav	Artur-P	Artur-P-G7172-P700170	-	Državni zbor RS	-	Ljubljana	seja državnega zbora	informativno-izobraževalni	osebni stik	Artur-P-G7172	1	79
Artur-P-G7172-P700543	Artur-P-G7172-P700543-avd.wav	Artur-P	Artur-P-G7172-P700543	-	Državni zbor RS	-	Ljubljana	seja državnega zbora	informativno-izobraževalni	osebni stik	Artur-P-G7172	1	97
Artur-P-G7172-P700688	Artur-P-G7172-P700688-avd.wav	Artur-P	Artur-P-G7172-P700688	-	Državni zbor RS	-	Ljubljana	seja državnega zbora	informativno-izobraževalni	osebni stik	Artur-P-G7172	1	44
Artur-P-G7172-P700690	Artur-P-G7172-P700690-avd.wav	Artur-P	Artur-P-G7172-P700690	-	Državni zbor RS	-	Ljubljana	seja državnega zbora	informativno-izobraževalni	osebni stik	Artur-P-G7172	1	9
Artur-P-G7172-P700921	Artur-P-G7172-P700921-avd.wav	Artur-P	Artur-P-G7172-P700921	-	Državni zbor RS	-	Ljubljana	seja državnega zbora	informativno-izobraževalni	osebni stik	Artur-P-G7172	1	111
Artur-P-G7173-P700441	Artur-P-G7173-P700441-avd.wav	Artur-P	Artur-P-G7173-P700441	-	Državni zbor RS	-	Ljubljana	seja državnega zbora	informativno-izobraževalni	osebni stik	Artur-P-G7173	1	137
Artur-P-G7173-P700755	Artur-P-G7173-P700755-avd.wav	Artur-P	Artur-P-G7173-P700755	-	Državni zbor RS	-	Ljubljana	seja državnega zbora	informativno-izobraževalni	osebni stik	Artur-P-G7173	1	66
Artur-P-G7173-P700837	Artur-P-G7173-P700837-avd.wav	Artur-P	Artur-P-G7173-P700837	-	Državni zbor RS	-	Ljubljana	seja državnega zbora	informativno-izobraževalni	osebni stik	Artur-P-G7173	1	88
Artur-P-G7173-P700972	Artur-P-G7173-P700972-avd.wav	Artur-P	Artur-P-G7173-P700972	-	Državni zbor RS	-	Ljubljana	seja državnega zbora	informativno-izobraževalni	osebni stik	Artur-P-G7173	1	108
Artur-P-G7173-P700974	Artur-P-G7173-P700974-avd.wav	Artur-P	Artur-P-G7173-P700974	-	Državni zbor RS	-	Ljubljana	seja državnega zbora	informativno-izobraževalni	osebni stik	Artur-P-G7173	1	5
Artur-P-G7173-P700979	Artur-P-G7173-P700979-avd.wav	Artur-P	Artur-P-G7173-P700979	-	Državni zbor RS	-	Ljubljana	seja državnega zbora	informativno-izobraževalni	osebni stik	Artur-P-G7173	1	4
Artur-P-G7173-P701377	Artur-P-G7173-P701377-avd.wav	Artur-P	Artur-P-G7173-P701377	-	Državni zbor RS	-	Ljubljana	seja državnega zbora	informativno-izobraževalni	osebni stik	Artur-P-G7173	1	46
Artur-P-G7173-P701727	Artur-P-G7173-P701727-avd.wav	Artur-P	Artur-P-G7173-P701727	-	Državni zbor RS	-	Ljubljana	seja državnega zbora	informativno-izobraževalni	osebni stik	Artur-P-G7173	1	134
Artur-P-G7173-P702370	Artur-P-G7173-P702370-avd.wav	Artur-P	Artur-P-G7173-P702370	-	Državni zbor RS	-	Ljubljana	seja državnega zbora	informativno-izobraževalni	osebni stik	Artur-P-G7173	2	90
Artur-P-G7173-P704212	Artur-P-G7173-P704212-avd.wav	Artur-P	Artur-P-G7173-P704212	-	Državni zbor RS	-	Ljubljana	seja državnega zbora	informativno-izobraževalni	osebni stik	Artur-P-G7173	1	39
Artur-P-G7174-P703542	Artur-P-G7174-P703542-avd.wav	Artur-P	Artur-P-G7174-P703542	-	Državni zbor RS	-	Ljubljana	seja državnega zbora	informativno-izobraževalni	osebni stik	Artur-P-G7174	1	35
Artur-P-G7174-P703544	Artur-P-G7174-P703544-avd.wav	Artur-P	Artur-P-G7174-P703544	-	Državni zbor RS	-	Ljubljana	seja državnega zbora	informativno-izobraževalni	osebni stik	Artur-P-G7174	1	25
Artur-P-G7174-P703638	Artur-P-G7174-P703638-avd.wav	Artur-P	Artur-P-G7174-P703638	-	Državni zbor RS	-	Ljubljana	seja državnega zbora	informativno-izobraževalni	osebni stik	Artur-P-G7174	1	294
Artur-P-G7174-P703648	Artur-P-G7174-P703648-avd.wav	Artur-P	Artur-P-G7174-P703648	-	Državni zbor RS	-	Ljubljana	seja državnega zbora	informativno-izobraževalni	osebni stik	Artur-P-G7174	1	1
Artur-P-G7174-P703651	Artur-P-G7174-P703651-avd.wav	Artur-P	Artur-P-G7174-P703651	-	Državni zbor RS	-	Ljubljana	seja državnega zbora	informativno-izobraževalni	osebni stik	Artur-P-G7174	1	112
Artur-P-G7174-P703693	Artur-P-G7174-P703693-avd.wav	Artur-P	Artur-P-G7174-P703693	-	Državni zbor RS	-	Ljubljana	seja državnega zbora	informativno-izobraževalni	osebni stik	Artur-P-G7174	1	55
Artur-P-G7176-P705578	Artur-P-G7176-P705578-avd.wav	Artur-P	Artur-P-G7176-P705578	-	Državni zbor RS	-	Ljubljana	seja državnega zbora	informativno-izobraževalni	osebni stik	Artur-P-G7176	1	173
Artur-P-G7177-P705407	Artur-P-G7177-P705407-avd.wav	Artur-P	Artur-P-G7177-P705407	-	Državni zbor RS	-	Ljubljana	seja državnega zbora	informativno-izobraževalni	osebni stik	Artur-P-G7177	1	219
Artur-P-G7178-P700064	Artur-P-G7178-P700064-avd.wav	Artur-P	Artur-P-G7178-P700064	-	Državni zbor RS	-	Ljubljana	seja državnega zbora	informativno-izobraževalni	osebni stik	Artur-P-G7178	1	54
Artur-P-G7178-P700066	Artur-P-G7178-P700066-avd.wav	Artur-P	Artur-P-G7178-P700066	-	Državni zbor RS	-	Ljubljana	seja državnega zbora	informativno-izobraževalni	osebni stik	Artur-P-G7178	1	22
Artur-P-G7178-P700248	Artur-P-G7178-P700248-avd.wav	Artur-P	Artur-P-G7178-P700248	-	Državni zbor RS	-	Ljubljana	seja državnega zbora	informativno-izobraževalni	osebni stik	Artur-P-G7178	1	344
Artur-P-G7178-P700250	Artur-P-G7178-P700250-avd.wav	Artur-P	Artur-P-G7178-P700250	-	Državni zbor RS	-	Ljubljana	seja državnega zbora	informativno-izobraževalni	osebni stik	Artur-P-G7178	1	60
Artur-P-G7178-P700256	Artur-P-G7178-P700256-avd.wav	Artur-P	Artur-P-G7178-P700256	-	Državni zbor RS	-	Ljubljana	seja državnega zbora	informativno-izobraževalni	osebni stik	Artur-P-G7178	2	191
Artur-P-G7179-P700428	Artur-P-G7179-P700428-avd.wav	Artur-P	Artur-P-G7179-P700428	-	Državni zbor RS	-	Ljubljana	seja državnega zbora	informativno-izobraževalni	osebni stik	Artur-P-G7179	1	37
Artur-P-G7179-P700751	Artur-P-G7179-P700751-avd.wav	Artur-P	Artur-P-G7179-P700751	-	Državni zbor RS	-	Ljubljana	seja državnega zbora	informativno-izobraževalni	osebni stik	Artur-P-G7179	1	54
Artur-P-G7179-P700776	Artur-P-G7179-P700776-avd.wav	Artur-P	Artur-P-G7179-P700776	-	Državni zbor RS	-	Ljubljana	seja državnega zbora	informativno-izobraževalni	osebni stik	Artur-P-G7179	2	715
Artur-P-G7180-P700541	Artur-P-G7180-P700541-avd.wav	Artur-P	Artur-P-G7180-P700541	-	Državni zbor RS	-	Ljubljana	seja državnega zbora	informativno-izobraževalni	osebni stik	Artur-P-G7180	1	30
Artur-P-G7180-P700919	Artur-P-G7180-P700919-avd.wav	Artur-P	Artur-P-G7180-P700919	-	Državni zbor RS	-	Ljubljana	seja državnega zbora	informativno-izobraževalni	osebni stik	Artur-P-G7180	1	38
Artur-P-G7180-P701384	Artur-P-G7180-P701384-avd.wav	Artur-P	Artur-P-G7180-P701384	-	Državni zbor RS	-	Ljubljana	seja državnega zbora	informativno-izobraževalni	osebni stik	Artur-P-G7180	1	20
Artur-P-G7180-P701561	Artur-P-G7180-P701561-avd.wav	Artur-P	Artur-P-G7180-P701561	-	Državni zbor RS	-	Ljubljana	seja državnega zbora	informativno-izobraževalni	osebni stik	Artur-P-G7180	1	52
Artur-P-G7180-P701593	Artur-P-G7180-P701593-avd.wav	Artur-P	Artur-P-G7180-P701593	-	Državni zbor RS	-	Ljubljana	seja državnega zbora	informativno-izobraževalni	osebni stik	Artur-P-G7180	1	52
Artur-P-G7180-P701800	Artur-P-G7180-P701800-avd.wav	Artur-P	Artur-P-G7180-P701800	-	Državni zbor RS	-	Ljubljana	seja državnega zbora	informativno-izobraževalni	osebni stik	Artur-P-G7180	2	42
Artur-P-G7180-P702332	Artur-P-G7180-P702332-avd.wav	Artur-P	Artur-P-G7180-P702332	-	Državni zbor RS	-	Ljubljana	seja državnega zbora	informativno-izobraževalni	osebni stik	Artur-P-G7180	1	46
Artur-P-G7180-P703639	Artur-P-G7180-P703639-avd.wav	Artur-P	Artur-P-G7180-P703639	-	Državni zbor RS	-	Ljubljana	seja državnega zbora	informativno-izobraževalni	osebni stik	Artur-P-G7180	1	61
Artur-P-G7181-P700228	Artur-P-G7181-P700228-avd.wav	Artur-P	Artur-P-G7181-P700228	-	Državni zbor RS	-	Ljubljana	seja državnega zbora	informativno-izobraževalni	osebni stik	Artur-P-G7181	1	51
Artur-P-G7181-P701523	Artur-P-G7181-P701523-avd.wav	Artur-P	Artur-P-G7181-P701523	-	Državni zbor RS	-	Ljubljana	seja državnega zbora	informativno-izobraževalni	osebni stik	Artur-P-G7181	1	45
Artur-P-G7181-P701959	Artur-P-G7181-P701959-avd.wav	Artur-P	Artur-P-G7181-P701959	-	Državni zbor RS	-	Ljubljana	seja državnega zbora	informativno-izobraževalni	osebni stik	Artur-P-G7181	1	44
Artur-P-G7181-P701962	Artur-P-G7181-P701962-avd.wav	Artur-P	Artur-P-G7181-P701962	-	Državni zbor RS	-	Ljubljana	seja državnega zbora	informativno-izobraževalni	osebni stik	Artur-P-G7181	1	11
Artur-P-G7181-P701965	Artur-P-G7181-P701965-avd.wav	Artur-P	Artur-P-G7181-P701965	-	Državni zbor RS	-	Ljubljana	seja državnega zbora	informativno-izobraževalni	osebni stik	Artur-P-G7181	1	52
Artur-P-G7181-P701967	Artur-P-G7181-P701967-avd.wav	Artur-P	Artur-P-G7181-P701967	-	Državni zbor RS	-	Ljubljana	seja državnega zbora	informativno-izobraževalni	osebni stik	Artur-P-G7181	1	72
Artur-P-G7181-P701981	Artur-P-G7181-P701981-avd.wav	Artur-P	Artur-P-G7181-P701981	-	Državni zbor RS	-	Ljubljana	seja državnega zbora	informativno-izobraževalni	osebni stik	Artur-P-G7181	1	78
Artur-P-G7181-P701983	Artur-P-G7181-P701983-avd.wav	Artur-P	Artur-P-G7181-P701983	-	Državni zbor RS	-	Ljubljana	seja državnega zbora	informativno-izobraževalni	osebni stik	Artur-P-G7181	1	34
Artur-P-G7181-P701985	Artur-P-G7181-P701985-avd.wav	Artur-P	Artur-P-G7181-P701985	-	Državni zbor RS	-	Ljubljana	seja državnega zbora	informativno-izobraževalni	osebni stik	Artur-P-G7181	1	26
Artur-P-G7181-P701995	Artur-P-G7181-P701995-avd.wav	Artur-P	Artur-P-G7181-P701995	-	Državni zbor RS	-	Ljubljana	seja državnega zbora	informativno-izobraževalni	osebni stik	Artur-P-G7181	1	51
Artur-P-G7183-P700525	Artur-P-G7183-P700525-avd.wav	Artur-P	Artur-P-G7183-P700525	-	Državni zbor RS	-	Ljubljana	seja državnega zbora	informativno-izobraževalni	osebni stik	Artur-P-G7183	1	236
Artur-P-G7183-P700529	Artur-P-G7183-P700529-avd.wav	Artur-P	Artur-P-G7183-P700529	-	Državni zbor RS	-	Ljubljana	seja državnega zbora	informativno-izobraževalni	osebni stik	Artur-P-G7183	2	175
Artur-P-G7183-P700532	Artur-P-G7183-P700532-avd.wav	Artur-P	Artur-P-G7183-P700532	-	Državni zbor RS	-	Ljubljana	seja državnega zbora	informativno-izobraževalni	osebni stik	Artur-P-G7183	2	23
Artur-P-G7183-P700779	Artur-P-G7183-P700779-avd.wav	Artur-P	Artur-P-G7183-P700779	-	Državni zbor RS	-	Ljubljana	seja državnega zbora	informativno-izobraževalni	osebni stik	Artur-P-G7183	2	207
Artur-P-G7183-P701158	Artur-P-G7183-P701158-avd.wav	Artur-P	Artur-P-G7183-P701158	-	Državni zbor RS	-	Ljubljana	seja državnega zbora	informativno-izobraževalni	osebni stik	Artur-P-G7183	1	71
Artur-P-G7185-P700361	Artur-P-G7185-P700361-avd.wav	Artur-P	Artur-P-G7185-P700361	-	Državni zbor RS	-	Ljubljana	seja državnega zbora	informativno-izobraževalni	osebni stik	Artur-P-G7185	2	127
Artur-P-G7185-P700493	Artur-P-G7185-P700493-avd.wav	Artur-P	Artur-P-G7185-P700493	-	Državni zbor RS	-	Ljubljana	seja državnega zbora	informativno-izobraževalni	osebni stik	Artur-P-G7185	1	130
Artur-P-G7185-P700505	Artur-P-G7185-P700505-avd.wav	Artur-P	Artur-P-G7185-P700505	-	Državni zbor RS	-	Ljubljana	seja državnega zbora	informativno-izobraževalni	osebni stik	Artur-P-G7185	1	306
Artur-P-G7185-P700507	Artur-P-G7185-P700507-avd.wav	Artur-P	Artur-P-G7185-P700507	-	Državni zbor RS	-	Ljubljana	seja državnega zbora	informativno-izobraževalni	osebni stik	Artur-P-G7185	1	37
Artur-P-G7185-P700509	Artur-P-G7185-P700509-avd.wav	Artur-P	Artur-P-G7185-P700509	-	Državni zbor RS	-	Ljubljana	seja državnega zbora	informativno-izobraževalni	osebni stik	Artur-P-G7185	1	12
Artur-P-G7187-P701954	Artur-P-G7187-P701954-avd.wav	Artur-P	Artur-P-G7187-P701954	-	Državni zbor RS	-	Ljubljana	seja državnega zbora	informativno-izobraževalni	osebni stik	Artur-P-G7187	1	121
Artur-P-G7187-P701956	Artur-P-G7187-P701956-avd.wav	Artur-P	Artur-P-G7187-P701956	-	Državni zbor RS	-	Ljubljana	seja državnega zbora	informativno-izobraževalni	osebni stik	Artur-P-G7187	1	83
Artur-P-G7187-P701988	Artur-P-G7187-P701988-avd.wav	Artur-P	Artur-P-G7187-P701988	-	Državni zbor RS	-	Ljubljana	seja državnega zbora	informativno-izobraževalni	osebni stik	Artur-P-G7187	1	44
Artur-P-G7187-P701991	Artur-P-G7187-P701991-avd.wav	Artur-P	Artur-P-G7187-P701991	-	Državni zbor RS	-	Ljubljana	seja državnega zbora	informativno-izobraževalni	osebni stik	Artur-P-G7187	1	15
Artur-P-G7188-P700002	Artur-P-G7188-P700002-avd.wav	Artur-P	Artur-P-G7188-P700002	-	Državni zbor RS	-	Ljubljana	seja državnega zbora	informativno-izobraževalni	osebni stik	Artur-P-G7188	1	80
Artur-P-G7188-P700004	Artur-P-G7188-P700004-avd.wav	Artur-P	Artur-P-G7188-P700004	-	Državni zbor RS	-	Ljubljana	seja državnega zbora	informativno-izobraževalni	osebni stik	Artur-P-G7188	1	48
Artur-P-G7188-P700007	Artur-P-G7188-P700007-avd.wav	Artur-P	Artur-P-G7188-P700007	-	Državni zbor RS	-	Ljubljana	seja državnega zbora	informativno-izobraževalni	osebni stik	Artur-P-G7188	1	75
Artur-P-G7188-P700009	Artur-P-G7188-P700009-avd.wav	Artur-P	Artur-P-G7188-P700009	-	Državni zbor RS	-	Ljubljana	seja državnega zbora	informativno-izobraževalni	osebni stik	Artur-P-G7188	1	30
Artur-P-G7188-P700012	Artur-P-G7188-P700012-avd.wav	Artur-P	Artur-P-G7188-P700012	-	Državni zbor RS	-	Ljubljana	seja državnega zbora	informativno-izobraževalni	osebni stik	Artur-P-G7188	1	52
Artur-P-G7188-P700014	Artur-P-G7188-P700014-avd.wav	Artur-P	Artur-P-G7188-P700014	-	Državni zbor RS	-	Ljubljana	seja državnega zbora	informativno-izobraževalni	osebni stik	Artur-P-G7188	1	8
Artur-P-G7188-P700016	Artur-P-G7188-P700016-avd.wav	Artur-P	Artur-P-G7188-P700016	-	Državni zbor RS	-	Ljubljana	seja državnega zbora	informativno-izobraževalni	osebni stik	Artur-P-G7188	1	44
Artur-P-G7188-P700018	Artur-P-G7188-P700018-avd.wav	Artur-P	Artur-P-G7188-P700018	-	Državni zbor RS	-	Ljubljana	seja državnega zbora	informativno-izobraževalni	osebni stik	Artur-P-G7188	2	28
Artur-P-G7188-P700020	Artur-P-G7188-P700020-avd.wav	Artur-P	Artur-P-G7188-P700020	-	Državni zbor RS	-	Ljubljana	seja državnega zbora	informativno-izobraževalni	osebni stik	Artur-P-G7188	2	84
Artur-P-G7188-P700579	Artur-P-G7188-P700579-avd.wav	Artur-P	Artur-P-G7188-P700579	-	Državni zbor RS	-	Ljubljana	seja državnega zbora	informativno-izobraževalni	osebni stik	Artur-P-G7188	1	80
Artur-P-G7189-P700210	Artur-P-G7189-P700210-avd.wav	Artur-P	Artur-P-G7189-P700210	-	Državni zbor RS	-	Ljubljana	seja državnega zbora	informativno-izobraževalni	osebni stik	Artur-P-G7189	1	36
Artur-P-G7189-P700224	Artur-P-G7189-P700224-avd.wav	Artur-P	Artur-P-G7189-P700224	-	Državni zbor RS	-	Ljubljana	seja državnega zbora	informativno-izobraževalni	osebni stik	Artur-P-G7189	1	38
Artur-P-G7190-P700165	Artur-P-G7190-P700165-avd.wav	Artur-P	Artur-P-G7190-P700165	-	Državni zbor RS	-	Ljubljana	seja državnega zbora	informativno-izobraževalni	osebni stik	Artur-P-G7190	1	92
Artur-P-G7190-P700362	Artur-P-G7190-P700362-avd.wav	Artur-P	Artur-P-G7190-P700362	-	Državni zbor RS	-	Ljubljana	seja državnega zbora	informativno-izobraževalni	osebni stik	Artur-P-G7190	1	225
Artur-P-G7190-P700374	Artur-P-G7190-P700374-avd.wav	Artur-P	Artur-P-G7190-P700374	-	Državni zbor RS	-	Ljubljana	seja državnega zbora	informativno-izobraževalni	osebni stik	Artur-P-G7190	1	188
Artur-P-G7191-P700011	Artur-P-G7191-P700011-avd.wav	Artur-P	Artur-P-G7191-P700011	-	Državni zbor RS	-	Ljubljana	seja državnega zbora	informativno-izobraževalni	osebni stik	Artur-P-G7191	1	52
Artur-P-G7191-P700013	Artur-P-G7191-P700013-avd.wav	Artur-P	Artur-P-G7191-P700013	-	Državni zbor RS	-	Ljubljana	seja državnega zbora	informativno-izobraževalni	osebni stik	Artur-P-G7191	1	37
Artur-P-G7191-P700109	Artur-P-G7191-P700109-avd.wav	Artur-P	Artur-P-G7191-P700109	-	Državni zbor RS	-	Ljubljana	seja državnega zbora	informativno-izobraževalni	osebni stik	Artur-P-G7191	1	28
Artur-P-G7191-P700229	Artur-P-G7191-P700229-avd.wav	Artur-P	Artur-P-G7191-P700229	-	Državni zbor RS	-	Ljubljana	seja državnega zbora	informativno-izobraževalni	osebni stik	Artur-P-G7191	1	13
Artur-P-G7191-P700316	Artur-P-G7191-P700316-avd.wav	Artur-P	Artur-P-G7191-P700316	-	Državni zbor RS	-	Ljubljana	seja državnega zbora	informativno-izobraževalni	osebni stik	Artur-P-G7191	1	21
Artur-P-G7191-P700349	Artur-P-G7191-P700349-avd.wav	Artur-P	Artur-P-G7191-P700349	-	Državni zbor RS	-	Ljubljana	seja državnega zbora	informativno-izobraževalni	osebni stik	Artur-P-G7191	7	14
Artur-P-G7191-P700439	Artur-P-G7191-P700439-avd.wav	Artur-P	Artur-P-G7191-P700439	-	Državni zbor RS	-	Ljubljana	seja državnega zbora	informativno-izobraževalni	osebni stik	Artur-P-G7191	1	92
Artur-P-G7191-P700447	Artur-P-G7191-P700447-avd.wav	Artur-P	Artur-P-G7191-P700447	-	Državni zbor RS	-	Ljubljana	seja državnega zbora	informativno-izobraževalni	osebni stik	Artur-P-G7191	15	157
Artur-P-G7191-P700495	Artur-P-G7191-P700495-avd.wav	Artur-P	Artur-P-G7191-P700495	-	Državni zbor RS	-	Ljubljana	seja državnega zbora	informativno-izobraževalni	osebni stik	Artur-P-G7191	1	33
Artur-P-G7191-P700561	Artur-P-G7191-P700561-avd.wav	Artur-P	Artur-P-G7191-P700561	-	Državni zbor RS	-	Ljubljana	seja državnega zbora	informativno-izobraževalni	osebni stik	Artur-P-G7191	1	66
Artur-P-G7191-P700571	Artur-P-G7191-P700571-avd.wav	Artur-P	Artur-P-G7191-P700571	-	Državni zbor RS	-	Ljubljana	seja državnega zbora	informativno-izobraževalni	osebni stik	Artur-P-G7191	1	30
Artur-P-G7191-P700692	Artur-P-G7191-P700692-avd.wav	Artur-P	Artur-P-G7191-P700692	-	Državni zbor RS	-	Ljubljana	seja državnega zbora	informativno-izobraževalni	osebni stik	Artur-P-G7191	1	48
Artur-P-G7192-P705401	Artur-P-G7192-P705401-avd.wav	Artur-P	Artur-P-G7192-P705401	-	Državni zbor RS	-	Ljubljana	seja državnega zbora	informativno-izobraževalni	osebni stik	Artur-P-G7192	1	153
Artur-P-G7195-P701510	Artur-P-G7195-P701510-avd.wav	Artur-P	Artur-P-G7195-P701510	-	Državni zbor RS	-	Ljubljana	seja državnega zbora	informativno-izobraževalni	osebni stik	Artur-P-G7195	5	34
Artur-P-G7195-P701514	Artur-P-G7195-P701514-avd.wav	Artur-P	Artur-P-G7195-P701514	-	Državni zbor RS	-	Ljubljana	seja državnega zbora	informativno-izobraževalni	osebni stik	Artur-P-G7195	3	18
Artur-P-G7195-P701516	Artur-P-G7195-P701516-avd.wav	Artur-P	Artur-P-G7195-P701516	-	Državni zbor RS	-	Ljubljana	seja državnega zbora	informativno-izobraževalni	osebni stik	Artur-P-G7195	1	20
Artur-P-G7195-P701518	Artur-P-G7195-P701518-avd.wav	Artur-P	Artur-P-G7195-P701518	-	Državni zbor RS	-	Ljubljana	seja državnega zbora	informativno-izobraževalni	osebni stik	Artur-P-G7195	1	102
Artur-P-G7196-P700427	Artur-P-G7196-P700427-avd.wav	Artur-P	Artur-P-G7196-P700427	-	Državni zbor RS	-	Ljubljana	seja državnega zbora	informativno-izobraževalni	osebni stik	Artur-P-G7196	1	55
Artur-P-G7197-P700569	Artur-P-G7197-P700569-avd.wav	Artur-P	Artur-P-G7197-P700569	-	Državni zbor RS	-	Ljubljana	seja državnega zbora	informativno-izobraževalni	osebni stik	Artur-P-G7197	1	76
Artur-P-G7197-P700696	Artur-P-G7197-P700696-avd.wav	Artur-P	Artur-P-G7197-P700696	-	Državni zbor RS	-	Ljubljana	seja državnega zbora	informativno-izobraževalni	osebni stik	Artur-P-G7197	1	49
Artur-P-G7197-P700698	Artur-P-G7197-P700698-avd.wav	Artur-P	Artur-P-G7197-P700698	-	Državni zbor RS	-	Ljubljana	seja državnega zbora	informativno-izobraževalni	osebni stik	Artur-P-G7197	1	23
Artur-P-G7197-P700907	Artur-P-G7197-P700907-avd.wav	Artur-P	Artur-P-G7197-P700907	-	Državni zbor RS	-	Ljubljana	seja državnega zbora	informativno-izobraževalni	osebni stik	Artur-P-G7197	1	91
Artur-P-G7197-P700953	Artur-P-G7197-P700953-avd.wav	Artur-P	Artur-P-G7197-P700953	-	Državni zbor RS	-	Ljubljana	seja državnega zbora	informativno-izobraževalni	osebni stik	Artur-P-G7197	1	119
Artur-P-G7198-P703443	Artur-P-G7198-P703443-avd.wav	Artur-P	Artur-P-G7198-P703443	-	Državni zbor RS	-	Ljubljana	seja državnega zbora	informativno-izobraževalni	osebni stik	Artur-P-G7198	1	27
Artur-P-G7198-P703445	Artur-P-G7198-P703445-avd.wav	Artur-P	Artur-P-G7198-P703445	-	Državni zbor RS	-	Ljubljana	seja državnega zbora	informativno-izobraževalni	osebni stik	Artur-P-G7198	1	10
Artur-P-G7198-P703589	Artur-P-G7198-P703589-avd.wav	Artur-P	Artur-P-G7198-P703589	-	Državni zbor RS	-	Ljubljana	seja državnega zbora	informativno-izobraževalni	osebni stik	Artur-P-G7198	1	42
Artur-P-G7198-P703699	Artur-P-G7198-P703699-avd.wav	Artur-P	Artur-P-G7198-P703699	-	Državni zbor RS	-	Ljubljana	seja državnega zbora	informativno-izobraževalni	osebni stik	Artur-P-G7198	1	23
Artur-P-G7198-P703863	Artur-P-G7198-P703863-avd.wav	Artur-P	Artur-P-G7198-P703863	-	Državni zbor RS	-	Ljubljana	seja državnega zbora	informativno-izobraževalni	osebni stik	Artur-P-G7198	2	61
Artur-P-G7198-P704242	Artur-P-G7198-P704242-avd.wav	Artur-P	Artur-P-G7198-P704242	-	Državni zbor RS	-	Ljubljana	seja državnega zbora	informativno-izobraževalni	osebni stik	Artur-P-G7198	1	49
Artur-P-G7198-P704632	Artur-P-G7198-P704632-avd.wav	Artur-P	Artur-P-G7198-P704632	-	Državni zbor RS	-	Ljubljana	seja državnega zbora	informativno-izobraževalni	osebni stik	Artur-P-G7198	1	104
Artur-P-G7198-P704900	Artur-P-G7198-P704900-avd.wav	Artur-P	Artur-P-G7198-P704900	-	Državni zbor RS	-	Ljubljana	seja državnega zbora	informativno-izobraževalni	osebni stik	Artur-P-G7198	1	35
Artur-P-G7198-P704902	Artur-P-G7198-P704902-avd.wav	Artur-P	Artur-P-G7198-P704902	-	Državni zbor RS	-	Ljubljana	seja državnega zbora	informativno-izobraževalni	osebni stik	Artur-P-G7198	1	5
Artur-P-G7198-P705193	Artur-P-G7198-P705193-avd.wav	Artur-P	Artur-P-G7198-P705193	-	Državni zbor RS	-	Ljubljana	seja državnega zbora	informativno-izobraževalni	osebni stik	Artur-P-G7198	1	115
Artur-P-G7199-P705145	Artur-P-G7199-P705145-avd.wav	Artur-P	Artur-P-G7199-P705145	-	Državni zbor RS	-	Ljubljana	seja državnega zbora	informativno-izobraževalni	osebni stik	Artur-P-G7199	3	95
Artur-P-G7199-P705148	Artur-P-G7199-P705148-avd.wav	Artur-P	Artur-P-G7199-P705148	-	Državni zbor RS	-	Ljubljana	seja državnega zbora	informativno-izobraževalni	osebni stik	Artur-P-G7199	1	40
Artur-P-G7200-P700402	Artur-P-G7200-P700402-avd.wav	Artur-P	Artur-P-G7200-P700402	-	Državni zbor RS	-	Ljubljana	seja državnega zbora	informativno-izobraževalni	osebni stik	Artur-P-G7200	1	211
Artur-P-G7200-P700485	Artur-P-G7200-P700485-avd.wav	Artur-P	Artur-P-G7200-P700485	-	Državni zbor RS	-	Ljubljana	seja državnega zbora	informativno-izobraževalni	osebni stik	Artur-P-G7200	3	69
Artur-P-G7200-P700487	Artur-P-G7200-P700487-avd.wav	Artur-P	Artur-P-G7200-P700487	-	Državni zbor RS	-	Ljubljana	seja državnega zbora	informativno-izobraževalni	osebni stik	Artur-P-G7200	1	5
Artur-P-G7200-P700635	Artur-P-G7200-P700635-avd.wav	Artur-P	Artur-P-G7200-P700635	-	Državni zbor RS	-	Ljubljana	seja državnega zbora	informativno-izobraževalni	osebni stik	Artur-P-G7200	1	76
Artur-P-G7200-P700637	Artur-P-G7200-P700637-avd.wav	Artur-P	Artur-P-G7200-P700637	-	Državni zbor RS	-	Ljubljana	seja državnega zbora	informativno-izobraževalni	osebni stik	Artur-P-G7200	1	40
Artur-P-G7200-P700791	Artur-P-G7200-P700791-avd.wav	Artur-P	Artur-P-G7200-P700791	-	Državni zbor RS	-	Ljubljana	seja državnega zbora	informativno-izobraževalni	osebni stik	Artur-P-G7200	1	72
Artur-P-G7200-P703896	Artur-P-G7200-P703896-avd.wav	Artur-P	Artur-P-G7200-P703896	-	Državni zbor RS	-	Ljubljana	seja državnega zbora	informativno-izobraževalni	osebni stik	Artur-P-G7200	2	55
Artur-P-G7200-P703898	Artur-P-G7200-P703898-avd.wav	Artur-P	Artur-P-G7200-P703898	-	Državni zbor RS	-	Ljubljana	seja državnega zbora	informativno-izobraževalni	osebni stik	Artur-P-G7200	2	58
Artur-P-G7200-P703900	Artur-P-G7200-P703900-avd.wav	Artur-P	Artur-P-G7200-P703900	-	Državni zbor RS	-	Ljubljana	seja državnega zbora	informativno-izobraževalni	osebni stik	Artur-P-G7200	1	4
Artur-P-G7201-P700182	Artur-P-G7201-P700182-avd.wav	Artur-P	Artur-P-G7201-P700182	-	Državni zbor RS	-	Ljubljana	seja državnega zbora	informativno-izobraževalni	osebni stik	Artur-P-G7201	1	129
Artur-P-G7201-P701412	Artur-P-G7201-P701412-avd.wav	Artur-P	Artur-P-G7201-P701412	-	Državni zbor RS	-	Ljubljana	seja državnega zbora	informativno-izobraževalni	osebni stik	Artur-P-G7201	1	105
Artur-P-G7201-P701589	Artur-P-G7201-P701589-avd.wav	Artur-P	Artur-P-G7201-P701589	-	Državni zbor RS	-	Ljubljana	seja državnega zbora	informativno-izobraževalni	osebni stik	Artur-P-G7201	1	99
Artur-P-G7202-P705471	Artur-P-G7202-P705471-avd.wav	Artur-P	Artur-P-G7202-P705471	-	Državni zbor RS	-	Ljubljana	seja državnega zbora	informativno-izobraževalni	osebni stik	Artur-P-G7202	1	171
Artur-P-G7202-P708031	Artur-P-G7202-P708031-avd.wav	Artur-P	Artur-P-G7202-P708031	-	Državni zbor RS	-	Ljubljana	seja državnega zbora	informativno-izobraževalni	osebni stik	Artur-P-G7202	2	108
Artur-P-G7203-P700132	Artur-P-G7203-P700132-avd.wav	Artur-P	Artur-P-G7203-P700132	-	Državni zbor RS	-	Ljubljana	seja državnega zbora	informativno-izobraževalni	osebni stik	Artur-P-G7203	1	75
Artur-P-G7203-P700186	Artur-P-G7203-P700186-avd.wav	Artur-P	Artur-P-G7203-P700186	-	Državni zbor RS	-	Ljubljana	seja državnega zbora	informativno-izobraževalni	osebni stik	Artur-P-G7203	1	177
Artur-P-G7203-P700202	Artur-P-G7203-P700202-avd.wav	Artur-P	Artur-P-G7203-P700202	-	Državni zbor RS	-	Ljubljana	seja državnega zbora	informativno-izobraževalni	osebni stik	Artur-P-G7203	1	72
Artur-P-G7203-P700257	Artur-P-G7203-P700257-avd.wav	Artur-P	Artur-P-G7203-P700257	-	Državni zbor RS	-	Ljubljana	seja državnega zbora	informativno-izobraževalni	osebni stik	Artur-P-G7203	2	121
Artur-P-G7203-P700295	Artur-P-G7203-P700295-avd.wav	Artur-P	Artur-P-G7203-P700295	-	Državni zbor RS	-	Ljubljana	seja državnega zbora	informativno-izobraževalni	osebni stik	Artur-P-G7203	3	55
Artur-P-G7203-P700297	Artur-P-G7203-P700297-avd.wav	Artur-P	Artur-P-G7203-P700297	-	Državni zbor RS	-	Ljubljana	seja državnega zbora	informativno-izobraževalni	osebni stik	Artur-P-G7203	1	11
Artur-P-G7203-P700824	Artur-P-G7203-P700824-avd.wav	Artur-P	Artur-P-G7203-P700824	-	Državni zbor RS	-	Ljubljana	seja državnega zbora	informativno-izobraževalni	osebni stik	Artur-P-G7203	1	100
